-- MySQL dump 10.13  Distrib 8.0.43, for Win64 (x86_64)
--
-- Host: localhost    Database: fai_db_sandbox
-- ------------------------------------------------------
-- Server version	8.0.42

/*!40101 SET @OLD_CHARACTER_SET_CLIENT=@@CHARACTER_SET_CLIENT */;
/*!40101 SET @OLD_CHARACTER_SET_RESULTS=@@CHARACTER_SET_RESULTS */;
/*!40101 SET @OLD_COLLATION_CONNECTION=@@COLLATION_CONNECTION */;
/*!50503 SET NAMES utf8mb4 */;
/*!40103 SET @OLD_TIME_ZONE=@@TIME_ZONE */;
/*!40103 SET TIME_ZONE='+00:00' */;
/*!40014 SET @OLD_UNIQUE_CHECKS=@@UNIQUE_CHECKS, UNIQUE_CHECKS=0 */;
/*!40014 SET @OLD_FOREIGN_KEY_CHECKS=@@FOREIGN_KEY_CHECKS, FOREIGN_KEY_CHECKS=0 */;
/*!40101 SET @OLD_SQL_MODE=@@SQL_MODE, SQL_MODE='NO_AUTO_VALUE_ON_ZERO' */;
/*!40111 SET @OLD_SQL_NOTES=@@SQL_NOTES, SQL_NOTES=0 */;

--
-- Table structure for table `certificates`
--

DROP TABLE IF EXISTS `certificates`;
/*!40101 SET @saved_cs_client     = @@character_set_client */;
/*!50503 SET character_set_client = utf8mb4 */;
CREATE TABLE `certificates` (
  `id` int NOT NULL AUTO_INCREMENT,
  `gauge_id` int NOT NULL,
  `dropbox_path` varchar(500) COLLATE utf8mb4_unicode_ci NOT NULL,
  `custom_name` varchar(255) COLLATE utf8mb4_unicode_ci DEFAULT NULL,
  `file_size` int NOT NULL,
  `file_extension` varchar(10) COLLATE utf8mb4_unicode_ci NOT NULL,
  `uploaded_by` int NOT NULL,
  `uploaded_at` datetime NOT NULL DEFAULT CURRENT_TIMESTAMP,
  PRIMARY KEY (`id`),
  UNIQUE KEY `unique_dropbox_path` (`dropbox_path`),
  KEY `idx_gauge_id` (`gauge_id`),
  KEY `idx_uploaded_at` (`uploaded_at`),
  KEY `uploaded_by` (`uploaded_by`),
  CONSTRAINT `certificates_ibfk_1` FOREIGN KEY (`gauge_id`) REFERENCES `gauges` (`id`) ON DELETE CASCADE,
  CONSTRAINT `certificates_ibfk_2` FOREIGN KEY (`uploaded_by`) REFERENCES `core_users` (`id`) ON DELETE RESTRICT
) ENGINE=InnoDB AUTO_INCREMENT=17 DEFAULT CHARSET=utf8mb4 COLLATE=utf8mb4_unicode_ci COMMENT='Tracks calibration certificates with custom names and metadata';
/*!40101 SET character_set_client = @saved_cs_client */;

--
-- Dumping data for table `certificates`
--
-- ORDER BY:  `id`

LOCK TABLES `certificates` WRITE;
/*!40000 ALTER TABLE `certificates` DISABLE KEYS */;
INSERT INTO `certificates` (`id`, `gauge_id`, `dropbox_path`, `custom_name`, `file_size`, `file_extension`, `uploaded_by`, `uploaded_at`) VALUES (4,1692,'/certificates/CA0013/cert_2025-10-22_18-30-16.pdf','Calibration - Oct 22, 2025, 6:30 PM',2221955,'pdf',717,'2025-10-22 18:30:27'),(5,1693,'/certificates/BG0013/cert_2025-10-22_18-49-16.pdf','Calibration - Oct 22, 2025, 6:49 PM',102484,'pdf',717,'2025-10-22 18:49:19'),(15,1767,'/certificates/GB0007/PDF_Certificate_2025.10.23.pdf','PDF_Certificate_2025.10.23',208895,'pdf',717,'2025-10-23 00:57:20'),(16,1691,'/certificates/CA0012/PDF_Certificate_2025.10.23.pdf','PDF_Certificate_2025.10.23',208895,'pdf',717,'2025-10-23 01:01:00');
/*!40000 ALTER TABLE `certificates` ENABLE KEYS */;
UNLOCK TABLES;

--
-- Table structure for table `core_audit_log`
--

DROP TABLE IF EXISTS `core_audit_log`;
/*!40101 SET @saved_cs_client     = @@character_set_client */;
/*!50503 SET character_set_client = utf8mb4 */;
CREATE TABLE `core_audit_log` (
  `id` bigint NOT NULL AUTO_INCREMENT,
  `user_id` int DEFAULT NULL,
  `module_id` varchar(50) NOT NULL,
  `action` varchar(100) NOT NULL,
  `entity_type` varchar(50) DEFAULT NULL,
  `entity_id` int DEFAULT NULL,
  `old_values` json DEFAULT NULL,
  `new_values` json DEFAULT NULL,
  `ip_address` varchar(45) DEFAULT NULL,
  `user_agent` varchar(255) DEFAULT NULL,
  `created_at` timestamp NULL DEFAULT CURRENT_TIMESTAMP,
  PRIMARY KEY (`id`),
  KEY `module_id` (`module_id`),
  KEY `idx_user_action` (`user_id`,`action`,`created_at`),
  KEY `idx_entity` (`entity_type`,`entity_id`,`created_at`),
  KEY `idx_created` (`created_at`),
  CONSTRAINT `core_audit_log_ibfk_1` FOREIGN KEY (`user_id`) REFERENCES `core_users` (`id`) ON DELETE SET NULL,
  CONSTRAINT `core_audit_log_ibfk_2` FOREIGN KEY (`module_id`) REFERENCES `core_modules` (`id`)
) ENGINE=InnoDB AUTO_INCREMENT=1669 DEFAULT CHARSET=utf8mb4 COLLATE=utf8mb4_0900_ai_ci;
/*!40101 SET character_set_client = @saved_cs_client */;

--
-- Dumping data for table `core_audit_log`
--
-- ORDER BY:  `id`

LOCK TABLES `core_audit_log` WRITE;
/*!40000 ALTER TABLE `core_audit_log` DISABLE KEYS */;
INSERT INTO `core_audit_log` (`id`, `user_id`, `module_id`, `action`, `entity_type`, `entity_id`, `old_values`, `new_values`, `ip_address`, `user_agent`, `created_at`) VALUES (1,717,'gauge','UNSEAL_REQUEST_CREATED','gauge_unseal_requests',18,NULL,'{\"reason\": \"xzxcz\", \"gauge_id\": \"TG-046\"}',NULL,NULL,'2025-09-09 14:44:20'),(2,717,'gauge','UNSEAL_REQUEST_CREATED','gauge_unseal_requests',19,NULL,'{\"reason\": \"dfsf\", \"gauge_id\": \"TG-038\"}',NULL,NULL,'2025-09-09 14:44:27'),(3,717,'gauge','UNSEAL_REQUEST_CREATED','gauge_unseal_requests',20,NULL,'{\"reason\": \"sdfd\", \"gauge_id\": \"TG-057\"}',NULL,NULL,'2025-09-09 15:45:26'),(4,717,'gauge','UNSEAL_REQUEST_CREATED','gauge_unseal_requests',21,NULL,'{\"reason\": \"dgff\", \"gauge_id\": \"TG-037\"}',NULL,NULL,'2025-09-09 15:46:08'),(5,717,'gauge','QC_VERIFY','gauges',242,NULL,'{\"gauge_id\": \"CS-312\", \"condition\": 10, \"pass_fail\": \"pass\"}',NULL,NULL,'2025-09-09 17:32:37'),(6,717,'gauge','QC_VERIFY','gauges',211,NULL,'{\"gauge_id\": \"LE-206\", \"condition\": 10, \"pass_fail\": \"pass\"}',NULL,NULL,'2025-09-09 17:32:42'),(7,717,'gauge','QC_VERIFY','gauges',223,NULL,'{\"gauge_id\": \"LE-218\", \"condition\": 10, \"pass_fail\": \"pass\"}',NULL,NULL,'2025-09-09 17:32:44'),(8,717,'gauge','UNSEAL_REQUEST_CREATED','gauge_unseal_requests',22,NULL,'{\"reason\": \"dsfds\", \"gauge_id\": \"TG-051\"}',NULL,NULL,'2025-09-09 17:38:20'),(9,717,'gauge','UNSEAL_REQUEST_CREATED','gauge_unseal_requests',23,NULL,'{\"reason\": \"sfsdf\", \"gauge_id\": \"TG-061\"}',NULL,NULL,'2025-09-09 17:44:17'),(10,717,'gauge','UNSEAL_REQUEST_APPROVED','gauge_unseal_requests',10,NULL,'{\"gauge_id\": 75, \"requester\": \"James Dickson\"}',NULL,NULL,'2025-09-09 17:53:48'),(11,717,'gauge','UNSEAL_REQUEST_APPROVED','gauge_unseal_requests',20,NULL,'{\"gauge_id\": 107, \"requester\": \"James Dickson\"}',NULL,NULL,'2025-09-09 17:53:51'),(12,717,'gauge','UNSEAL_REQUEST_APPROVED','gauge_unseal_requests',21,NULL,'{\"gauge_id\": 87, \"requester\": \"James Dickson\"}',NULL,NULL,'2025-09-09 17:53:53'),(13,717,'gauge','UNSEAL_REQUEST_APPROVED','gauge_unseal_requests',22,NULL,'{\"gauge_id\": 101, \"requester\": \"James Dickson\"}',NULL,NULL,'2025-09-09 17:53:54'),(14,717,'gauge','UNSEAL_REQUEST_APPROVED','gauge_unseal_requests',2,NULL,'{\"gauge_id\": 34, \"requester\": \"James Dickson\"}',NULL,NULL,'2025-09-09 17:53:55'),(15,717,'gauge','UNSEAL_REQUEST_APPROVED','gauge_unseal_requests',3,NULL,'{\"gauge_id\": 35, \"requester\": \"James Dickson\"}',NULL,NULL,'2025-09-09 17:53:58'),(16,717,'gauge','UNSEAL_REQUEST_APPROVED','gauge_unseal_requests',23,NULL,'{\"gauge_id\": 111, \"requester\": \"James Dickson\"}',NULL,NULL,'2025-09-09 17:53:59'),(17,717,'gauge','UNSEAL_REQUEST_APPROVED','gauge_unseal_requests',4,NULL,'{\"gauge_id\": 36, \"requester\": \"James Dickson\"}',NULL,NULL,'2025-09-09 17:54:02'),(18,717,'gauge','UNSEAL_REQUEST_APPROVED','gauge_unseal_requests',5,NULL,'{\"gauge_id\": 37, \"requester\": \"James Dickson\"}',NULL,NULL,'2025-09-09 17:54:03'),(19,717,'gauge','UNSEAL_REQUEST_APPROVED','gauge_unseal_requests',6,NULL,'{\"gauge_id\": 71, \"requester\": \"James Dickson\"}',NULL,NULL,'2025-09-09 17:54:03'),(20,717,'gauge','UNSEAL_REQUEST_APPROVED','gauge_unseal_requests',7,NULL,'{\"gauge_id\": 72, \"requester\": \"James Dickson\"}',NULL,NULL,'2025-09-09 17:54:03'),(21,717,'gauge','UNSEAL_REQUEST_APPROVED','gauge_unseal_requests',8,NULL,'{\"gauge_id\": 73, \"requester\": \"James Dickson\"}',NULL,NULL,'2025-09-09 17:54:03'),(22,717,'gauge','UNSEAL_REQUEST_CREATED','gauge_unseal_requests',24,NULL,'{\"reason\": \"sdffs\", \"gauge_id\": \"TG-045\"}',NULL,NULL,'2025-09-09 17:54:15'),(23,717,'gauge','UNSEAL_REQUEST_CREATED','gauge_unseal_requests',25,NULL,'{\"reason\": \"sdf\", \"gauge_id\": \"TG-046\"}',NULL,NULL,'2025-09-09 17:54:20'),(24,717,'gauge','CHECKOUT','gauges',87,NULL,'{\"gauge_id\": \"TG-037\", \"checked_out_to\": 717}',NULL,NULL,'2025-09-09 17:54:23'),(25,717,'gauge','UNSEAL_REQUEST_APPROVED','gauge_unseal_requests',25,NULL,'{\"gauge_id\": 96, \"requester\": \"James Dickson\"}',NULL,NULL,'2025-09-09 17:54:59'),(26,717,'gauge','UNSEAL_REQUEST_APPROVED','gauge_unseal_requests',24,NULL,'{\"gauge_id\": 95, \"requester\": \"James Dickson\"}',NULL,NULL,'2025-09-09 17:55:01'),(27,717,'gauge','CHECKOUT','gauges',95,NULL,'{\"gauge_id\": \"TG-045\", \"checked_out_to\": 717}',NULL,NULL,'2025-09-09 17:55:23'),(28,717,'gauge','UNSEAL_REQUEST_CREATED','gauge_unseal_requests',26,NULL,'{\"reason\": \"gfsdf\", \"gauge_id\": \"TG-040\"}',NULL,NULL,'2025-09-09 17:55:37'),(29,717,'gauge','UNSEAL_REQUEST_APPROVED','gauge_unseal_requests',26,NULL,'{\"gauge_id\": 90, \"requester\": \"James Dickson\"}',NULL,NULL,'2025-09-09 17:55:50'),(30,717,'gauge','CHECKOUT','gauges',96,NULL,'{\"gauge_id\": \"TG-046\", \"checked_out_to\": 717}',NULL,NULL,'2025-09-09 17:55:59'),(31,717,'gauge','UNSEAL_REQUEST_CREATED','gauge_unseal_requests',27,NULL,'{\"reason\": \"sffd\", \"gauge_id\": \"TG-038\"}',NULL,NULL,'2025-09-09 17:56:10'),(32,717,'gauge','UNSEAL_REQUEST_APPROVED','gauge_unseal_requests',27,NULL,'{\"gauge_id\": 88, \"requester\": \"James Dickson\"}',NULL,NULL,'2025-09-09 17:56:26'),(33,717,'gauge','CHECKOUT','gauges',88,NULL,'{\"gauge_id\": \"TG-038\", \"checked_out_to\": 717}',NULL,NULL,'2025-09-09 17:56:32'),(34,717,'gauge','CHECKOUT','gauges',107,NULL,'{\"gauge_id\": \"TG-057\", \"checked_out_to\": 717}',NULL,NULL,'2025-09-09 17:59:41'),(35,717,'gauge','UNSEAL_REQUEST_CREATED','gauge_unseal_requests',28,NULL,'{\"reason\": \"test\", \"gauge_id\": \"TG-058\"}',NULL,NULL,'2025-09-09 17:59:52'),(36,717,'gauge','UNSEAL_REQUEST_CREATED','gauge_unseal_requests',29,NULL,'{\"reason\": \"fsdfdsf\", \"gauge_id\": \"CHT-124\"}',NULL,NULL,'2025-09-09 18:08:04'),(37,717,'gauge','UNSEAL_REQUEST_CREATED','gauge_unseal_requests',30,NULL,'{\"reason\": \"dsfsdf\", \"gauge_id\": \"CHT-138\"}',NULL,NULL,'2025-09-09 18:16:33'),(38,717,'gauge','UNSEAL_REQUEST_APPROVED','gauge_unseal_requests',30,NULL,'{\"gauge_id\": 188, \"requester\": \"James Dickson\"}',NULL,NULL,'2025-09-09 18:16:38'),(39,717,'gauge','UNSEAL_REQUEST_APPROVED','gauge_unseal_requests',29,NULL,'{\"gauge_id\": 174, \"requester\": \"James Dickson\"}',NULL,NULL,'2025-09-09 18:48:51'),(40,717,'gauge','CHECKOUT','gauges',230,NULL,'{\"gauge_id\": \"LE-225\", \"checked_out_to\": 717}',NULL,NULL,'2025-09-12 03:29:32'),(41,717,'gauge','CHECKOUT','gauges',218,NULL,'{\"gauge_id\": \"LE-213\", \"checked_out_to\": 717}',NULL,NULL,'2025-09-12 03:29:41'),(42,717,'gauge','RETURN','gauges',218,NULL,'{\"notes\": \"\", \"gauge_id\": \"LE-213\", \"condition\": \"good\"}',NULL,NULL,'2025-09-12 15:09:56'),(43,717,'gauge','RETURN','gauges',95,NULL,'{\"notes\": \"\", \"gauge_id\": \"TG-045\", \"condition\": \"good\"}',NULL,NULL,'2025-09-12 15:10:05'),(44,717,'gauge','RETURN','gauges',96,NULL,'{\"notes\": \"\", \"gauge_id\": \"TG-046\", \"condition\": \"good\"}',NULL,NULL,'2025-09-12 15:23:08'),(45,717,'gauge','UNSEAL_REQUEST_APPROVED','gauge_unseal_requests',28,NULL,'{\"gauge_id\": 108, \"requester\": \"James Dickson\"}',NULL,NULL,'2025-09-12 15:30:51'),(46,717,'gauge','CHECKOUT','gauges',36,NULL,'{\"gauge_id\": \"TRG002A\", \"checked_out_to\": 717}',NULL,NULL,'2025-09-12 15:32:37'),(47,717,'gauge','RETURN','gauges',88,NULL,'{\"notes\": \"\", \"gauge_id\": \"TG-038\", \"condition\": \"good\"}',NULL,NULL,'2025-09-12 15:34:25'),(48,717,'gauge','RETURN','gauges',87,NULL,'{\"notes\": \"\", \"gauge_id\": \"TG-037\", \"condition\": \"good\"}',NULL,NULL,'2025-09-12 15:34:29'),(49,717,'gauge','QC_VERIFY','gauges',38,NULL,'{\"gauge_id\": \"CAL003\", \"condition\": 10, \"pass_fail\": \"pass\"}',NULL,NULL,'2025-09-12 15:38:23'),(50,717,'gauge','GAUGE_UNSEALED','gauge_unseal_requests',30,NULL,'{\"gauge_id\": 188, \"gauge_tag\": \"CHT-138\", \"unseal_date\": \"2025-09-12T16:24:07.251Z\", \"new_due_date\": \"2026-09-12T16:24:07.251Z\"}',NULL,NULL,'2025-09-12 16:24:07'),(51,717,'gauge','GAUGE_UNSEALED','gauge_unseal_requests',30,NULL,'{\"gauge_id\": 188, \"gauge_tag\": \"CHT-138\", \"unseal_date\": \"2025-09-12T16:24:21.704Z\", \"new_due_date\": \"2026-09-12T16:24:21.704Z\"}',NULL,NULL,'2025-09-12 16:24:21'),(52,717,'gauge','GAUGE_UNSEALED','gauge_unseal_requests',30,NULL,'{\"gauge_id\": 188, \"gauge_tag\": \"CHT-138\", \"unseal_date\": \"2025-09-12T16:24:49.575Z\", \"new_due_date\": \"2026-09-12T16:24:49.575Z\"}',NULL,NULL,'2025-09-12 16:24:49'),(53,717,'gauge','GAUGE_UNSEALED','gauge_unseal_requests',30,NULL,'{\"gauge_id\": 188, \"gauge_tag\": \"CHT-138\", \"unseal_date\": \"2025-09-12T16:28:14.703Z\", \"new_due_date\": \"2026-09-12T16:28:14.703Z\"}',NULL,NULL,'2025-09-12 16:28:14'),(54,717,'gauge','GAUGE_UNSEALED','gauge_unseal_requests',28,NULL,'{\"gauge_id\": 108, \"gauge_tag\": \"TG-058\", \"unseal_date\": \"2025-09-12T16:28:40.498Z\", \"new_due_date\": \"2026-09-12T16:28:40.498Z\"}',NULL,NULL,'2025-09-12 16:28:40'),(55,717,'gauge','QC_VERIFY','gauges',87,NULL,'{\"gauge_id\": \"TG-037\", \"condition\": 10, \"pass_fail\": \"pass\"}',NULL,NULL,'2025-09-12 16:35:37'),(56,717,'gauge','GAUGE_UNSEALED','gauge_unseal_requests',30,NULL,'{\"gauge_id\": 188, \"gauge_tag\": \"CHT-138\", \"unseal_date\": \"2025-09-12T16:40:51.402Z\", \"new_due_date\": \"2026-09-12T16:40:51.402Z\"}',NULL,NULL,'2025-09-12 16:40:51'),(57,717,'gauge','GAUGE_UNSEALED','gauge_unseal_requests',29,NULL,'{\"gauge_id\": 174, \"gauge_tag\": \"CHT-124\", \"unseal_date\": \"2025-09-12T16:42:10.274Z\", \"new_due_date\": \"2026-09-12T16:42:10.274Z\"}',NULL,NULL,'2025-09-12 16:42:10'),(58,717,'gauge','GAUGE_UNSEALED','gauge_unseal_requests',28,NULL,'{\"gauge_id\": 108, \"gauge_tag\": \"TG-058\", \"unseal_date\": \"2025-09-12T16:42:54.602Z\", \"new_due_date\": \"2026-09-12T16:42:54.602Z\"}',NULL,NULL,'2025-09-12 16:42:54'),(59,717,'gauge','QC_VERIFY','gauges',88,NULL,'{\"gauge_id\": \"TG-038\", \"condition\": 10, \"pass_fail\": \"pass\"}',NULL,NULL,'2025-09-12 16:44:21'),(60,717,'gauge','CHECKOUT','gauges',34,NULL,'{\"gauge_id\": \"TPG001A\", \"checked_out_to\": 717}',NULL,NULL,'2025-09-12 16:45:10'),(61,717,'gauge','UNSEAL_REQUEST_CREATED','gauge_unseal_requests',31,NULL,'{\"reason\": \"ddas\", \"gauge_id\": \"TG-085\"}',NULL,NULL,'2025-09-12 16:45:49'),(62,717,'gauge','UNSEAL_REQUEST_APPROVED','gauge_unseal_requests',31,NULL,'{\"gauge_id\": 135, \"requester\": \"James Dickson\"}',NULL,NULL,'2025-09-12 16:45:58'),(63,717,'gauge','GAUGE_UNSEALED','gauge_unseal_requests',31,NULL,'{\"gauge_id\": 135, \"gauge_tag\": \"TG-085\", \"unseal_date\": \"2025-09-12T16:46:01.751Z\", \"new_due_date\": \"2026-09-12T16:46:01.751Z\"}',NULL,NULL,'2025-09-12 16:46:01'),(64,717,'gauge','CHECKOUT','gauges',135,NULL,'{\"gauge_id\": \"TG-085\", \"checked_out_to\": 717}',NULL,NULL,'2025-09-12 16:46:06'),(65,717,'gauge','GAUGE_UNSEALED','gauge_unseal_requests',27,NULL,'{\"gauge_id\": 88, \"gauge_tag\": \"TG-038\", \"unseal_date\": \"2025-09-12T17:07:04.715Z\", \"new_due_date\": \"2026-09-12T17:07:04.715Z\"}',NULL,NULL,'2025-09-12 17:07:04'),(66,717,'gauge','GAUGE_UNSEALED','gauge_unseal_requests',15,NULL,'{\"gauge_id\": 80, \"gauge_tag\": \"TG-030\", \"unseal_date\": \"2025-09-12T17:07:30.144Z\", \"new_due_date\": \"2026-09-12T17:07:30.144Z\"}',NULL,NULL,'2025-09-12 17:07:30'),(67,717,'gauge','UNSEAL_REQUEST_CREATED','gauge_unseal_requests',32,NULL,'{\"reason\": \"sfd\", \"gauge_id\": \"TG-086\"}',NULL,NULL,'2025-09-12 17:07:59'),(68,717,'gauge','UNSEAL_REQUEST_APPROVED','gauge_unseal_requests',32,NULL,'{\"gauge_id\": 136, \"requester\": \"James Dickson\"}',NULL,NULL,'2025-09-12 17:08:07'),(69,717,'gauge','GAUGE_UNSEALED','gauge_unseal_requests',32,NULL,'{\"gauge_id\": 136, \"gauge_tag\": \"TG-086\", \"unseal_date\": \"2025-09-12T17:15:23.089Z\", \"new_due_date\": \"2026-09-12T17:15:23.089Z\"}',NULL,NULL,'2025-09-12 17:15:23'),(70,717,'gauge','UNSEAL_REQUEST_CREATED','gauge_unseal_requests',33,NULL,'{\"reason\": \"ADFDFDA\", \"gauge_id\": \"LE-210\"}',NULL,NULL,'2025-09-12 17:15:34'),(71,717,'gauge','UNSEAL_REQUEST_APPROVED','gauge_unseal_requests',33,NULL,'{\"gauge_id\": 215, \"requester\": \"James Dickson\"}',NULL,NULL,'2025-09-12 17:15:42'),(72,717,'gauge','GAUGE_UNSEALED','gauge_unseal_requests',33,NULL,'{\"gauge_id\": 215, \"gauge_tag\": \"LE-210\", \"unseal_date\": \"2025-09-12T17:15:42.347Z\", \"new_due_date\": \"2026-09-12T17:15:42.347Z\"}',NULL,NULL,'2025-09-12 17:15:42'),(73,717,'gauge','CHECKOUT','gauges',35,NULL,'{\"gauge_id\": \"TPG001B\", \"checked_out_to\": 717}',NULL,NULL,'2025-09-12 17:15:52'),(74,717,'gauge','TRANSFER_INITIATED','gauge_transfers',3,NULL,'{\"reason\": \"Transfer request\", \"gauge_id\": \"LE-225\", \"to_user_id\": \"12\", \"from_user_id\": 717}',NULL,NULL,'2025-09-12 17:17:57'),(75,717,'gauge','UNSEAL_REQUEST_CREATED','gauge_unseal_requests',34,NULL,'{\"reason\": \"werwe\", \"gauge_id\": \"LE-204\"}',NULL,NULL,'2025-09-13 19:18:23'),(76,717,'gauge','RETURN','gauges',181,NULL,'{\"notes\": \"\", \"gauge_id\": \"CHT-131\", \"condition\": \"good\"}',NULL,NULL,'2025-09-13 22:40:44'),(77,717,'gauge','CHECKOUT','gauges',215,NULL,'{\"gauge_id\": \"LE-210\", \"checked_out_to\": 717}',NULL,NULL,'2025-09-14 12:16:30'),(78,717,'gauge','RETURN','gauges',215,NULL,'{\"notes\": \"kjhk\", \"gauge_id\": \"LE-210\", \"condition\": \"good\"}',NULL,NULL,'2025-09-14 12:16:38'),(79,717,'gauge','gauge_updated','gauges',28,NULL,NULL,'127.0.0.1',NULL,'2025-09-15 18:40:41'),(80,717,'gauge','gauge_updated','gauges',28,NULL,NULL,'127.0.0.1',NULL,'2025-09-15 18:40:41'),(81,717,'gauge','gauge_updated','gauges',28,NULL,NULL,'127.0.0.1',NULL,'2025-09-15 18:40:41'),(82,717,'gauge','gauge_updated','gauges',28,NULL,NULL,'127.0.0.1',NULL,'2025-09-15 18:40:41'),(83,717,'gauge','gauge_updated','gauges',28,NULL,NULL,'127.0.0.1',NULL,'2025-09-15 18:40:52'),(84,717,'gauge','gauge_updated','gauges',28,NULL,NULL,'127.0.0.1',NULL,'2025-09-15 18:40:52'),(85,717,'gauge','gauge_updated','gauges',28,NULL,NULL,'127.0.0.1',NULL,'2025-09-15 18:40:52'),(86,717,'gauge','gauge_updated','gauges',28,NULL,NULL,'127.0.0.1',NULL,'2025-09-15 18:40:52'),(87,717,'gauge','gauge_updated','gauges',28,NULL,NULL,'127.0.0.1',NULL,'2025-09-15 18:45:30'),(88,717,'gauge','gauge_updated','gauges',28,NULL,NULL,'127.0.0.1',NULL,'2025-09-15 18:45:40'),(89,717,'gauge','gauge_updated','gauges',28,NULL,NULL,'127.0.0.1',NULL,'2025-09-15 18:46:59'),(90,717,'gauge','gauge_updated','gauges',28,NULL,NULL,'127.0.0.1',NULL,'2025-09-15 18:46:59'),(91,717,'gauge','gauge_updated','gauges',28,NULL,NULL,'127.0.0.1',NULL,'2025-09-15 18:46:59'),(92,717,'gauge','gauge_updated','gauges',28,NULL,NULL,'127.0.0.1',NULL,'2025-09-15 18:46:59'),(93,717,'gauge','gauge_updated','gauges',28,NULL,NULL,'127.0.0.1',NULL,'2025-09-15 18:47:12'),(94,717,'gauge','gauge_updated','gauges',28,NULL,NULL,'127.0.0.1',NULL,'2025-09-15 18:47:12'),(95,717,'gauge','gauge_updated','gauges',28,NULL,NULL,'127.0.0.1',NULL,'2025-09-15 18:47:13'),(96,717,'gauge','gauge_updated','gauges',28,NULL,NULL,'127.0.0.1',NULL,'2025-09-15 18:47:13'),(97,7,'gauge','gauge_created','gauges',1093,NULL,NULL,'127.0.0.1',NULL,'2025-09-15 18:48:38'),(98,7,'gauge','gauge_created','gauges',1094,NULL,NULL,'127.0.0.1',NULL,'2025-09-15 18:48:38'),(99,7,'gauge','gauge_updated','gauges',1094,NULL,NULL,'127.0.0.1',NULL,'2025-09-15 18:48:38'),(100,7,'gauge','gauge_created','gauges',1095,NULL,NULL,'127.0.0.1',NULL,'2025-09-15 18:48:38'),(101,7,'gauge','gauge_deleted','gauges',1095,NULL,NULL,'127.0.0.1',NULL,'2025-09-15 18:48:38'),(102,7,'gauge','gauge_created','gauges',1096,NULL,NULL,'127.0.0.1',NULL,'2025-09-15 18:48:44'),(103,7,'gauge','gauge_created','gauges',1097,NULL,NULL,'127.0.0.1',NULL,'2025-09-15 18:48:44'),(104,7,'gauge','gauge_updated','gauges',1097,NULL,NULL,'127.0.0.1',NULL,'2025-09-15 18:48:44'),(105,7,'gauge','gauge_created','gauges',1098,NULL,NULL,'127.0.0.1',NULL,'2025-09-15 18:48:44'),(106,7,'gauge','gauge_deleted','gauges',1098,NULL,NULL,'127.0.0.1',NULL,'2025-09-15 18:48:44'),(107,717,'gauge','gauge_updated','gauges',28,NULL,NULL,'127.0.0.1',NULL,'2025-09-15 18:51:52'),(108,717,'gauge','gauge_updated','gauges',28,NULL,NULL,'127.0.0.1',NULL,'2025-09-15 18:51:52'),(109,717,'gauge','gauge_updated','gauges',28,NULL,NULL,'127.0.0.1',NULL,'2025-09-15 18:51:52'),(110,717,'gauge','gauge_updated','gauges',28,NULL,NULL,'127.0.0.1',NULL,'2025-09-15 18:51:52'),(111,717,'gauge','gauge_updated','gauges',28,NULL,NULL,'127.0.0.1',NULL,'2025-09-15 18:51:52'),(112,717,'gauge','gauge_updated','gauges',28,NULL,NULL,'127.0.0.1',NULL,'2025-09-15 18:52:00'),(113,717,'gauge','gauge_updated','gauges',28,NULL,NULL,'127.0.0.1',NULL,'2025-09-15 18:52:00'),(114,717,'gauge','gauge_updated','gauges',28,NULL,NULL,'127.0.0.1',NULL,'2025-09-15 18:52:00'),(115,717,'gauge','gauge_updated','gauges',28,NULL,NULL,'127.0.0.1',NULL,'2025-09-15 18:52:00'),(116,717,'gauge','gauge_updated','gauges',28,NULL,NULL,'127.0.0.1',NULL,'2025-09-15 18:52:00'),(117,7,'gauge','gauge_created','gauges',1103,NULL,NULL,'127.0.0.1',NULL,'2025-09-15 18:52:03'),(118,7,'gauge','gauge_created','gauges',1104,NULL,NULL,'127.0.0.1',NULL,'2025-09-15 18:52:03'),(119,7,'gauge','gauge_updated','gauges',1104,NULL,NULL,'127.0.0.1',NULL,'2025-09-15 18:52:03'),(120,7,'gauge','gauge_created','gauges',1105,NULL,NULL,'127.0.0.1',NULL,'2025-09-15 18:52:03'),(121,7,'gauge','gauge_deleted','gauges',1105,NULL,NULL,'127.0.0.1',NULL,'2025-09-15 18:52:03'),(122,7,'gauge','gauge_created','gauges',1106,NULL,NULL,'127.0.0.1',NULL,'2025-09-15 18:52:06'),(123,7,'gauge','gauge_created','gauges',1107,NULL,NULL,'127.0.0.1',NULL,'2025-09-15 18:52:06'),(124,7,'gauge','gauge_updated','gauges',1107,NULL,NULL,'127.0.0.1',NULL,'2025-09-15 18:52:06'),(125,7,'gauge','gauge_created','gauges',1108,NULL,NULL,'127.0.0.1',NULL,'2025-09-15 18:52:06'),(126,7,'gauge','gauge_deleted','gauges',1108,NULL,NULL,'127.0.0.1',NULL,'2025-09-15 18:52:06'),(127,717,'gauge','gauge_updated','gauges',28,NULL,NULL,'127.0.0.1',NULL,'2025-09-15 19:46:56'),(128,717,'gauge','gauge_updated','gauges',28,NULL,NULL,'127.0.0.1',NULL,'2025-09-15 19:46:56'),(129,717,'gauge','gauge_updated','gauges',28,NULL,NULL,'127.0.0.1',NULL,'2025-09-15 19:46:56'),(130,717,'gauge','gauge_updated','gauges',28,NULL,NULL,'127.0.0.1',NULL,'2025-09-15 19:46:56'),(131,717,'gauge','gauge_updated','gauges',28,NULL,NULL,'127.0.0.1',NULL,'2025-09-15 19:46:57'),(132,717,'gauge','gauge_updated','gauges',28,NULL,NULL,'127.0.0.1',NULL,'2025-09-15 19:47:03'),(133,717,'gauge','gauge_updated','gauges',28,NULL,NULL,'127.0.0.1',NULL,'2025-09-15 19:47:03'),(134,717,'gauge','gauge_updated','gauges',28,NULL,NULL,'127.0.0.1',NULL,'2025-09-15 19:47:03'),(135,717,'gauge','gauge_updated','gauges',28,NULL,NULL,'127.0.0.1',NULL,'2025-09-15 19:47:03'),(136,717,'gauge','gauge_updated','gauges',28,NULL,NULL,'127.0.0.1',NULL,'2025-09-15 19:47:03'),(137,7,'gauge','gauge_created','gauges',1115,NULL,NULL,'127.0.0.1',NULL,'2025-09-15 19:47:07'),(138,7,'gauge','gauge_created','gauges',1116,NULL,NULL,'127.0.0.1',NULL,'2025-09-15 19:47:07'),(139,7,'gauge','gauge_updated','gauges',1116,NULL,NULL,'127.0.0.1',NULL,'2025-09-15 19:47:07'),(140,7,'gauge','gauge_created','gauges',1117,NULL,NULL,'127.0.0.1',NULL,'2025-09-15 19:47:07'),(141,7,'gauge','gauge_deleted','gauges',1117,NULL,NULL,'127.0.0.1',NULL,'2025-09-15 19:47:07'),(142,717,'gauge','gauge_updated','gauges',28,NULL,NULL,'127.0.0.1',NULL,'2025-09-15 19:47:36'),(143,717,'gauge','gauge_updated','gauges',28,NULL,NULL,'127.0.0.1',NULL,'2025-09-15 19:47:45'),(144,717,'gauge','gauge_updated','gauges',28,NULL,NULL,'127.0.0.1',NULL,'2025-09-15 19:48:50'),(145,717,'gauge','gauge_updated','gauges',28,NULL,NULL,'127.0.0.1',NULL,'2025-09-15 19:48:50'),(146,717,'gauge','gauge_updated','gauges',28,NULL,NULL,'127.0.0.1',NULL,'2025-09-15 19:48:50'),(147,717,'gauge','gauge_updated','gauges',28,NULL,NULL,'127.0.0.1',NULL,'2025-09-15 19:48:51'),(148,717,'gauge','gauge_updated','gauges',28,NULL,NULL,'127.0.0.1',NULL,'2025-09-15 19:48:51'),(149,7,'gauge','gauge_created','gauges',1133,NULL,NULL,'127.0.0.1',NULL,'2025-09-15 19:48:54'),(150,7,'gauge','gauge_created','gauges',1134,NULL,NULL,'127.0.0.1',NULL,'2025-09-15 19:48:54'),(151,7,'gauge','gauge_updated','gauges',1134,NULL,NULL,'127.0.0.1',NULL,'2025-09-15 19:48:54'),(152,7,'gauge','gauge_created','gauges',1135,NULL,NULL,'127.0.0.1',NULL,'2025-09-15 19:48:54'),(153,7,'gauge','gauge_deleted','gauges',1135,NULL,NULL,'127.0.0.1',NULL,'2025-09-15 19:48:54'),(154,717,'gauge','gauge_updated','gauges',28,NULL,NULL,'127.0.0.1',NULL,'2025-09-15 19:49:00'),(155,717,'gauge','gauge_updated','gauges',28,NULL,NULL,'127.0.0.1',NULL,'2025-09-15 19:49:00'),(156,717,'gauge','gauge_updated','gauges',28,NULL,NULL,'127.0.0.1',NULL,'2025-09-15 19:49:00'),(157,717,'gauge','gauge_updated','gauges',28,NULL,NULL,'127.0.0.1',NULL,'2025-09-15 19:49:00'),(158,717,'gauge','gauge_updated','gauges',28,NULL,NULL,'127.0.0.1',NULL,'2025-09-15 19:49:01'),(159,7,'gauge','gauge_created','gauges',1136,NULL,NULL,'127.0.0.1',NULL,'2025-09-15 19:49:03'),(160,7,'gauge','gauge_created','gauges',1137,NULL,NULL,'127.0.0.1',NULL,'2025-09-15 19:49:03'),(161,7,'gauge','gauge_updated','gauges',1137,NULL,NULL,'127.0.0.1',NULL,'2025-09-15 19:49:03'),(162,7,'gauge','gauge_created','gauges',1138,NULL,NULL,'127.0.0.1',NULL,'2025-09-15 19:49:03'),(163,7,'gauge','gauge_deleted','gauges',1138,NULL,NULL,'127.0.0.1',NULL,'2025-09-15 19:49:03'),(170,717,'gauge','CHECKOUT','gauges',1073,NULL,'{\"gauge_id\": \"CHKOUT57373312\", \"checked_out_to\": 717}',NULL,NULL,'2025-09-16 01:42:05'),(171,717,'gauge','RETURN','gauges',1073,NULL,'{\"notes\": \"\", \"gauge_id\": \"CHKOUT57373312\", \"condition\": \"good\"}',NULL,NULL,'2025-09-16 01:42:16'),(172,717,'gauge','RETURN','gauges',35,NULL,'{\"notes\": \"\", \"gauge_id\": \"TPG001B\", \"condition\": \"good\"}',NULL,NULL,'2025-09-16 01:42:23'),(173,717,'gauge','RETURN','gauges',135,NULL,'{\"notes\": \"\", \"gauge_id\": \"TG-085\", \"condition\": \"good\"}',NULL,NULL,'2025-09-16 01:42:28'),(175,717,'gauge','RETURN','gauges',230,NULL,'{\"notes\": \"\", \"gauge_id\": \"LE-225\", \"condition\": \"good\"}',NULL,NULL,'2025-09-16 12:52:05'),(271,7,'gauge','CHECKOUT','gauges',34,NULL,'{\"gauge_id\": \"TPG001A\", \"checked_out_to\": 7}',NULL,NULL,'2025-09-16 19:46:39'),(273,717,'gauge','RETURN','gauges',107,NULL,'{\"notes\": \"\", \"gauge_id\": \"TG-057\", \"condition\": \"good\"}',NULL,NULL,'2025-09-16 19:47:16'),(276,717,'gauge','CHECKOUT','gauges',390,NULL,'{\"gauge_id\": \"DUP44106296\", \"checked_out_to\": 717}',NULL,NULL,'2025-09-16 19:55:31'),(934,717,'gauge','RETURN','gauges',1145,NULL,'{\"notes\": \"\", \"gauge_id\": \"HT-002\", \"condition\": \"good\"}',NULL,NULL,'2025-09-18 10:51:54'),(935,717,'gauge','CHECKOUT','gauges',1144,NULL,'{\"gauge_id\": \"HT-000001\", \"checked_out_to\": 717}',NULL,NULL,'2025-09-18 10:54:25'),(936,717,'gauge','CHECKOUT','gauges',1142,NULL,'{\"gauge_id\": \"THP-000001A\", \"checked_out_to\": 717}',NULL,NULL,'2025-09-18 10:54:30'),(937,717,'gauge','QC_VERIFY','gauges',1145,NULL,'{\"gauge_id\": \"HT-002\", \"condition\": 10, \"pass_fail\": \"pass\"}',NULL,NULL,'2025-09-18 10:55:27'),(938,717,'gauge','RETURN','gauges',1142,NULL,'{\"notes\": \"\", \"gauge_id\": \"TH-001\", \"condition\": \"good\"}',NULL,NULL,'2025-09-18 10:55:40'),(939,717,'gauge','QC_VERIFY','gauges',1142,NULL,'{\"gauge_id\": \"TH-001\", \"condition\": 10, \"pass_fail\": \"pass\"}',NULL,NULL,'2025-09-18 10:55:59'),(940,717,'gauge','CHECKOUT','gauges',1142,NULL,'{\"gauge_id\": \"THP-000001A\", \"checked_out_to\": 717}',NULL,NULL,'2025-09-18 11:01:49'),(941,717,'gauge','CHECKOUT','gauges',1143,NULL,'{\"gauge_id\": \"THP-000001B\", \"checked_out_to\": 717}',NULL,NULL,'2025-09-18 11:05:41'),(942,717,'gauge','CHECKOUT','gauges',1146,NULL,'{\"gauge_id\": \"LE-000001\", \"checked_out_to\": 717}',NULL,NULL,'2025-09-18 11:10:30'),(943,717,'gauge','CHECKOUT','gauges',1145,NULL,'{\"gauge_id\": \"HT-000002\", \"checked_out_to\": 717}',NULL,NULL,'2025-09-18 11:13:27'),(944,717,'gauge','RETURN','gauges',1142,NULL,'{\"notes\": \"\", \"gauge_id\": \"TH-001\", \"condition\": \"good\"}',NULL,NULL,'2025-09-18 11:13:34'),(945,717,'gauge','RETURN','gauges',1144,NULL,'{\"notes\": \"\", \"gauge_id\": \"HT-001\", \"condition\": \"good\"}',NULL,NULL,'2025-09-18 11:47:57'),(946,717,'gauge','RETURN','gauges',1145,NULL,'{\"notes\": \"\", \"gauge_id\": \"HT-002\", \"condition\": \"good\"}',NULL,NULL,'2025-09-18 11:48:22'),(947,717,'gauge','RETURN','gauges',1143,NULL,'{\"notes\": \"\", \"gauge_id\": \"TH-002\", \"condition\": \"good\"}',NULL,NULL,'2025-09-18 11:48:39'),(948,717,'gauge','RETURN','gauges',1146,NULL,'{\"notes\": \"\", \"gauge_id\": \"LE-001\", \"condition\": \"good\"}',NULL,NULL,'2025-09-18 11:49:19'),(949,717,'gauge','QC_VERIFY','gauges',1142,NULL,'{\"gauge_id\": \"TH-001\", \"condition\": 10, \"pass_fail\": \"pass\"}',NULL,NULL,'2025-09-18 11:49:25'),(950,717,'gauge','QC_VERIFY','gauges',1144,NULL,'{\"gauge_id\": \"HT-001\", \"condition\": 10, \"pass_fail\": \"pass\"}',NULL,NULL,'2025-09-18 11:49:54'),(951,717,'gauge','QC_VERIFY','gauges',1146,NULL,'{\"gauge_id\": \"LE-001\", \"condition\": 10, \"pass_fail\": \"pass\"}',NULL,NULL,'2025-09-18 11:50:03'),(952,717,'gauge','CHECKOUT','gauges',1142,NULL,'{\"gauge_id\": \"THP-000001A\", \"checked_out_to\": 717}',NULL,NULL,'2025-09-18 11:50:15'),(995,NULL,'gauge','create_gauge_set','gauge',1155,NULL,NULL,NULL,NULL,'2025-09-20 22:03:14'),(999,717,'gauge','RETURN','gauges',1142,NULL,'{\"notes\": \"\", \"gauge_id\": \"THP-000001A\", \"condition\": \"good\"}',NULL,NULL,'2025-09-22 16:03:40'),(1001,717,'gauge','CHECKOUT','gauges',1155,NULL,'{\"gauge_id\": \"SP0008A\", \"checked_out_to\": 717}',NULL,NULL,'2025-09-23 00:42:44'),(1002,717,'gauge','CHECKOUT','gauges',1156,NULL,'{\"gauge_id\": \"SP0008B\", \"checked_out_to\": 717}',NULL,NULL,'2025-09-23 00:47:05'),(1003,717,'gauge','RETURN','gauges',1156,NULL,'{\"notes\": \"\", \"gauge_id\": \"SP0008B\", \"condition\": \"good\"}',NULL,NULL,'2025-09-23 00:47:20'),(1004,717,'gauge','RETURN','gauges',1155,NULL,'{\"notes\": \"\", \"gauge_id\": \"SP0008A\", \"condition\": \"good\"}',NULL,NULL,'2025-09-23 00:55:53'),(1005,717,'gauge','QC_VERIFY','gauges',1155,NULL,'{\"gauge_id\": \"SP0008A\", \"condition\": 10, \"pass_fail\": \"pass\"}',NULL,NULL,'2025-09-23 00:56:08'),(1006,717,'gauge','QC_VERIFY','gauges',1156,NULL,'{\"gauge_id\": \"SP0008B\", \"condition\": 10, \"pass_fail\": \"pass\"}',NULL,NULL,'2025-09-23 00:56:17'),(1007,717,'gauge','QC_VERIFY','gauges',1145,NULL,'{\"gauge_id\": \"HT-000002\", \"condition\": 10, \"pass_fail\": \"pass\"}',NULL,NULL,'2025-09-23 00:56:27'),(1009,717,'gauge','CHECKOUT','gauges',1144,NULL,'{\"gauge_id\": \"HT-000001\", \"checked_out_to\": 717}',NULL,NULL,'2025-09-23 13:41:29'),(1010,717,'gauge','CHECKOUT','gauges',1156,NULL,'{\"gauge_id\": \"SP0008B\", \"checked_out_to\": 717}',NULL,NULL,'2025-09-23 13:41:43'),(1011,717,'gauge','CHECKOUT','gauges',1146,NULL,'{\"gauge_id\": \"LE-000001\", \"checked_out_to\": 717}',NULL,NULL,'2025-09-23 13:43:52'),(1012,717,'gauge','CHECKOUT','gauges',1155,NULL,'{\"gauge_id\": \"SP0008A\", \"checked_out_to\": 717}',NULL,NULL,'2025-09-23 13:44:46'),(1013,717,'gauge','RETURN','gauges',1155,NULL,'{\"notes\": \"\", \"gauge_id\": \"SP0008A\", \"condition\": \"good\"}',NULL,NULL,'2025-09-23 13:45:58'),(1014,717,'gauge','RETURN','gauges',1156,NULL,'{\"notes\": \"\", \"gauge_id\": \"SP0008B\", \"condition\": \"good\"}',NULL,NULL,'2025-09-23 13:46:02'),(1015,717,'gauge','QC_VERIFY','gauges',1155,NULL,'{\"gauge_id\": \"SP0008A\", \"condition\": 10, \"pass_fail\": \"pass\"}',NULL,NULL,'2025-09-23 13:46:23'),(1016,717,'gauge','QC_VERIFY','gauges',1142,NULL,'{\"gauge_id\": \"THP-000001A\", \"condition\": 10, \"pass_fail\": \"pass\"}',NULL,NULL,'2025-09-23 13:46:31'),(1017,717,'gauge','CHECKOUT','gauges',1142,NULL,'{\"gauge_id\": \"THP-000001A\", \"checked_out_to\": 717}',NULL,NULL,'2025-09-23 13:46:55'),(1018,717,'gauge','CHECKOUT','gauges',1155,NULL,'{\"gauge_id\": \"SP0008A\", \"checked_out_to\": 717}',NULL,NULL,'2025-09-23 13:51:07'),(1019,717,'gauge','CHECKOUT','gauges',1145,NULL,'{\"gauge_id\": \"HT-000002\", \"checked_out_to\": 717}',NULL,NULL,'2025-09-23 14:15:31'),(1020,717,'gauge','RETURN','gauges',1144,NULL,'{\"notes\": \"\", \"gauge_id\": \"HT-000001\", \"condition\": \"good\"}',NULL,NULL,'2025-09-23 14:15:51'),(1021,717,'gauge','QC_VERIFY','gauges',1156,NULL,'{\"gauge_id\": \"SP0008B\", \"condition\": 10, \"pass_fail\": \"pass\"}',NULL,NULL,'2025-09-23 14:16:01'),(1022,717,'gauge','CHECKOUT','gauges',1156,NULL,'{\"gauge_id\": \"SP0008B\", \"checked_out_to\": 717}',NULL,NULL,'2025-09-23 14:21:24'),(1023,717,'gauge','RETURN','gauges',1146,NULL,'{\"notes\": \"\", \"gauge_id\": \"LE-000001\", \"condition\": \"good\"}',NULL,NULL,'2025-09-23 14:23:19'),(1024,717,'gauge','QC_VERIFY','gauges',1143,NULL,'{\"gauge_id\": \"THP-000001B\", \"condition\": 10, \"pass_fail\": \"pass\"}',NULL,NULL,'2025-09-23 14:23:28'),(1025,717,'gauge','QC_VERIFY','gauges',1144,NULL,'{\"gauge_id\": \"HT-000001\", \"condition\": 10, \"pass_fail\": \"pass\"}',NULL,NULL,'2025-09-23 14:23:36'),(1026,717,'gauge','QC_VERIFY','gauges',1146,NULL,'{\"gauge_id\": \"LE-000001\", \"condition\": 10, \"pass_fail\": \"pass\"}',NULL,NULL,'2025-09-23 14:23:49'),(1027,717,'gauge','CHECKOUT','gauges',1144,NULL,'{\"gauge_id\": \"HT-000001\", \"checked_out_to\": 717}',NULL,NULL,'2025-09-23 14:23:55'),(1028,717,'gauge','CHECKOUT','gauges',1143,NULL,'{\"gauge_id\": \"THP-000001B\", \"checked_out_to\": 717}',NULL,NULL,'2025-09-23 14:24:36'),(1029,717,'gauge','RETURN','gauges',1142,NULL,'{\"notes\": \"\", \"gauge_id\": \"THP-000001A\", \"condition\": \"good\"}',NULL,NULL,'2025-09-23 14:30:16'),(1030,717,'gauge','QC_VERIFY','gauges',1142,NULL,'{\"gauge_id\": \"THP-000001A\", \"condition\": 10, \"pass_fail\": \"pass\"}',NULL,NULL,'2025-09-23 14:30:30'),(1031,717,'gauge','RETURN','gauges',1143,NULL,'{\"notes\": \"\", \"gauge_id\": \"THP-000001B\", \"condition\": \"good\"}',NULL,NULL,'2025-09-23 14:49:38'),(1032,717,'gauge','RETURN','gauges',1155,NULL,'{\"notes\": \"\", \"gauge_id\": \"SP0008A\", \"condition\": \"good\"}',NULL,NULL,'2025-09-23 14:49:42'),(1033,NULL,'gauge','gauge_updated','gauges',1155,NULL,NULL,'127.0.0.1',NULL,'2025-09-23 14:52:21'),(1034,717,'gauge','QC_VERIFY','gauges',1155,NULL,'{\"gauge_id\": \"SP0008A\", \"condition\": 10, \"pass_fail\": \"pass\"}',NULL,NULL,'2025-09-23 14:52:22'),(1035,NULL,'gauge','gauge_updated','gauges',1143,NULL,NULL,'127.0.0.1',NULL,'2025-09-23 14:52:28'),(1036,717,'gauge','QC_VERIFY','gauges',1143,NULL,'{\"gauge_id\": \"THP-000001B\", \"condition\": 10, \"pass_fail\": \"pass\"}',NULL,NULL,'2025-09-23 14:52:29'),(1037,717,'gauge','CHECKOUT','gauges',1155,NULL,'{\"gauge_id\": \"SP0008A\", \"checked_out_to\": 717}',NULL,NULL,'2025-09-23 14:54:33'),(1038,717,'gauge','RETURN','gauges',1155,NULL,'{\"notes\": \"\", \"gauge_id\": \"SP0008A\", \"condition\": \"good\"}',NULL,NULL,'2025-09-23 14:54:37'),(1039,717,'gauge','RETURN','gauges',1156,NULL,'{\"notes\": \"\", \"gauge_id\": \"SP0008B\", \"condition\": \"good\"}',NULL,NULL,'2025-09-23 14:55:58'),(1040,NULL,'gauge','gauge_updated','gauges',1155,NULL,NULL,'127.0.0.1',NULL,'2025-09-23 14:56:12'),(1041,717,'gauge','QC_VERIFY','gauges',1155,NULL,'{\"gauge_id\": \"SP0008A\", \"condition\": 10, \"pass_fail\": \"pass\"}',NULL,NULL,'2025-09-23 14:56:13'),(1042,NULL,'gauge','gauge_updated','gauges',1156,NULL,NULL,'127.0.0.1',NULL,'2025-09-23 14:56:15'),(1043,717,'gauge','QC_VERIFY','gauges',1156,NULL,'{\"gauge_id\": \"SP0008B\", \"condition\": 10, \"pass_fail\": \"pass\"}',NULL,NULL,'2025-09-23 14:56:15'),(1044,717,'gauge','RETURN','gauges',1144,NULL,'{\"notes\": \"\", \"gauge_id\": \"HT-000001\", \"condition\": \"good\"}',NULL,NULL,'2025-09-23 14:56:23'),(1045,717,'gauge','RETURN','gauges',1145,NULL,'{\"notes\": \"\", \"gauge_id\": \"HT-000002\", \"condition\": \"good\"}',NULL,NULL,'2025-09-23 14:57:12'),(1046,717,'gauge','CHECKOUT','gauges',1156,NULL,'{\"gauge_id\": \"SP0008B\", \"checked_out_to\": 717}',NULL,NULL,'2025-09-23 14:57:54'),(1047,717,'gauge','RETURN','gauges',1156,NULL,'{\"notes\": \"\", \"gauge_id\": \"SP0008B\", \"condition\": \"good\"}',NULL,NULL,'2025-09-23 14:57:57'),(1048,717,'gauge','CHECKOUT','gauges',1155,NULL,'{\"gauge_id\": \"SP0008A\", \"checked_out_to\": 717}',NULL,NULL,'2025-09-23 15:00:25'),(1049,717,'gauge','CHECKOUT','gauges',1143,NULL,'{\"gauge_id\": \"THP-000001B\", \"checked_out_to\": 717}',NULL,NULL,'2025-09-23 15:00:29'),(1050,717,'gauge','RETURN','gauges',1143,NULL,'{\"notes\": \"\", \"gauge_id\": \"THP-000001B\", \"condition\": \"good\"}',NULL,NULL,'2025-09-23 15:00:34'),(1051,717,'gauge','RETURN','gauges',1155,NULL,'{\"notes\": \"\", \"gauge_id\": \"SP0008A\", \"condition\": \"good\"}',NULL,NULL,'2025-09-23 15:00:39'),(1052,NULL,'gauge','gauge_updated','gauges',1155,NULL,NULL,'127.0.0.1',NULL,'2025-09-23 15:06:37'),(1053,717,'gauge','QC_VERIFY','gauges',1155,NULL,'{\"gauge_id\": \"SP0008A\", \"condition\": 10, \"pass_fail\": \"pass\"}',NULL,NULL,'2025-09-23 15:06:38'),(1054,NULL,'gauge','gauge_updated','gauges',1156,NULL,NULL,'127.0.0.1',NULL,'2025-09-23 15:06:41'),(1055,717,'gauge','QC_VERIFY','gauges',1156,NULL,'{\"gauge_id\": \"SP0008B\", \"condition\": 10, \"pass_fail\": \"pass\"}',NULL,NULL,'2025-09-23 15:06:42'),(1056,NULL,'gauge','gauge_updated','gauges',1143,NULL,NULL,'127.0.0.1',NULL,'2025-09-23 15:06:44'),(1057,717,'gauge','QC_VERIFY','gauges',1143,NULL,'{\"gauge_id\": \"THP-000001B\", \"condition\": 10, \"pass_fail\": \"pass\"}',NULL,NULL,'2025-09-23 15:06:44'),(1058,NULL,'gauge','gauge_updated','gauges',1144,NULL,NULL,'127.0.0.1',NULL,'2025-09-23 15:06:54'),(1059,717,'gauge','QC_VERIFY','gauges',1144,NULL,'{\"gauge_id\": \"HT-000001\", \"condition\": 10, \"pass_fail\": \"pass\"}',NULL,NULL,'2025-09-23 15:06:54'),(1060,NULL,'gauge','gauge_updated','gauges',1145,NULL,NULL,'127.0.0.1',NULL,'2025-09-23 15:07:10'),(1061,717,'gauge','QC_VERIFY','gauges',1145,NULL,'{\"gauge_id\": \"HT-000002\", \"condition\": 10, \"pass_fail\": \"pass\"}',NULL,NULL,'2025-09-23 15:07:11'),(1062,717,'gauge','CHECKOUT','gauges',1143,NULL,'{\"gauge_id\": \"THP-000001B\", \"checked_out_to\": 717}',NULL,NULL,'2025-09-23 15:08:54'),(1063,717,'gauge','CHECKOUT','gauges',1156,NULL,'{\"gauge_id\": \"SP0008B\", \"checked_out_to\": 717}',NULL,NULL,'2025-09-23 15:08:56'),(1064,717,'gauge','CHECKOUT','gauges',1142,NULL,'{\"gauge_id\": \"THP-000001A\", \"checked_out_to\": 717}',NULL,NULL,'2025-09-23 15:09:00'),(1065,717,'gauge','RETURN','gauges',1142,NULL,'{\"notes\": \"\", \"gauge_id\": \"THP-000001A\", \"condition\": \"good\"}',NULL,NULL,'2025-09-23 15:09:07'),(1066,717,'gauge','RETURN','gauges',1143,NULL,'{\"notes\": \"\", \"gauge_id\": \"THP-000001B\", \"condition\": \"good\"}',NULL,NULL,'2025-09-23 15:09:13'),(1067,NULL,'gauge','gauge_updated','gauges',1142,NULL,NULL,'127.0.0.1',NULL,'2025-09-23 15:09:21'),(1068,717,'gauge','QC_VERIFY','gauges',1142,NULL,'{\"gauge_id\": \"THP-000001A\", \"condition\": 10, \"pass_fail\": \"pass\"}',NULL,NULL,'2025-09-23 15:09:21'),(1069,NULL,'gauge','gauge_updated','gauges',1143,NULL,NULL,'127.0.0.1',NULL,'2025-09-23 15:09:24'),(1070,717,'gauge','QC_VERIFY','gauges',1143,NULL,'{\"gauge_id\": \"THP-000001B\", \"condition\": 10, \"pass_fail\": \"pass\"}',NULL,NULL,'2025-09-23 15:09:24'),(1071,717,'gauge','CHECKOUT','gauges',1144,NULL,'{\"gauge_id\": \"HT-000001\", \"checked_out_to\": 717}',NULL,NULL,'2025-09-23 15:09:59'),(1072,717,'gauge','CHECKOUT','gauges',1142,NULL,'{\"gauge_id\": \"THP-000001A\", \"checked_out_to\": 717}',NULL,NULL,'2025-09-23 15:10:10'),(1073,717,'gauge','RETURN','gauges',1142,NULL,'{\"notes\": \"\", \"gauge_id\": \"THP-000001A\", \"condition\": \"good\"}',NULL,NULL,'2025-09-23 15:10:19'),(1074,NULL,'gauge','gauge_updated','gauges',1142,NULL,NULL,'127.0.0.1',NULL,'2025-09-23 15:10:23'),(1075,717,'gauge','QC_VERIFY','gauges',1142,NULL,'{\"gauge_id\": \"THP-000001A\", \"condition\": 10, \"pass_fail\": \"pass\"}',NULL,NULL,'2025-09-23 15:10:24'),(1076,717,'gauge','CHECKOUT','gauges',1146,NULL,'{\"gauge_id\": \"LE-000001\", \"checked_out_to\": 717}',NULL,NULL,'2025-09-23 15:10:33'),(1077,717,'gauge','RETURN','gauges',1146,NULL,'{\"notes\": \"\", \"gauge_id\": \"LE-000001\", \"condition\": \"good\"}',NULL,NULL,'2025-09-23 15:10:36'),(1078,NULL,'gauge','gauge_updated','gauges',1146,NULL,NULL,'127.0.0.1',NULL,'2025-09-23 15:10:45'),(1079,717,'gauge','QC_VERIFY','gauges',1146,NULL,'{\"gauge_id\": \"LE-000001\", \"condition\": 10, \"pass_fail\": \"pass\"}',NULL,NULL,'2025-09-23 15:10:45'),(1080,717,'gauge','RETURN','gauges',1156,NULL,'{\"notes\": \"\", \"gauge_id\": \"SP0008B\", \"condition\": \"good\"}',NULL,NULL,'2025-09-23 15:13:37'),(1081,NULL,'gauge','gauge_updated','gauges',1156,NULL,NULL,'127.0.0.1',NULL,'2025-09-23 15:20:43'),(1082,717,'gauge','QC_VERIFY','gauges',1156,NULL,'{\"gauge_id\": \"SP0008B\", \"condition\": 10, \"pass_fail\": \"pass\"}',NULL,NULL,'2025-09-23 15:20:43'),(1083,717,'gauge','CHECKOUT','gauges',1142,NULL,'{\"gauge_id\": \"THP-000001A\", \"checked_out_to\": 717}',NULL,NULL,'2025-09-23 15:22:33'),(1084,717,'gauge','CHECKOUT','gauges',1143,NULL,'{\"gauge_id\": \"THP-000001B\", \"checked_out_to\": 717}',NULL,NULL,'2025-09-23 15:22:40'),(1085,717,'gauge','RETURN','gauges',1142,NULL,'{\"notes\": \"\", \"gauge_id\": \"THP-000001A\", \"condition\": \"good\"}',NULL,NULL,'2025-09-23 15:22:52'),(1086,717,'gauge','CHECKOUT','gauges',1156,NULL,'{\"gauge_id\": \"SP0008B\", \"checked_out_to\": 717}',NULL,NULL,'2025-09-23 15:23:33'),(1087,NULL,'gauge','gauge_updated','gauges',1142,NULL,NULL,'127.0.0.1',NULL,'2025-09-23 15:24:17'),(1088,717,'gauge','QC_VERIFY','gauges',1142,NULL,'{\"gauge_id\": \"THP-000001A\", \"condition\": 10, \"pass_fail\": \"pass\"}',NULL,NULL,'2025-09-23 15:24:17'),(1089,717,'gauge','CHECKOUT','gauges',1142,NULL,'{\"gauge_id\": \"THP-000001A\", \"checked_out_to\": 717}',NULL,NULL,'2025-09-23 15:26:06'),(1090,717,'gauge','CHECKOUT','gauges',1155,NULL,'{\"gauge_id\": \"SP0008A\", \"checked_out_to\": 717}',NULL,NULL,'2025-09-23 15:27:42'),(1091,717,'gauge','RETURN','gauges',1156,NULL,'{\"notes\": \"\", \"gauge_id\": \"SP0008B\", \"condition\": \"good\"}',NULL,NULL,'2025-09-23 15:30:41'),(1092,NULL,'gauge','gauge_updated','gauges',1156,NULL,NULL,'127.0.0.1',NULL,'2025-09-23 17:26:14'),(1093,717,'gauge','QC_VERIFY','gauges',1156,NULL,'{\"gauge_id\": \"SP0008B\", \"condition\": 10, \"pass_fail\": \"pass\"}',NULL,NULL,'2025-09-23 17:26:14'),(1094,717,'gauge','CHECKOUT','gauges',1146,NULL,'{\"gauge_id\": \"LE-000001\", \"checked_out_to\": 717}',NULL,NULL,'2025-09-23 17:26:34'),(1095,717,'gauge','RETURN','gauges',1146,NULL,'{\"notes\": \"\", \"gauge_id\": \"LE-000001\", \"condition\": \"good\"}',NULL,NULL,'2025-09-23 17:26:45'),(1096,NULL,'gauge','gauge_updated','gauges',1146,NULL,NULL,'127.0.0.1',NULL,'2025-09-23 17:26:50'),(1097,717,'gauge','QC_VERIFY','gauges',1146,NULL,'{\"gauge_id\": \"LE-000001\", \"condition\": 10, \"pass_fail\": \"pass\"}',NULL,NULL,'2025-09-23 17:26:50'),(1098,717,'gauge','CHECKOUT','gauges',1146,NULL,'{\"gauge_id\": \"LE-000001\", \"checked_out_to\": 717}',NULL,NULL,'2025-09-23 17:41:48'),(1099,717,'gauge','RETURN','gauges',1146,NULL,'{\"notes\": \"\", \"gauge_id\": \"LE-000001\", \"condition\": \"good\"}',NULL,NULL,'2025-09-23 17:41:50'),(1100,NULL,'gauge','gauge_updated','gauges',1146,NULL,NULL,'127.0.0.1',NULL,'2025-09-23 17:41:55'),(1101,717,'gauge','QC_VERIFY','gauges',1146,NULL,'{\"gauge_id\": \"LE-000001\", \"condition\": 10, \"pass_fail\": \"pass\"}',NULL,NULL,'2025-09-23 17:41:55'),(1102,717,'gauge','CHECKOUT','gauges',1146,NULL,'{\"gauge_id\": \"LE-000001\", \"checked_out_to\": 717}',NULL,NULL,'2025-09-23 17:42:18'),(1103,717,'gauge','RETURN','gauges',1144,NULL,'{\"notes\": \"\", \"gauge_id\": \"HT-000001\", \"condition\": \"good\"}',NULL,NULL,'2025-09-23 17:42:25'),(1104,717,'gauge','RETURN','gauges',1146,NULL,'{\"notes\": \"\", \"gauge_id\": \"LE-000001\", \"condition\": \"good\"}',NULL,NULL,'2025-09-23 17:42:27'),(1105,NULL,'gauge','gauge_updated','gauges',1146,NULL,NULL,'127.0.0.1',NULL,'2025-09-23 17:42:44'),(1106,717,'gauge','QC_VERIFY','gauges',1146,NULL,'{\"gauge_id\": \"LE-000001\", \"condition\": 10, \"pass_fail\": \"pass\"}',NULL,NULL,'2025-09-23 17:42:44'),(1107,NULL,'gauge','gauge_updated','gauges',1144,NULL,NULL,'127.0.0.1',NULL,'2025-09-23 17:42:53'),(1108,717,'gauge','QC_VERIFY','gauges',1144,NULL,'{\"gauge_id\": \"HT-000001\", \"condition\": 10, \"pass_fail\": \"pass\"}',NULL,NULL,'2025-09-23 17:42:53'),(1109,717,'gauge','RETURN','gauges',1155,NULL,'{\"notes\": \"\", \"gauge_id\": \"SP0008A\", \"condition\": \"good\"}',NULL,NULL,'2025-09-23 17:43:36'),(1110,NULL,'gauge','gauge_updated','gauges',1155,NULL,NULL,'127.0.0.1',NULL,'2025-09-23 17:54:59'),(1111,717,'gauge','QC_VERIFY','gauges',1155,NULL,'{\"gauge_id\": \"SP0008A\", \"condition\": 10, \"pass_fail\": \"pass\"}',NULL,NULL,'2025-09-23 17:54:59'),(1112,717,'gauge','RETURN','gauges',1143,NULL,'{\"notes\": \"\", \"gauge_id\": \"THP-000001B\", \"condition\": \"good\"}',NULL,NULL,'2025-09-23 17:55:03'),(1134,717,'gauge','CHECKOUT','gauges',1155,NULL,'{\"gauge_id\": \"SP0008A\", \"checked_out_to\": 717}',NULL,NULL,'2025-09-23 18:06:29'),(1146,717,'gauge','RETURN','gauges',1155,NULL,'{\"notes\": \"\", \"gauge_id\": \"SP0008A\", \"condition\": \"good\"}',NULL,NULL,'2025-09-23 18:08:22'),(1147,717,'gauge','CHECKOUT','gauges',1156,NULL,'{\"gauge_id\": \"SP0008B\", \"checked_out_to\": 717}',NULL,NULL,'2025-09-23 18:16:11'),(1148,717,'gauge','RETURN','gauges',1142,NULL,'{\"notes\": \"\", \"gauge_id\": \"THP-000001A\", \"condition\": \"good\"}',NULL,NULL,'2025-09-23 18:25:39'),(1149,717,'gauge','CHECKOUT','gauges',1144,NULL,'{\"gauge_id\": \"HT-000001\", \"checked_out_to\": 717}',NULL,NULL,'2025-09-23 18:26:34'),(1150,717,'gauge','CHECKOUT','gauges',1145,NULL,'{\"gauge_id\": \"HT-000002\", \"checked_out_to\": 717}',NULL,NULL,'2025-09-23 18:26:38'),(1162,7,'gauge','CHECKOUT','gauges',1146,NULL,'{\"gauge_id\": \"LE-000001\", \"checked_out_to\": 7}',NULL,NULL,'2025-09-23 18:32:55'),(1163,7,'gauge','RETURN','gauges',1156,NULL,'{\"notes\": \"\", \"gauge_id\": \"SP0008B\", \"condition\": \"good\"}',NULL,NULL,'2025-09-23 18:33:40'),(1164,NULL,'gauge','gauge_updated','gauges',1155,NULL,NULL,'127.0.0.1',NULL,'2025-09-23 18:56:19'),(1165,7,'gauge','QC_VERIFY','gauges',1155,NULL,'{\"gauge_id\": \"SP0008A\", \"condition\": 10, \"pass_fail\": \"pass\"}',NULL,NULL,'2025-09-23 18:56:19'),(1166,NULL,'gauge','gauge_updated','gauges',1156,NULL,NULL,'127.0.0.1',NULL,'2025-09-23 18:56:26'),(1167,7,'gauge','QC_VERIFY','gauges',1156,NULL,'{\"gauge_id\": \"SP0008B\", \"condition\": 10, \"pass_fail\": \"pass\"}',NULL,NULL,'2025-09-23 18:56:27'),(1168,NULL,'gauge','gauge_updated','gauges',1142,NULL,NULL,'127.0.0.1',NULL,'2025-09-23 18:56:30'),(1169,7,'gauge','QC_VERIFY','gauges',1142,NULL,'{\"gauge_id\": \"THP-000001A\", \"condition\": 10, \"pass_fail\": \"pass\"}',NULL,NULL,'2025-09-23 18:56:31'),(1170,7,'gauge','CHECKOUT','gauges',1142,NULL,'{\"gauge_id\": \"THP-000001A\", \"checked_out_to\": 7}',NULL,NULL,'2025-09-23 18:56:37'),(1171,7,'gauge','TRANSFER_INITIATED','gauge_transfers',19,NULL,'{\"reason\": \"Transfer request\", \"gauge_id\": \"THP-000001A\", \"to_user_id\": 717, \"from_user_id\": 7}',NULL,NULL,'2025-09-23 18:57:38'),(1172,7,'gauge','TRANSFER_INITIATED','gauge_transfers',20,NULL,'{\"reason\": \"Transfer request\", \"gauge_id\": \"THP-000001A\", \"to_user_id\": 717, \"from_user_id\": 7}',NULL,NULL,'2025-09-23 18:57:58'),(1173,7,'gauge','RETURN','gauges',1142,NULL,'{\"notes\": \"\", \"gauge_id\": \"THP-000001A\", \"condition\": \"good\"}',NULL,NULL,'2025-09-23 19:08:42'),(1174,7,'gauge','TRANSFER_INITIATED','gauge_transfers',21,NULL,'{\"reason\": \"Transfer request\", \"gauge_id\": \"LE-000001\", \"to_user_id\": 10, \"from_user_id\": 7}',NULL,NULL,'2025-09-23 19:12:31'),(1175,7,'gauge','TRANSFER_REJECTED','gauge_transfers',21,NULL,'{\"reason\": \"Transfer cancelled by user\", \"gauge_id\": \"LE-001\", \"rejected_by\": \"sender\"}',NULL,NULL,'2025-09-23 21:35:22'),(1176,7,'gauge','TRANSFER_INITIATED','gauge_transfers',22,NULL,'{\"reason\": \"Transfer request\", \"gauge_id\": \"LE-000001\", \"to_user_id\": 717, \"from_user_id\": 7}',NULL,NULL,'2025-09-23 21:35:46'),(1177,7,'gauge','CHECKOUT','gauges',1156,NULL,'{\"gauge_id\": \"SP0008B\", \"checked_out_to\": 7}',NULL,NULL,'2025-09-23 21:37:55'),(1178,7,'gauge','TRANSFER_INITIATED','gauge_transfers',23,NULL,'{\"reason\": \"Transfer request\", \"gauge_id\": \"SP0008B\", \"to_user_id\": 717, \"from_user_id\": 7}',NULL,NULL,'2025-09-23 21:45:56'),(1179,7,'gauge','CHECKOUT','gauges',1155,NULL,'{\"gauge_id\": \"SP0008A\", \"checked_out_to\": 7}',NULL,NULL,'2025-09-23 21:46:00'),(1180,7,'gauge','RETURN','gauges',1155,NULL,'{\"notes\": \"\", \"gauge_id\": \"SP0008A\", \"condition\": \"good\"}',NULL,NULL,'2025-09-23 22:38:46'),(1181,NULL,'gauge','gauge_updated','gauges',1142,NULL,NULL,'127.0.0.1',NULL,'2025-09-23 22:38:55'),(1182,7,'gauge','QC_VERIFY','gauges',1142,NULL,'{\"gauge_id\": \"THP-000001A\", \"condition\": 10, \"pass_fail\": \"pass\"}',NULL,NULL,'2025-09-23 22:38:55'),(1183,NULL,'gauge','gauge_updated','gauges',1143,NULL,NULL,'127.0.0.1',NULL,'2025-09-23 22:38:57'),(1184,7,'gauge','QC_VERIFY','gauges',1143,NULL,'{\"gauge_id\": \"THP-000001B\", \"condition\": 10, \"pass_fail\": \"pass\"}',NULL,NULL,'2025-09-23 22:38:58'),(1185,NULL,'gauge','gauge_updated','gauges',1155,NULL,NULL,'127.0.0.1',NULL,'2025-09-23 22:39:17'),(1186,7,'gauge','QC_VERIFY','gauges',1155,NULL,'{\"gauge_id\": \"SP0008A\", \"condition\": 10, \"pass_fail\": \"pass\"}',NULL,NULL,'2025-09-23 22:39:17'),(1187,7,'gauge','RETURN','gauges',1156,NULL,'{\"notes\": \"\", \"gauge_id\": \"SP0008B\", \"condition\": \"good\"}',NULL,NULL,'2025-09-23 22:40:48'),(1188,NULL,'gauge','gauge_updated','gauges',1156,NULL,NULL,'127.0.0.1',NULL,'2025-09-23 22:40:51'),(1189,7,'gauge','QC_VERIFY','gauges',1156,NULL,'{\"gauge_id\": \"SP0008B\", \"condition\": 10, \"pass_fail\": \"pass\"}',NULL,NULL,'2025-09-23 22:40:52'),(1190,7,'gauge','CHECKOUT','gauges',1156,NULL,'{\"gauge_id\": \"SP0008B\", \"checked_out_to\": 7}',NULL,NULL,'2025-09-23 22:41:11'),(1191,7,'gauge','TRANSFER_REJECTED','gauge_transfers',23,NULL,'{\"reason\": \"Transfer cancelled by user\", \"gauge_id\": \"SP0008B\", \"rejected_by\": \"sender\"}',NULL,NULL,'2025-09-23 22:41:23'),(1192,7,'gauge','RETURN','gauges',1156,NULL,'{\"notes\": \"\", \"gauge_id\": \"SP0008B\", \"condition\": \"good\"}',NULL,NULL,'2025-09-23 22:43:09'),(1193,NULL,'gauge','gauge_updated','gauges',1156,NULL,NULL,'127.0.0.1',NULL,'2025-09-23 22:43:12'),(1194,7,'gauge','QC_VERIFY','gauges',1156,NULL,'{\"gauge_id\": \"SP0008B\", \"condition\": 10, \"pass_fail\": \"pass\"}',NULL,NULL,'2025-09-23 22:43:13'),(1195,7,'gauge','CHECKOUT','gauges',1142,NULL,'{\"gauge_id\": \"THP-000001A\", \"checked_out_to\": 7}',NULL,NULL,'2025-09-23 23:31:06'),(1196,7,'gauge','TRANSFER_CANCELLED','gauge_transfers',19,NULL,'{\"reason\": \"Gauge returned - transfer automatically cancelled\", \"to_user\": \"James Dickson\", \"gauge_id\": \"THP-000001A\", \"from_user\": \"System Administrator\"}',NULL,NULL,'2025-09-23 23:31:23'),(1197,7,'gauge','TRANSFER_CANCELLED','gauge_transfers',20,NULL,'{\"reason\": \"Gauge returned - transfer automatically cancelled\", \"to_user\": \"James Dickson\", \"gauge_id\": \"THP-000001A\", \"from_user\": \"System Administrator\"}',NULL,NULL,'2025-09-23 23:31:23'),(1198,7,'gauge','RETURN','gauges',1142,NULL,'{\"notes\": \"\", \"gauge_id\": \"THP-000001A\", \"condition\": \"good\", \"cancelled_transfers\": 2}',NULL,NULL,'2025-09-23 23:31:23'),(1199,NULL,'gauge','gauge_updated','gauges',1142,NULL,NULL,'127.0.0.1',NULL,'2025-09-23 23:31:35'),(1200,7,'gauge','QC_VERIFY','gauges',1142,NULL,'{\"gauge_id\": \"THP-000001A\", \"condition\": 10, \"pass_fail\": \"pass\"}',NULL,NULL,'2025-09-23 23:31:35'),(1217,717,'gauge','CHECKOUT','gauges',1156,NULL,'{\"gauge_id\": \"SP0008B\", \"checked_out_to\": 717}',NULL,NULL,'2025-09-24 11:07:41'),(1218,717,'gauge','CHECKOUT','gauges',1142,NULL,'{\"gauge_id\": \"THP-000001A\", \"checked_out_to\": 717}',NULL,NULL,'2025-09-24 11:07:46'),(1219,717,'gauge','RETURN','gauges',1142,NULL,'{\"notes\": \"\", \"gauge_id\": \"THP-000001A\", \"condition\": \"good\", \"cancelled_transfers\": 0}',NULL,NULL,'2025-09-24 11:08:02'),(1220,NULL,'gauge','gauge_updated','gauges',1142,NULL,NULL,'127.0.0.1',NULL,'2025-09-24 11:08:07'),(1221,717,'gauge','QC_VERIFY','gauges',1142,NULL,'{\"gauge_id\": \"THP-000001A\", \"condition\": 10, \"pass_fail\": \"pass\"}',NULL,NULL,'2025-09-24 11:08:07'),(1222,717,'gauge','CHECKOUT','gauges',1143,NULL,'{\"gauge_id\": \"THP-000001B\", \"checked_out_to\": 717}',NULL,NULL,'2025-09-24 11:42:59'),(1223,717,'gauge','CHECKOUT','gauges',1155,NULL,'{\"gauge_id\": \"SP0008A\", \"checked_out_to\": 717}',NULL,NULL,'2025-09-24 11:43:09'),(1224,717,'gauge','RETURN','gauges',1143,NULL,'{\"notes\": \"\", \"gauge_id\": \"THP-000001B\", \"condition\": \"good\", \"cancelled_transfers\": 0}',NULL,NULL,'2025-09-24 11:43:12'),(1225,717,'gauge','RETURN','gauges',1155,NULL,'{\"notes\": \"\", \"gauge_id\": \"SP0008A\", \"condition\": \"good\", \"cancelled_transfers\": 0}',NULL,NULL,'2025-09-24 11:43:14'),(1226,717,'gauge','RETURN','gauges',1156,NULL,'{\"notes\": \"\", \"gauge_id\": \"SP0008B\", \"condition\": \"good\", \"cancelled_transfers\": 0}',NULL,NULL,'2025-09-24 12:52:01'),(1227,717,'gauge','CHECKOUT','gauges',1142,NULL,'{\"gauge_id\": \"THP-000001A\", \"checked_out_to\": 717}',NULL,NULL,'2025-09-24 13:14:56'),(1228,NULL,'gauge','gauge_updated','gauges',1155,NULL,NULL,'127.0.0.1',NULL,'2025-09-24 13:15:30'),(1229,717,'gauge','QC_VERIFY','gauges',1155,NULL,'{\"gauge_id\": \"SP0008A\", \"condition\": 10, \"pass_fail\": \"pass\"}',NULL,NULL,'2025-09-24 13:15:30'),(1230,NULL,'gauge','gauge_updated','gauges',1156,NULL,NULL,'127.0.0.1',NULL,'2025-09-24 13:15:37'),(1231,717,'gauge','QC_VERIFY','gauges',1156,NULL,'{\"gauge_id\": \"SP0008B\", \"condition\": 10, \"pass_fail\": \"pass\"}',NULL,NULL,'2025-09-24 13:15:37'),(1232,NULL,'gauge','gauge_updated','gauges',1143,NULL,NULL,'127.0.0.1',NULL,'2025-09-24 13:15:54'),(1233,717,'gauge','QC_VERIFY','gauges',1143,NULL,'{\"gauge_id\": \"THP-000001B\", \"condition\": 10, \"pass_fail\": \"pass\"}',NULL,NULL,'2025-09-24 13:15:55'),(1234,717,'gauge','RETURN','gauges',1142,NULL,'{\"notes\": \"\", \"gauge_id\": \"THP-000001A\", \"condition\": \"good\", \"cancelled_transfers\": 0}',NULL,NULL,'2025-09-24 13:17:43'),(1235,717,'gauge','RETURN','gauges',1144,NULL,'{\"notes\": \"\", \"gauge_id\": \"HT-000001\", \"condition\": \"good\", \"cancelled_transfers\": 0}',NULL,NULL,'2025-09-24 13:17:47'),(1236,717,'gauge','TRANSFER_CANCELLED','gauge_transfers',22,NULL,'{\"reason\": \"Gauge returned - transfer automatically cancelled\", \"to_user\": \"James Dickson\", \"gauge_id\": \"LE-000001\", \"from_user\": \"System Administrator\"}',NULL,NULL,'2025-09-24 13:17:51'),(1237,717,'gauge','RETURN','gauges',1146,NULL,'{\"notes\": \"\", \"gauge_id\": \"LE-000001\", \"condition\": \"good\", \"cancelled_transfers\": 1}',NULL,NULL,'2025-09-24 13:17:51'),(1238,717,'gauge','RETURN','gauges',1145,NULL,'{\"notes\": \"\", \"gauge_id\": \"HT-000002\", \"condition\": \"good\", \"cancelled_transfers\": 0}',NULL,NULL,'2025-09-24 13:17:56'),(1239,NULL,'gauge','gauge_updated','gauges',1142,NULL,NULL,'127.0.0.1',NULL,'2025-09-24 13:18:00'),(1240,717,'gauge','QC_VERIFY','gauges',1142,NULL,'{\"gauge_id\": \"THP-000001A\", \"condition\": 10, \"pass_fail\": \"pass\"}',NULL,NULL,'2025-09-24 13:18:01'),(1241,NULL,'gauge','gauge_updated','gauges',1145,NULL,NULL,'127.0.0.1',NULL,'2025-09-24 13:18:11'),(1242,717,'gauge','QC_VERIFY','gauges',1145,NULL,'{\"gauge_id\": \"HT-000002\", \"condition\": 10, \"pass_fail\": \"pass\"}',NULL,NULL,'2025-09-24 13:18:11'),(1243,NULL,'gauge','gauge_updated','gauges',1144,NULL,NULL,'127.0.0.1',NULL,'2025-09-24 13:18:16'),(1244,717,'gauge','QC_VERIFY','gauges',1144,NULL,'{\"gauge_id\": \"HT-000001\", \"condition\": 10, \"pass_fail\": \"pass\"}',NULL,NULL,'2025-09-24 13:18:16'),(1245,NULL,'gauge','gauge_updated','gauges',1146,NULL,NULL,'127.0.0.1',NULL,'2025-09-24 14:15:38'),(1246,717,'gauge','QC_VERIFY','gauges',1146,NULL,'{\"gauge_id\": \"LE-000001\", \"condition\": 10, \"pass_fail\": \"pass\"}',NULL,NULL,'2025-09-24 14:15:39'),(1247,717,'gauge','CHECKOUT','gauges',1142,NULL,'{\"gauge_id\": \"THP-000001A\", \"checked_out_to\": 717}',NULL,NULL,'2025-09-24 14:27:06'),(1248,717,'gauge','RETURN','gauges',1142,NULL,'{\"notes\": \"\", \"gauge_id\": \"THP-000001A\", \"condition\": \"good\", \"cancelled_transfers\": 0}',NULL,NULL,'2025-09-24 14:27:12'),(1249,NULL,'gauge','gauge_updated','gauges',1142,NULL,NULL,'127.0.0.1',NULL,'2025-09-24 14:27:16'),(1250,717,'gauge','QC_VERIFY','gauges',1142,NULL,'{\"gauge_id\": \"THP-000001A\", \"condition\": 10, \"pass_fail\": \"pass\"}',NULL,NULL,'2025-09-24 14:27:16'),(1255,717,'gauge','CHECKOUT','gauges',1142,NULL,'{\"gauge_id\": \"THP-000001A\", \"checked_out_to\": 717}',NULL,NULL,'2025-09-24 15:12:22'),(1256,717,'gauge','CHECKOUT','gauges',1143,NULL,'{\"gauge_id\": \"THP-000001B\", \"checked_out_to\": 717}',NULL,NULL,'2025-09-24 15:17:36'),(1257,717,'gauge','RETURN','gauges',1143,NULL,'{\"notes\": \"\", \"gauge_id\": \"THP-000001B\", \"condition\": \"good\", \"cancelled_transfers\": 0}',NULL,NULL,'2025-09-24 15:19:08'),(1258,NULL,'gauge','gauge_updated','gauges',1143,NULL,NULL,'127.0.0.1',NULL,'2025-09-24 15:19:13'),(1259,717,'gauge','QC_VERIFY','gauges',1143,NULL,'{\"gauge_id\": \"THP-000001B\", \"condition\": 10, \"pass_fail\": \"pass\"}',NULL,NULL,'2025-09-24 15:19:13'),(1261,717,'gauge','gauge_updated','gauges',1155,NULL,NULL,'127.0.0.1',NULL,'2025-09-24 19:27:26'),(1262,717,'gauge','gauge_updated','gauges',1155,NULL,NULL,'127.0.0.1',NULL,'2025-09-24 19:27:35'),(1263,717,'gauge','gauge_updated','gauges',1155,NULL,NULL,'127.0.0.1',NULL,'2025-09-24 19:32:33'),(1264,717,'gauge','gauge_updated','gauges',1155,NULL,NULL,'127.0.0.1',NULL,'2025-09-24 19:32:44'),(1265,717,'gauge','gauge_updated','gauges',1155,NULL,NULL,'127.0.0.1',NULL,'2025-09-24 19:33:01'),(1266,717,'gauge','gauge_updated','gauges',1155,NULL,NULL,'127.0.0.1',NULL,'2025-09-24 19:33:26'),(1267,717,'gauge','gauge_updated','gauges',1155,NULL,NULL,'127.0.0.1',NULL,'2025-09-24 19:33:35'),(1269,717,'gauge','CHECKOUT','gauges',1143,NULL,'{\"gauge_id\": \"THP-000001B\", \"checked_out_to\": 717}',NULL,NULL,'2025-09-26 14:10:05'),(1270,717,'gauge','gauge_updated','gauges',1156,NULL,NULL,'127.0.0.1',NULL,'2025-09-26 14:11:17'),(1271,717,'gauge','TRANSFER_INITIATED','gauge_transfers',24,NULL,'{\"reason\": \"Transfer request\", \"gauge_id\": \"THP-000001B\", \"to_user_id\": 717, \"from_user_id\": 717}',NULL,NULL,'2025-09-26 15:29:31'),(1272,717,'gauge','CHECKOUT','gauges',1144,NULL,'{\"gauge_id\": \"HT-000001\", \"checked_out_to\": 717}',NULL,NULL,'2025-09-26 15:33:37'),(1273,717,'gauge','CHECKOUT','gauges',1156,NULL,'{\"gauge_id\": \"SP0008B\", \"checked_out_to\": 717}',NULL,NULL,'2025-09-26 15:33:42'),(1274,717,'gauge','RETURN','gauges',1142,NULL,'{\"notes\": \"\", \"gauge_id\": \"THP-000001A\", \"condition\": \"good\", \"cancelled_transfers\": 0}',NULL,NULL,'2025-09-26 15:35:14'),(1275,717,'gauge','RETURN','gauges',1156,NULL,'{\"notes\": \"\", \"gauge_id\": \"SP0008B\", \"condition\": \"good\", \"cancelled_transfers\": 0}',NULL,NULL,'2025-09-26 15:35:18'),(1276,717,'gauge','TRANSFER_INITIATED','gauge_transfers',25,NULL,'{\"reason\": \"Transfer request\", \"gauge_id\": \"HT-000001\", \"to_user_id\": 717, \"from_user_id\": 717}',NULL,NULL,'2025-09-26 15:35:29'),(1277,NULL,'gauge','gauge_updated','gauges',1156,NULL,NULL,'127.0.0.1',NULL,'2025-09-26 15:37:20'),(1278,717,'gauge','QC_VERIFY','gauges',1156,NULL,'{\"gauge_id\": \"SP0008B\", \"condition\": 10, \"pass_fail\": \"pass\"}',NULL,NULL,'2025-09-26 15:37:21'),(1279,NULL,'gauge','gauge_updated','gauges',1142,NULL,NULL,'127.0.0.1',NULL,'2025-09-26 15:37:26'),(1280,717,'gauge','QC_VERIFY','gauges',1142,NULL,'{\"gauge_id\": \"THP-000001A\", \"condition\": 10, \"pass_fail\": \"pass\"}',NULL,NULL,'2025-09-26 15:37:27'),(1281,717,'gauge','CHECKOUT','gauges',1156,NULL,'{\"gauge_id\": \"SP0008B\", \"checked_out_to\": 717}',NULL,NULL,'2025-09-26 15:37:40'),(1282,717,'gauge','CHECKOUT','gauges',1142,NULL,'{\"gauge_id\": \"THP-000001A\", \"checked_out_to\": 717}',NULL,NULL,'2025-09-26 15:37:51'),(1283,717,'gauge','RETURN','gauges',1142,NULL,'{\"notes\": \"\", \"gauge_id\": \"THP-000001A\", \"condition\": \"good\", \"cancelled_transfers\": 0}',NULL,NULL,'2025-09-26 15:38:04'),(1284,NULL,'gauge','gauge_updated','gauges',1142,NULL,NULL,'127.0.0.1',NULL,'2025-09-26 18:01:16'),(1285,717,'gauge','QC_VERIFY','gauges',1142,NULL,'{\"gauge_id\": \"THP-000001A\", \"condition\": 10, \"pass_fail\": \"pass\"}',NULL,NULL,'2025-09-26 18:01:16'),(1286,717,'gauge','CHECKOUT','gauges',1142,NULL,'{\"gauge_id\": \"THP-000001A\", \"checked_out_to\": 717}',NULL,NULL,'2025-09-26 18:11:31'),(1287,717,'gauge','RETURN','gauges',1142,NULL,'{\"notes\": \"\", \"gauge_id\": \"THP-000001A\", \"condition\": \"good\", \"cancelled_transfers\": 0}',NULL,NULL,'2025-09-26 19:23:29'),(1289,NULL,'gauge','gauge_updated','gauges',1142,NULL,NULL,'127.0.0.1',NULL,'2025-09-29 15:46:10'),(1290,717,'gauge','QC_VERIFY','gauges',1142,NULL,'{\"gauge_id\": \"THP-000001A\", \"condition\": 10, \"pass_fail\": \"pass\"}',NULL,NULL,'2025-09-29 15:46:11'),(1291,717,'gauge','CHECKOUT','gauges',1142,NULL,'{\"gauge_id\": \"THP-000001A\", \"checked_out_to\": 717}',NULL,NULL,'2025-09-29 15:46:19'),(1292,717,'gauge','gauge_updated','gauges',1155,NULL,NULL,'127.0.0.1',NULL,'2025-09-29 15:47:01'),(1293,717,'gauge','gauge_updated','gauges',1155,NULL,NULL,'127.0.0.1',NULL,'2025-09-29 15:47:12'),(1294,717,'gauge','TRANSFER_REJECTED','gauge_transfers',24,NULL,'{\"reason\": \"Transfer cancelled by user\", \"gauge_id\": \"TH-002\", \"rejected_by\": \"sender\"}',NULL,NULL,'2025-09-29 15:48:18'),(1295,717,'gauge','TRANSFER_INITIATED','gauge_transfers',26,NULL,'{\"reason\": \"Transfer request\", \"gauge_id\": \"SP0008B\", \"to_user_id\": 10, \"from_user_id\": 717}',NULL,NULL,'2025-09-29 15:48:38'),(1296,717,'gauge','TRANSFER_INITIATED','gauge_transfers',27,NULL,'{\"reason\": \"Transfer request\", \"gauge_id\": \"THP-000001A\", \"to_user_id\": 10, \"from_user_id\": 717}',NULL,NULL,'2025-09-29 15:49:01'),(1297,717,'gauge','gauge_updated','gauges',1155,NULL,NULL,'127.0.0.1',NULL,'2025-09-29 16:23:04'),(1298,717,'gauge','TRANSFER_CANCELLED','gauge_transfers',25,NULL,'{\"reason\": \"Gauge returned - transfer automatically cancelled\", \"to_user\": \"James Dickson\", \"gauge_id\": \"HT-000001\", \"from_user\": \"James Dickson\"}',NULL,NULL,'2025-09-29 16:27:33'),(1299,717,'gauge','RETURN','gauges',1144,NULL,'{\"notes\": \"\", \"gauge_id\": \"HT-000001\", \"condition\": \"good\", \"cancelled_transfers\": 1}',NULL,NULL,'2025-09-29 16:27:33'),(1300,717,'gauge','gauge_updated','gauges',1155,NULL,NULL,'127.0.0.1',NULL,'2025-09-29 16:29:30'),(1306,717,'gauge','CHECKOUT','gauges',1145,NULL,'{\"gauge_id\": \"HT-000002\", \"checked_out_to\": 717}',NULL,NULL,'2025-10-01 23:38:11'),(1307,717,'gauge','TRANSFER_CANCELLED','gauge_transfers',26,NULL,'{\"reason\": \"Gauge returned - transfer automatically cancelled\", \"to_user\": \"Bob Wilson\", \"gauge_id\": \"SP0008B\", \"from_user\": \"James Dickson\"}',NULL,NULL,'2025-10-01 23:38:20'),(1308,717,'gauge','RETURN','gauges',1156,NULL,'{\"notes\": \"\", \"gauge_id\": \"SP0008B\", \"condition\": \"good\", \"cancelled_transfers\": 1}',NULL,NULL,'2025-10-01 23:38:20'),(1312,717,'gauge','TRANSFER_REJECTED','gauge_transfers',27,NULL,'{\"reason\": \"Transfer cancelled by user\", \"gauge_id\": \"TH-001\", \"rejected_by\": \"sender\"}',NULL,NULL,'2025-10-06 22:23:52'),(1319,717,'gauge','CHECKOUT','gauges',1146,NULL,'{\"gauge_id\": \"LE-000001\", \"checked_out_to\": 717}',NULL,NULL,'2025-10-07 03:05:14'),(1321,NULL,'gauge','gauge_updated','gauges',1144,NULL,NULL,'127.0.0.1',NULL,'2025-10-07 03:30:22'),(1322,717,'gauge','QC_VERIFY','gauges',1144,NULL,'{\"gauge_id\": \"HT-000001\", \"condition\": 10, \"pass_fail\": \"pass\"}',NULL,NULL,'2025-10-07 03:30:22'),(1326,717,'gauge','TRANSFER_INITIATED','gauge_transfers',28,NULL,'{\"reason\": \"Transfer request\", \"gauge_id\": \"HT-000002\", \"to_user_id\": 10, \"from_user_id\": 717}',NULL,NULL,'2025-10-07 03:39:11'),(1327,717,'gauge','RETURN','gauges',1146,NULL,'{\"notes\": \"\", \"gauge_id\": \"LE-000001\", \"condition\": \"good\", \"cancelled_transfers\": 0}',NULL,NULL,'2025-10-07 03:39:16'),(1328,NULL,'gauge','gauge_updated','gauges',1146,NULL,NULL,'127.0.0.1',NULL,'2025-10-07 03:39:20'),(1329,717,'gauge','QC_VERIFY','gauges',1146,NULL,'{\"gauge_id\": \"LE-000001\", \"condition\": 10, \"pass_fail\": \"pass\"}',NULL,NULL,'2025-10-07 03:39:21'),(1330,717,'gauge','CHECKOUT','gauges',1144,NULL,'{\"gauge_id\": \"HT-000001\", \"checked_out_to\": 717}',NULL,NULL,'2025-10-07 03:39:26'),(1332,717,'gauge','CHECKOUT','gauges',1146,NULL,'{\"gauge_id\": \"LE-000001\", \"checked_out_to\": 717}',NULL,NULL,'2025-10-07 03:41:04'),(1334,717,'gauge','TRANSFER_CANCELLED','gauge_transfers',28,NULL,'{\"reason\": \"Gauge returned - transfer automatically cancelled\", \"to_user\": \"Bob Wilson\", \"gauge_id\": \"HT-000002\", \"from_user\": \"James Dickson\"}',NULL,NULL,'2025-10-07 03:45:20'),(1335,717,'gauge','RETURN','gauges',1145,NULL,'{\"notes\": \"\", \"gauge_id\": \"HT-000002\", \"condition\": \"good\", \"cancelled_transfers\": 1}',NULL,NULL,'2025-10-07 03:45:20'),(1337,717,'gauge','RETURN','gauges',1146,NULL,'{\"notes\": \"\", \"gauge_id\": \"LE-000001\", \"condition\": \"good\", \"cancelled_transfers\": 0}',NULL,NULL,'2025-10-07 03:51:24'),(1339,717,'gauge','RETURN','gauges',1144,NULL,'{\"notes\": \"\", \"gauge_id\": \"HT-000001\", \"condition\": \"good\", \"cancelled_transfers\": 0}',NULL,NULL,'2025-10-07 03:53:23'),(1341,717,'gauge','CHECKOUT','gauges',1155,NULL,'{\"gauge_id\": \"SP0008A\", \"checked_out_to\": 717}',NULL,NULL,'2025-10-07 04:08:53'),(1342,717,'gauge','RETURN','gauges',1155,NULL,'{\"notes\": \"\", \"gauge_id\": \"SP0008A\", \"condition\": \"good\", \"cancelled_transfers\": 0}',NULL,NULL,'2025-10-07 04:08:59'),(1343,NULL,'gauge','gauge_updated','gauges',1145,NULL,NULL,'127.0.0.1',NULL,'2025-10-07 04:09:06'),(1344,717,'gauge','QC_VERIFY','gauges',1145,NULL,'{\"gauge_id\": \"HT-000002\", \"condition\": 10, \"pass_fail\": \"pass\"}',NULL,NULL,'2025-10-07 04:09:07'),(1345,NULL,'gauge','gauge_updated','gauges',1146,NULL,NULL,'127.0.0.1',NULL,'2025-10-07 04:09:11'),(1346,717,'gauge','QC_VERIFY','gauges',1146,NULL,'{\"gauge_id\": \"LE-000001\", \"condition\": 10, \"pass_fail\": \"pass\"}',NULL,NULL,'2025-10-07 04:09:12'),(1348,NULL,'gauge','gauge_updated','gauges',1144,NULL,NULL,'127.0.0.1',NULL,'2025-10-07 04:10:54'),(1349,717,'gauge','QC_VERIFY','gauges',1144,NULL,'{\"gauge_id\": \"HT-000001\", \"condition\": 10, \"pass_fail\": \"pass\"}',NULL,NULL,'2025-10-07 04:10:55'),(1350,NULL,'gauge','gauge_updated','gauges',1155,NULL,NULL,'127.0.0.1',NULL,'2025-10-07 04:10:59'),(1351,717,'gauge','QC_VERIFY','gauges',1155,NULL,'{\"gauge_id\": \"SP0008A\", \"condition\": 10, \"pass_fail\": \"pass\"}',NULL,NULL,'2025-10-07 04:11:00'),(1352,NULL,'gauge','gauge_updated','gauges',1156,NULL,NULL,'127.0.0.1',NULL,'2025-10-07 04:11:02'),(1353,717,'gauge','QC_VERIFY','gauges',1156,NULL,'{\"gauge_id\": \"SP0008B\", \"condition\": 10, \"pass_fail\": \"pass\"}',NULL,NULL,'2025-10-07 04:11:03'),(1354,717,'gauge','CHECKOUT','gauges',1146,NULL,'{\"gauge_id\": \"LE-000001\", \"checked_out_to\": 717}',NULL,NULL,'2025-10-07 04:11:07'),(1373,717,'gauge','CHECKOUT','gauges',1144,NULL,'{\"gauge_id\": \"HT-000001\", \"checked_out_to\": 717}',NULL,NULL,'2025-10-07 13:36:29'),(1374,717,'gauge','CHECKOUT','gauges',1145,NULL,'{\"gauge_id\": \"HT-000002\", \"checked_out_to\": 717}',NULL,NULL,'2025-10-07 13:36:39'),(1376,717,'gauge','RETURN','gauges',1146,NULL,'{\"notes\": \"\", \"gauge_id\": \"LE-000001\", \"condition\": \"good\", \"cancelled_transfers\": 0}',NULL,NULL,'2025-10-07 13:44:42'),(1378,717,'gauge','CHECKOUT','gauges',1155,NULL,'{\"gauge_id\": \"SP0008A\", \"checked_out_to\": 717}',NULL,NULL,'2025-10-07 13:45:50'),(1379,717,'gauge','CHECKOUT','gauges',1156,NULL,'{\"gauge_id\": \"SP0008B\", \"checked_out_to\": 717}',NULL,NULL,'2025-10-07 13:46:06'),(1380,717,'gauge','RETURN','gauges',1144,NULL,'{\"notes\": \"\", \"gauge_id\": \"HT-000001\", \"condition\": \"good\", \"cancelled_transfers\": 0}',NULL,NULL,'2025-10-07 13:46:09'),(1384,717,'gauge','TRANSFER_INITIATED','gauge_transfers',29,NULL,'{\"reason\": \"Transfer request\", \"gauge_id\": \"SP0008A\", \"to_user_id\": 10, \"from_user_id\": 717}',NULL,NULL,'2025-10-07 15:17:15'),(1385,717,'gauge','RETURN','gauges',1145,NULL,'{\"notes\": \"\", \"gauge_id\": \"HT-000002\", \"condition\": \"good\", \"cancelled_transfers\": 0}',NULL,NULL,'2025-10-07 15:17:21'),(1386,717,'gauge','TRANSFER_REJECTED','gauge_transfers',29,NULL,'{\"reason\": \"Transfer cancelled by user\", \"gauge_id\": \"SP0008A\", \"rejected_by\": \"sender\"}',NULL,NULL,'2025-10-07 15:17:27'),(1387,717,'gauge','TRANSFER_INITIATED','gauge_transfers',30,NULL,'{\"reason\": \"Transfer request\", \"gauge_id\": \"SP0008B\", \"to_user_id\": 10, \"from_user_id\": 717}',NULL,NULL,'2025-10-07 15:17:33'),(1396,717,'gauge','CHECKOUT','gauges',1460,NULL,'{\"gauge_id\": \"CA0003\", \"checked_out_to\": 717}',NULL,NULL,'2025-10-08 15:30:46'),(1397,717,'gauge','CHECKOUT','gauges',1713,NULL,'{\"gauge_id\": \"HG0003\", \"checked_out_to\": 717}',NULL,NULL,'2025-10-08 15:31:54'),(1398,717,'gauge','RETURN','gauges',1713,NULL,'{\"notes\": \"\", \"gauge_id\": \"HG0003\", \"condition\": \"good\", \"cancelled_transfers\": 0}',NULL,NULL,'2025-10-08 15:36:27'),(1401,NULL,'gauge','gauge_updated','gauges',1575,NULL,NULL,'127.0.0.1',NULL,'2025-10-08 18:53:30'),(1402,717,'gauge','QC_VERIFY','gauges',1575,NULL,'{\"gauge_id\": \"AC0002\", \"condition\": 10, \"pass_fail\": \"pass\"}',NULL,NULL,'2025-10-08 18:53:31'),(1403,NULL,'gauge','gauge_updated','gauges',1599,NULL,NULL,'127.0.0.1',NULL,'2025-10-08 18:53:36'),(1404,717,'gauge','QC_VERIFY','gauges',1599,NULL,'{\"gauge_id\": \"AC0005\", \"condition\": 10, \"pass_fail\": \"pass\"}',NULL,NULL,'2025-10-08 18:53:37'),(1405,NULL,'gauge','gauge_updated','gauges',1758,NULL,NULL,'127.0.0.1',NULL,'2025-10-08 18:53:44'),(1406,717,'gauge','QC_VERIFY','gauges',1758,NULL,'{\"gauge_id\": \"GB0003\", \"condition\": 10, \"pass_fail\": \"pass\"}',NULL,NULL,'2025-10-08 18:53:45'),(1433,717,'gauge','UNSEAL_REQUEST_CREATED','gauge_unseal_requests',35,NULL,'{\"reason\": \"dff\", \"gauge_id\": \"AC0002\"}',NULL,NULL,'2025-10-09 01:01:16'),(1439,717,'gauge','UNSEAL_REQUEST_CREATED','gauge_unseal_requests',36,NULL,'{\"reason\": \"adfdf\", \"gauge_id\": \"AC0003\"}',NULL,NULL,'2025-10-09 01:24:50'),(1440,717,'gauge','UNSEAL_REQUEST_CREATED','gauge_unseal_requests',37,NULL,'{\"reason\": \"Request to unseal for use\", \"gauge_id\": \"AC0008\"}',NULL,NULL,'2025-10-09 01:28:45'),(1447,717,'gauge','CHECKOUT','gauges',1599,NULL,'{\"gauge_id\": \"AC0005\", \"checked_out_to\": 717}',NULL,NULL,'2025-10-09 22:05:22'),(1448,717,'gauge','TRANSFER_INITIATED','gauge_transfers',31,NULL,'{\"reason\": \"Transfer request\", \"gauge_id\": \"AC0005\", \"to_user_id\": 10, \"from_user_id\": 717}',NULL,NULL,'2025-10-09 22:05:28'),(1449,717,'gauge','TRANSFER_REJECTED','gauge_transfers',31,NULL,'{\"reason\": \"Transfer cancelled by user\", \"gauge_id\": \"AC0005\", \"rejected_by\": \"sender\"}',NULL,NULL,'2025-10-09 22:05:31'),(1450,717,'gauge','TRANSFER_INITIATED','gauge_transfers',32,NULL,'{\"reason\": \"Transfer request\", \"gauge_id\": \"AC0005\", \"to_user_id\": 1694552497, \"from_user_id\": 717}',NULL,NULL,'2025-10-09 22:05:38'),(1452,717,'gauge','TRANSFER_REJECTED','gauge_transfers',32,NULL,'{\"reason\": \"Transfer cancelled by user\", \"gauge_id\": \"AC0005\", \"rejected_by\": \"sender\"}',NULL,NULL,'2025-10-10 13:43:53'),(1453,717,'gauge','CHECKOUT','gauges',1656,NULL,'{\"gauge_id\": \"BG0002\", \"checked_out_to\": 717}',NULL,NULL,'2025-10-10 14:04:39'),(1454,717,'gauge','RETURN','gauges',1656,NULL,'{\"notes\": \"\", \"gauge_id\": \"BG0002\", \"condition\": \"good\", \"cancelled_transfers\": 0}',NULL,NULL,'2025-10-10 14:04:44'),(1455,NULL,'gauge','gauge_updated','gauges',1755,NULL,NULL,'127.0.0.1',NULL,'2025-10-10 14:28:22'),(1456,717,'gauge','QC_VERIFY','gauges',1755,NULL,'{\"gauge_id\": \"MRS0008\", \"condition\": 10, \"pass_fail\": \"pass\"}',NULL,NULL,'2025-10-10 14:28:22'),(1457,NULL,'gauge','gauge_updated','gauges',1643,NULL,NULL,'127.0.0.1',NULL,'2025-10-10 14:28:25'),(1458,717,'gauge','QC_VERIFY','gauges',1643,NULL,'{\"gauge_id\": \"SL0017\", \"condition\": 10, \"pass_fail\": \"pass\"}',NULL,NULL,'2025-10-10 14:28:26'),(1459,NULL,'gauge','gauge_updated','gauges',1631,NULL,NULL,'127.0.0.1',NULL,'2025-10-10 14:28:29'),(1460,717,'gauge','QC_VERIFY','gauges',1631,NULL,'{\"gauge_id\": \"NPT0010\", \"condition\": 10, \"pass_fail\": \"pass\"}',NULL,NULL,'2025-10-10 14:28:30'),(1461,NULL,'gauge','gauge_updated','gauges',1752,NULL,NULL,'127.0.0.1',NULL,'2025-10-10 15:40:36'),(1462,717,'gauge','QC_VERIFY','gauges',1752,NULL,'{\"gauge_id\": \"MRS0005\", \"condition\": 10, \"pass_fail\": \"pass\"}',NULL,NULL,'2025-10-10 15:40:36'),(1463,717,'gauge','TRANSFER_INITIATED','gauge_transfers',33,NULL,'{\"reason\": \"Transfer request\", \"gauge_id\": \"AC0005\", \"to_user_id\": 10, \"from_user_id\": 717}',NULL,NULL,'2025-10-10 16:48:23'),(1530,717,'gauge','CHECKOUT','gauges',1693,NULL,'{\"gauge_id\": \"BG0013\", \"checked_out_to\": 717}',NULL,NULL,'2025-10-19 19:27:26'),(1531,717,'gauge','RETURN','gauges',1693,NULL,'{\"notes\": \"\", \"gauge_id\": \"BG0013\", \"condition\": \"good\", \"cancelled_transfers\": 0}',NULL,NULL,'2025-10-19 19:27:29'),(1532,717,'gauge','CHECKOUT','gauges',1598,NULL,'{\"gauge_id\": \"AC0004\", \"checked_out_to\": 717}',NULL,NULL,'2025-10-19 19:29:51'),(1533,717,'gauge','RETURN','gauges',1598,NULL,'{\"notes\": \"\", \"gauge_id\": \"AC0004\", \"condition\": \"good\", \"cancelled_transfers\": 0}',NULL,NULL,'2025-10-19 19:29:53'),(1534,717,'gauge','CHECKOUT','gauges',1573,NULL,'{\"gauge_id\": \"AC0001\", \"checked_out_to\": 717}',NULL,NULL,'2025-10-19 19:30:05'),(1535,717,'gauge','RETURN','gauges',1573,NULL,'{\"notes\": \"\", \"gauge_id\": \"AC0001\", \"condition\": \"good\", \"cancelled_transfers\": 0}',NULL,NULL,'2025-10-19 19:30:07'),(1536,717,'gauge','TRANSFER_CANCELLED','gauge_transfers',33,NULL,'{\"reason\": \"Gauge returned - transfer automatically cancelled\", \"to_user\": \"Bob Wilson\", \"gauge_id\": \"AC0005\", \"from_user\": \"James Dickson\"}',NULL,NULL,'2025-10-19 19:30:12'),(1537,717,'gauge','RETURN','gauges',1599,NULL,'{\"notes\": \"\", \"gauge_id\": \"AC0005\", \"condition\": \"good\", \"cancelled_transfers\": 1}',NULL,NULL,'2025-10-19 19:30:12'),(1538,717,'gauge','CHECKOUT','gauges',1600,NULL,'{\"gauge_id\": \"AC0006\", \"checked_out_to\": 717}',NULL,NULL,'2025-10-19 19:30:15'),(1539,717,'gauge','CHECKOUT','gauges',1612,NULL,'{\"gauge_id\": \"AC0007\", \"checked_out_to\": 717}',NULL,NULL,'2025-10-19 19:30:19'),(1540,717,'gauge','RETURN','gauges',1612,NULL,'{\"notes\": \"\", \"gauge_id\": \"AC0007\", \"condition\": \"good\", \"cancelled_transfers\": 0}',NULL,NULL,'2025-10-19 19:30:21'),(1541,717,'gauge','RETURN','gauges',1600,NULL,'{\"notes\": \"\", \"gauge_id\": \"AC0006\", \"condition\": \"good\", \"cancelled_transfers\": 0}',NULL,NULL,'2025-10-19 19:30:38'),(1542,717,'gauge','QC_VERIFY','gauges',1573,NULL,'{\"gauge_id\": \"AC0001\", \"condition\": 10, \"pass_fail\": \"pass\"}',NULL,NULL,'2025-10-19 19:31:18'),(1543,717,'gauge','QC_VERIFY','gauges',1598,NULL,'{\"gauge_id\": \"AC0004\", \"condition\": 10, \"pass_fail\": \"pass\"}',NULL,NULL,'2025-10-19 19:31:22'),(1544,717,'gauge','QC_VERIFY','gauges',1599,NULL,'{\"gauge_id\": \"AC0005\", \"condition\": 10, \"pass_fail\": \"pass\"}',NULL,NULL,'2025-10-19 19:31:25'),(1545,717,'gauge','QC_VERIFY','gauges',1600,NULL,'{\"gauge_id\": \"AC0006\", \"condition\": 10, \"pass_fail\": \"pass\"}',NULL,NULL,'2025-10-19 19:31:27'),(1546,717,'gauge','QC_VERIFY','gauges',1693,NULL,'{\"gauge_id\": \"BG0013\", \"condition\": 10, \"pass_fail\": \"pass\"}',NULL,NULL,'2025-10-19 19:31:31'),(1547,717,'gauge','CHECKOUT','gauges',1573,NULL,'{\"gauge_id\": \"AC0001\", \"checked_out_to\": 717}',NULL,NULL,'2025-10-19 19:31:36'),(1548,717,'gauge','CHECKOUT','gauges',1598,NULL,'{\"gauge_id\": \"AC0004\", \"checked_out_to\": 717}',NULL,NULL,'2025-10-19 19:38:59'),(1549,717,'gauge','CHECKOUT','gauges',1582,NULL,'{\"gauge_id\": \"MP0002\", \"checked_out_to\": 717}',NULL,NULL,'2025-10-19 19:39:15'),(1550,717,'gauge','CHECKOUT','gauges',1638,NULL,'{\"gauge_id\": \"AC0012\", \"checked_out_to\": 717}',NULL,NULL,'2025-10-19 19:39:18'),(1551,717,'gauge','CHECKOUT','gauges',1636,NULL,'{\"gauge_id\": \"AC0011\", \"checked_out_to\": 717}',NULL,NULL,'2025-10-19 19:39:20'),(1552,717,'gauge','RETURN','gauges',1582,NULL,'{\"notes\": \"\", \"gauge_id\": \"MP0002\", \"condition\": \"good\", \"cancelled_transfers\": 0}',NULL,NULL,'2025-10-19 19:39:25'),(1553,717,'gauge','RETURN','gauges',1636,NULL,'{\"notes\": \"\", \"gauge_id\": \"AC0011\", \"condition\": \"good\", \"cancelled_transfers\": 0}',NULL,NULL,'2025-10-19 23:08:37'),(1554,717,'gauge','TRANSFER_INITIATED','gauge_transfers',34,NULL,'{\"reason\": \"Transfer request\", \"gauge_id\": \"AC0001\", \"to_user_id\": 10, \"from_user_id\": 717}',NULL,NULL,'2025-10-21 20:28:23'),(1555,717,'gauge','gauge_status_updated','gauges',1691,NULL,NULL,'127.0.0.1',NULL,'2025-10-22 18:16:32'),(1556,717,'gauge','gauge_updated','gauges',1691,NULL,NULL,'127.0.0.1',NULL,'2025-10-22 18:16:48'),(1557,717,'gauge','certificate_upload','certificates',3,NULL,NULL,'172.18.0.1','Mozilla/5.0 (Windows NT 10.0; Win64; x64) AppleWebKit/537.36 (KHTML, like Gecko) Chrome/141.0.0.0 Safari/537.36','2025-10-22 18:16:48'),(1558,717,'gauge','gauge_status_updated','gauges',1691,NULL,NULL,'127.0.0.1',NULL,'2025-10-22 18:16:53'),(1559,717,'gauge','gauge_updated','gauges',1692,NULL,NULL,'127.0.0.1',NULL,'2025-10-22 18:30:27'),(1560,717,'gauge','certificate_upload','certificates',4,NULL,'{\"gauge_id\": \"CA0013\", \"file_name\": \"RFQ10088 - Triple Machine - SR185450 A.pdf\", \"file_size\": 2221955, \"custom_name\": \"Calibration - Oct 22, 2025, 6:30 PM\", \"uploaded_by\": \"james@7dmanufacturing.com\", \"dropbox_path\": \"/certificates/CA0013/cert_2025-10-22_18-30-16.pdf\", \"certificate_id\": 4, \"file_extension\": \"pdf\"}','172.18.0.1','Mozilla/5.0 (Windows NT 10.0; Win64; x64) AppleWebKit/537.36 (KHTML, like Gecko) Chrome/141.0.0.0 Safari/537.36','2025-10-22 18:30:27'),(1564,717,'gauge','gauge_updated','gauges',1693,'{}','{\"document_path\": \"/certificates/BG0013/cert_2025-10-22_18-49-16.pdf\"}','127.0.0.1',NULL,'2025-10-22 18:49:19'),(1565,717,'gauge','certificate_upload','certificates',5,NULL,'{\"gauge_id\": \"BG0013\", \"file_name\": \"113538, MP-CD, BUSHING, ROTATING, LARGE CAL.pdf\", \"file_size\": 102484, \"custom_name\": \"Calibration - Oct 22, 2025, 6:49 PM\", \"uploaded_by\": \"james@7dmanufacturing.com\", \"dropbox_path\": \"/certificates/BG0013/cert_2025-10-22_18-49-16.pdf\", \"certificate_id\": 5, \"file_extension\": \"pdf\"}','172.18.0.1','Mozilla/5.0 (Windows NT 10.0; Win64; x64) AppleWebKit/537.36 (KHTML, like Gecko) Chrome/141.0.0.0 Safari/537.36','2025-10-22 18:49:19'),(1566,717,'gauge','gauge_status_updated','gauges',1767,NULL,NULL,'127.0.0.1',NULL,'2025-10-22 18:51:32'),(1567,717,'gauge','gauge_status_updated','gauges',1693,NULL,NULL,'127.0.0.1',NULL,'2025-10-22 18:54:27'),(1568,717,'gauge','gauge_status_updated','gauges',1767,NULL,NULL,'127.0.0.1',NULL,'2025-10-22 18:58:01'),(1569,717,'gauge','gauge_status_updated','gauges',1767,'{\"status\": \"available\"}','{\"status\": \"available\"}','127.0.0.1',NULL,'2025-10-22 18:59:03'),(1570,717,'gauge','gauge_status_updated','gauges',1767,'{\"status\": \"available\"}','{\"status\": \"available\"}','127.0.0.1',NULL,'2025-10-22 18:59:28'),(1571,717,'gauge','gauge_status_updated','gauges',1767,'{\"status\": \"available\"}','{\"status\": \"available\"}','127.0.0.1',NULL,'2025-10-22 19:00:47'),(1572,717,'gauge','gauge_status_updated','gauges',1767,'{\"status\": \"available\"}','{\"status\": \"available\"}','127.0.0.1',NULL,'2025-10-22 19:06:52'),(1573,717,'gauge','gauge_updated','gauges',1767,'{\"name\": \"0.5\\\" Grade 0\", \"is_sealed\": true, \"serial_number\": \"DHO78400\", \"equipment_type\": \"calibration_standard\", \"ownership_type\": \"company\"}','{\"name\": \"0.5\\\" Grade 0\", \"is_sealed\": true, \"manufacturer\": \"tester\", \"serial_number\": \"DHO78400\", \"equipment_type\": \"calibration_standard\", \"ownership_type\": \"company\"}','127.0.0.1',NULL,'2025-10-22 19:06:52'),(1574,717,'gauge','gauge_status_updated','gauges',1767,'{\"status\": \"available\"}','{\"status\": \"available\"}','127.0.0.1',NULL,'2025-10-22 19:10:21'),(1575,717,'gauge','gauge_updated','gauges',1767,'{\"name\": \"0.5\\\" Grade 0\", \"is_sealed\": true, \"serial_number\": \"DHO78400\", \"equipment_type\": \"calibration_standard\", \"ownership_type\": \"company\"}','{\"name\": \"0.5\\\" Grade 0\", \"is_sealed\": true, \"model_number\": \"tester\", \"serial_number\": \"DHO78400\", \"equipment_type\": \"calibration_standard\", \"ownership_type\": \"company\"}','127.0.0.1',NULL,'2025-10-22 19:10:21'),(1576,717,'gauge','gauge_status_updated','gauges',1767,'{\"status\": \"available\"}','{\"status\": \"available\"}','127.0.0.1',NULL,'2025-10-22 19:15:11'),(1577,717,'gauge','gauge_updated','gauges',1767,'{\"name\": \"0.5\\\" Grade 0\", \"is_sealed\": true, \"serial_number\": \"DHO78400\", \"equipment_type\": \"calibration_standard\", \"ownership_type\": \"company\"}','{\"name\": \"0.5\\\" Grade 0\", \"is_sealed\": true, \"model_number\": \"tester\", \"serial_number\": \"DHO78400\", \"equipment_type\": \"calibration_standard\", \"ownership_type\": \"company\"}','127.0.0.1',NULL,'2025-10-22 19:15:11'),(1578,717,'gauge','gauge_status_updated','gauges',1767,'{\"status\": \"available\"}','{\"status\": \"available\"}','127.0.0.1',NULL,'2025-10-22 19:16:54'),(1579,717,'gauge','gauge_updated','gauges',1767,'{\"name\": \"0.5\\\" Grade 0\", \"is_sealed\": true, \"serial_number\": \"DHO78400\", \"equipment_type\": \"calibration_standard\", \"ownership_type\": \"company\"}','{\"name\": \"0.5\\\" Grade 0\", \"is_sealed\": true, \"model_number\": \"tester\", \"serial_number\": \"DHO78400\", \"equipment_type\": \"calibration_standard\", \"ownership_type\": \"company\"}','127.0.0.1',NULL,'2025-10-22 19:16:54'),(1580,717,'gauge','gauge_status_updated','gauges',1693,'{\"status\": \"available\"}','{\"status\": \"available\"}','127.0.0.1',NULL,'2025-10-22 19:18:37'),(1581,717,'gauge','gauge_updated','gauges',1693,'{\"name\": \"1.7218-7.4509\\\" digital Bore Gauge\", \"is_sealed\": false, \"serial_number\": \"OWO82336\", \"equipment_type\": \"hand_tool\", \"ownership_type\": \"company\"}','{\"name\": \"1.7218-7.4509\\\" digital Bore Gauge\", \"is_sealed\": false, \"serial_number\": \"OWO82337\", \"equipment_type\": \"hand_tool\", \"ownership_type\": \"company\"}','127.0.0.1',NULL,'2025-10-22 19:18:37'),(1582,717,'gauge','gauge_status_updated','gauges',1767,'{\"status\": \"available\"}','{\"status\": \"available\"}','127.0.0.1',NULL,'2025-10-22 19:26:09'),(1584,717,'gauge','gauge_status_updated','gauges',1767,'{\"status\": \"available\"}','{\"status\": \"available\"}','127.0.0.1',NULL,'2025-10-22 19:42:28'),(1585,717,'gauge','gauge_updated','gauges',1767,'{\"name\": \"0.5\\\" Grade 0\", \"is_sealed\": true, \"model_number\": null, \"serial_number\": \"DHO78400\", \"equipment_type\": \"calibration_standard\", \"ownership_type\": \"company\"}','{\"name\": \"0.5\\\" Grade 0\", \"is_sealed\": true, \"model_number\": \"Test\", \"serial_number\": \"DHO78400\", \"equipment_type\": \"calibration_standard\", \"ownership_type\": \"company\"}','127.0.0.1',NULL,'2025-10-22 19:42:28'),(1586,717,'gauge','gauge_status_updated','gauges',1767,'{\"status\": \"available\"}','{\"status\": \"available\"}','127.0.0.1',NULL,'2025-10-22 19:44:41'),(1587,717,'gauge','gauge_updated','gauges',1767,'{\"name\": \"0.5\\\" Grade 0\", \"is_sealed\": true, \"manufacturer\": null, \"model_number\": \"Test\", \"serial_number\": \"DHO78400\", \"equipment_type\": \"calibration_standard\", \"ownership_type\": \"company\"}','{\"name\": \"0.5\\\" Grade 0\", \"is_sealed\": true, \"manufacturer\": \"test\", \"model_number\": \"tester\", \"serial_number\": \"DHO78400\", \"equipment_type\": \"calibration_standard\", \"ownership_type\": \"company\"}','127.0.0.1',NULL,'2025-10-22 19:44:41'),(1588,717,'gauge','gauge_status_updated','gauges',1767,'{\"status\": \"available\"}','{\"status\": \"available\"}','127.0.0.1',NULL,'2025-10-22 19:46:33'),(1589,717,'gauge','gauge_updated','gauges',1767,'{\"name\": \"0.5\\\" Grade 0\", \"is_sealed\": true, \"manufacturer\": \"test\", \"model_number\": \"tester\", \"serial_number\": \"DHO78400\", \"equipment_type\": \"calibration_standard\", \"ownership_type\": \"company\"}','{\"name\": \"0.5\\\" Grade 0\", \"is_sealed\": true, \"manufacturer\": \"tester\", \"model_number\": \"test\", \"serial_number\": \"DHO78400\", \"equipment_type\": \"calibration_standard\", \"ownership_type\": \"company\"}','127.0.0.1',NULL,'2025-10-22 19:46:34'),(1590,717,'gauge','gauge_status_updated','gauges',1767,'{\"status\": \"available\"}','{\"status\": \"available\"}','127.0.0.1',NULL,'2025-10-22 19:47:33'),(1591,717,'gauge','gauge_updated','gauges',1767,'{\"name\": \"0.5\\\" Grade 0\", \"is_sealed\": true, \"manufacturer\": \"tester\", \"model_number\": \"test\", \"serial_number\": \"DHO78400\", \"equipment_type\": \"calibration_standard\", \"ownership_type\": \"company\"}','{\"name\": \"0.5\\\" Grade 0\", \"is_sealed\": true, \"manufacturer\": \"tester\", \"model_number\": \"test\", \"serial_number\": \"DHO78400\", \"equipment_type\": \"calibration_standard\", \"ownership_type\": \"company\"}','127.0.0.1',NULL,'2025-10-22 19:47:33'),(1592,717,'gauge','gauge_status_updated','gauges',1767,'{\"status\": \"available\"}','{\"status\": \"available\"}','127.0.0.1',NULL,'2025-10-22 19:48:59'),(1593,717,'gauge','gauge_updated','gauges',1767,'{\"name\": \"0.5\\\" Grade 0\", \"is_sealed\": true, \"manufacturer\": \"tester\", \"model_number\": \"test\", \"serial_number\": \"DHO78400\", \"equipment_type\": \"calibration_standard\", \"ownership_type\": \"company\"}','{\"name\": \"0.5\\\" Grade 0\", \"is_sealed\": true, \"manufacturer\": \"testerrs\", \"model_number\": \"tested\", \"serial_number\": \"DHO78400\", \"equipment_type\": \"calibration_standard\", \"ownership_type\": \"company\"}','127.0.0.1',NULL,'2025-10-22 19:48:59'),(1594,717,'gauge','gauge_status_updated','gauges',1767,'{\"status\": \"available\"}','{\"status\": \"available\"}','127.0.0.1',NULL,'2025-10-22 19:49:37'),(1595,717,'gauge','gauge_status_updated','gauges',1767,'{\"status\": \"available\"}','{\"status\": \"available\"}','127.0.0.1',NULL,'2025-10-22 19:50:49'),(1596,717,'gauge','gauge_updated','gauges',1767,'{\"name\": \"0.5\\\" Grade 0\", \"is_sealed\": true, \"serial_number\": \"DHO78400\", \"equipment_type\": \"calibration_standard\", \"ownership_type\": \"company\"}','{\"name\": \"0.5\\\" Grade 0\", \"is_sealed\": true, \"serial_number\": \"DHO78400\", \"equipment_type\": \"calibration_standard\", \"ownership_type\": \"employee\"}','127.0.0.1',NULL,'2025-10-22 19:50:49'),(1597,717,'gauge','gauge_status_updated','gauges',1767,'{\"status\": \"available\"}','{\"status\": \"available\"}','127.0.0.1',NULL,'2025-10-22 19:50:58'),(1598,717,'gauge','gauge_updated','gauges',1767,'{\"name\": \"0.5\\\" Grade 0\", \"is_sealed\": true, \"manufacturer\": \"testerrs\", \"model_number\": \"tested\", \"serial_number\": \"DHO78400\", \"equipment_type\": \"calibration_standard\", \"ownership_type\": \"employee\"}','{\"name\": \"0.5\\\" Grade 0\", \"is_sealed\": true, \"manufacturer\": \"testers\", \"model_number\": \"tested\", \"serial_number\": \"DHO78400\", \"equipment_type\": \"calibration_standard\", \"ownership_type\": \"employee\"}','127.0.0.1',NULL,'2025-10-22 19:50:59'),(1599,717,'gauge','gauge_status_updated','gauges',1767,'{\"status\": \"available\"}','{\"status\": \"available\"}','127.0.0.1',NULL,'2025-10-22 19:54:25'),(1600,717,'gauge','gauge_updated','gauges',1767,'{\"name\": \"0.5\\\" Grade 0\", \"is_sealed\": true, \"serial_number\": \"DHO78400\", \"equipment_type\": \"calibration_standard\", \"ownership_type\": \"employee\"}','{\"name\": \"0.5\\\" Grade 0\", \"is_sealed\": true, \"serial_number\": \"DHO78400\", \"equipment_type\": \"calibration_standard\", \"ownership_type\": \"company\"}','127.0.0.1',NULL,'2025-10-22 19:54:26'),(1601,717,'gauge','gauge_status_updated','gauges',1767,'{\"status\": \"available\"}','{\"status\": \"available\"}','127.0.0.1',NULL,'2025-10-22 19:54:40'),(1602,717,'gauge','gauge_updated','gauges',1767,'{\"name\": \"0.5\\\" Grade 0\", \"is_sealed\": true, \"manufacturer\": \"testers\", \"model_number\": \"tested\", \"serial_number\": \"DHO78400\", \"equipment_type\": \"calibration_standard\", \"ownership_type\": \"company\"}','{\"name\": \"0.5\\\" Grade 0\", \"is_sealed\": true, \"manufacturer\": \"yama\", \"model_number\": \"abc123\", \"serial_number\": \"DHO78400\", \"equipment_type\": \"calibration_standard\", \"ownership_type\": \"company\"}','127.0.0.1',NULL,'2025-10-22 19:54:40'),(1603,717,'gauge','gauge_status_updated','gauges',1767,'{\"status\": \"available\"}','{\"status\": \"available\"}','127.0.0.1',NULL,'2025-10-22 22:45:00'),(1604,717,'gauge','gauge_updated','gauges',1767,'{\"name\": \"0.5\\\" Grade 0\", \"manufacturer\": \"yama\", \"model_number\": \"abc123\", \"serial_number\": \"DHO78400\", \"equipment_type\": \"calibration_standard\", \"ownership_type\": \"company\"}','{\"name\": \"0.5\\\" Grade\", \"manufacturer\": \"yama1\", \"model_number\": \"abc1234\", \"serial_number\": \"DHO784001\", \"equipment_type\": \"hand_tool\", \"ownership_type\": \"employee\"}','127.0.0.1',NULL,'2025-10-22 22:45:00'),(1605,717,'gauge','certificate_rename','certificates',1,'{\"custom_name\": \"Calibration - Oct 22, 2025, 5:17 PM\"}','{\"custom_name\": \"Calibration - Oct 22, 2025, 5:17 PM\"}','172.18.0.1','Mozilla/5.0 (Windows NT 10.0; Win64; x64) AppleWebKit/537.36 (KHTML, like Gecko) Chrome/141.0.0.0 Safari/537.36','2025-10-22 22:50:32'),(1606,717,'gauge','certificate_rename','certificates',1,'{\"custom_name\": \"Calibration - Oct 22, 2025, 5:17 PM\"}','{\"custom_name\": \"Calibration - Oct 22, 2025\"}','172.18.0.1','Mozilla/5.0 (Windows NT 10.0; Win64; x64) AppleWebKit/537.36 (KHTML, like Gecko) Chrome/141.0.0.0 Safari/537.36','2025-10-22 22:50:43'),(1607,717,'gauge','certificate_rename','certificates',1,'{\"custom_name\": \"Calibration - Oct 22, 2025\"}','{\"custom_name\": \"Cert 1\"}','172.18.0.1','Mozilla/5.0 (Windows NT 10.0; Win64; x64) AppleWebKit/537.36 (KHTML, like Gecko) Chrome/141.0.0.0 Safari/537.36','2025-10-22 22:50:57'),(1608,717,'gauge','certificate_rename','certificates',1,'{\"custom_name\": \"Cert 1\"}','{\"custom_name\": \"Cert 1\"}','172.18.0.1','Mozilla/5.0 (Windows NT 10.0; Win64; x64) AppleWebKit/537.36 (KHTML, like Gecko) Chrome/141.0.0.0 Safari/537.36','2025-10-22 22:58:56'),(1609,717,'gauge','certificate_delete','certificates',1,'{\"gauge_id\": \"GB0007\", \"file_size\": 102484, \"custom_name\": \"Cert 1\", \"uploaded_at\": \"2025-10-22T17:17:17.000Z\", \"uploaded_by\": \"James Dickson\", \"dropbox_path\": \"/certificates/GB0007/cert_2025-10-22_17-17-14.pdf\", \"certificate_id\": 1, \"file_extension\": \"pdf\"}',NULL,'172.18.0.1','Mozilla/5.0 (Windows NT 10.0; Win64; x64) AppleWebKit/537.36 (KHTML, like Gecko) Chrome/141.0.0.0 Safari/537.36','2025-10-22 23:40:31'),(1610,717,'gauge','gauge_updated','gauges',1767,'{}','{\"document_path\": \"/certificates/GB0007/cert_2025-10-22_23-43-44.pdf\"}','127.0.0.1',NULL,'2025-10-22 23:43:47'),(1611,717,'gauge','certificate_upload','certificates',6,NULL,'{\"gauge_id\": \"GB0007\", \"file_name\": \"113538, MP-CD, BUSHING, ROTATING, LARGE CAL.pdf\", \"file_size\": 102484, \"custom_name\": \"Calibration - Oct 22, 2025, 11:43 PM\", \"uploaded_by\": \"james@7dmanufacturing.com\", \"dropbox_path\": \"/certificates/GB0007/cert_2025-10-22_23-43-44.pdf\", \"certificate_id\": 6, \"file_extension\": \"pdf\"}','172.18.0.1','Mozilla/5.0 (Windows NT 10.0; Win64; x64) AppleWebKit/537.36 (KHTML, like Gecko) Chrome/141.0.0.0 Safari/537.36','2025-10-22 23:43:47'),(1612,717,'gauge','certificate_rename','certificates',6,'{\"custom_name\": \"Calibration - Oct 22, 2025, 11:43 PM\"}','{\"custom_name\": \"Test\"}','172.18.0.1','Mozilla/5.0 (Windows NT 10.0; Win64; x64) AppleWebKit/537.36 (KHTML, like Gecko) Chrome/141.0.0.0 Safari/537.36','2025-10-22 23:52:08'),(1613,717,'gauge','certificate_rename','certificates',3,'{\"custom_name\": \"Calibration - Oct 22, 2025, 6:16 PM\"}','{\"custom_name\": \"Testing\"}','172.18.0.1','Mozilla/5.0 (Windows NT 10.0; Win64; x64) AppleWebKit/537.36 (KHTML, like Gecko) Chrome/141.0.0.0 Safari/537.36','2025-10-22 23:56:03'),(1614,717,'gauge','certificate_rename','certificates',6,'{\"custom_name\": \"Test\"}','{\"custom_name\": \"Tester\"}','172.18.0.1','Mozilla/5.0 (Windows NT 10.0; Win64; x64) AppleWebKit/537.36 (KHTML, like Gecko) Chrome/141.0.0.0 Safari/537.36','2025-10-22 23:57:38'),(1615,717,'gauge','certificate_delete','certificates',6,'{\"gauge_id\": \"GB0007\", \"file_size\": 102484, \"custom_name\": \"Tester\", \"uploaded_at\": \"2025-10-22T23:43:47.000Z\", \"uploaded_by\": \"James Dickson\", \"dropbox_path\": \"/certificates/GB0007/Tester.pdf\", \"certificate_id\": 6, \"file_extension\": \"pdf\"}',NULL,'172.18.0.1','Mozilla/5.0 (Windows NT 10.0; Win64; x64) AppleWebKit/537.36 (KHTML, like Gecko) Chrome/141.0.0.0 Safari/537.36','2025-10-22 23:57:54'),(1616,717,'gauge','gauge_updated','gauges',1767,'{}','{\"document_path\": \"/certificates/GB0007/cert_2025-10-22_23-58-20.pdf\"}','127.0.0.1',NULL,'2025-10-22 23:58:23'),(1617,717,'gauge','certificate_upload','certificates',7,NULL,'{\"gauge_id\": \"GB0007\", \"file_name\": \"116738, MP-SCN, MOTOR COUPLER SPACER, LARGE CAL CHAMBER, LVDT.pdf\", \"file_size\": 208895, \"custom_name\": \"Calibration - Oct 22, 2025, 11:58 PM\", \"uploaded_by\": \"james@7dmanufacturing.com\", \"dropbox_path\": \"/certificates/GB0007/cert_2025-10-22_23-58-20.pdf\", \"certificate_id\": 7, \"file_extension\": \"pdf\"}','172.18.0.1','Mozilla/5.0 (Windows NT 10.0; Win64; x64) AppleWebKit/537.36 (KHTML, like Gecko) Chrome/141.0.0.0 Safari/537.36','2025-10-22 23:58:23'),(1618,717,'gauge','certificate_rename','certificates',7,'{\"custom_name\": \"Calibration - Oct 22, 2025, 11:58 PM\"}','{\"custom_name\": \"Testing 1...2...3\"}','172.18.0.1','Mozilla/5.0 (Windows NT 10.0; Win64; x64) AppleWebKit/537.36 (KHTML, like Gecko) Chrome/141.0.0.0 Safari/537.36','2025-10-22 23:58:38'),(1619,717,'gauge','certificate_rename','certificates',7,'{\"custom_name\": \"Testing 1...2...3\"}','{\"custom_name\": \"Testing 1...2...3\"}','172.18.0.1','Mozilla/5.0 (Windows NT 10.0; Win64; x64) AppleWebKit/537.36 (KHTML, like Gecko) Chrome/141.0.0.0 Safari/537.36','2025-10-22 23:59:00'),(1620,717,'gauge','certificate_rename','certificates',7,'{\"custom_name\": \"Testing 1...2...3\"}','{\"custom_name\": \"Testing 1...2...34\"}','172.18.0.1','Mozilla/5.0 (Windows NT 10.0; Win64; x64) AppleWebKit/537.36 (KHTML, like Gecko) Chrome/141.0.0.0 Safari/537.36','2025-10-23 00:02:05'),(1621,717,'gauge','certificate_rename','certificates',7,'{\"custom_name\": \"Testing 1...2...34\"}','{\"custom_name\": \"Testing 1...2...3\"}','172.18.0.1','Mozilla/5.0 (Windows NT 10.0; Win64; x64) AppleWebKit/537.36 (KHTML, like Gecko) Chrome/141.0.0.0 Safari/537.36','2025-10-23 00:03:35'),(1622,717,'gauge','certificate_rename','certificates',3,'{\"custom_name\": \"Testing\"}','{\"custom_name\": \"Testing 1 2 3\"}','172.18.0.1','Mozilla/5.0 (Windows NT 10.0; Win64; x64) AppleWebKit/537.36 (KHTML, like Gecko) Chrome/141.0.0.0 Safari/537.36','2025-10-23 00:05:14'),(1623,717,'gauge','certificate_rename','certificates',7,'{\"custom_name\": \"Testing 1...2...3\"}','{\"custom_name\": \"Testing 1.2.3\"}','172.18.0.1','Mozilla/5.0 (Windows NT 10.0; Win64; x64) AppleWebKit/537.36 (KHTML, like Gecko) Chrome/141.0.0.0 Safari/537.36','2025-10-23 00:07:18'),(1624,717,'gauge','certificate_rename','certificates',7,'{\"custom_name\": \"Testing 1.2.3\"}','{\"custom_name\": \"Testing 1.2.34\"}','172.18.0.1','Mozilla/5.0 (Windows NT 10.0; Win64; x64) AppleWebKit/537.36 (KHTML, like Gecko) Chrome/141.0.0.0 Safari/537.36','2025-10-23 00:07:41'),(1625,717,'gauge','certificate_rename','certificates',7,'{\"custom_name\": \"Testing 1.2.34\"}','{\"custom_name\": \"Testing 1.2.3\"}','172.18.0.1','Mozilla/5.0 (Windows NT 10.0; Win64; x64) AppleWebKit/537.36 (KHTML, like Gecko) Chrome/141.0.0.0 Safari/537.36','2025-10-23 00:09:52'),(1626,717,'gauge','gauge_updated','gauges',1767,'{}','{\"document_path\": \"/certificates/GB0007/cert_2025-10-23_00-10-50.pdf\"}','127.0.0.1',NULL,'2025-10-23 00:10:54'),(1627,717,'gauge','certificate_upload','certificates',8,NULL,'{\"gauge_id\": \"GB0007\", \"file_name\": \"RFQ10088 - Triple Machine - SR185450 A.pdf\", \"file_size\": 2221955, \"custom_name\": \"Calibration - Oct 23, 2025, 12:10 AM\", \"uploaded_by\": \"james@7dmanufacturing.com\", \"dropbox_path\": \"/certificates/GB0007/cert_2025-10-23_00-10-50.pdf\", \"certificate_id\": 8, \"file_extension\": \"pdf\"}','172.18.0.1','Mozilla/5.0 (Windows NT 10.0; Win64; x64) AppleWebKit/537.36 (KHTML, like Gecko) Chrome/141.0.0.0 Safari/537.36','2025-10-23 00:10:54'),(1628,717,'gauge','gauge_updated','gauges',1767,'{}','{\"document_path\": \"/certificates/GB0007/cert_2025-10-23_00-12-08.pdf\"}','127.0.0.1',NULL,'2025-10-23 00:12:11'),(1629,717,'gauge','certificate_upload','certificates',9,NULL,'{\"gauge_id\": \"GB0007\", \"file_name\": \"113538, MP-CD, BUSHING, ROTATING, LARGE CAL.pdf\", \"file_size\": 102484, \"custom_name\": \"Calibration - Oct 23, 2025, 12:12 AM\", \"uploaded_by\": \"james@7dmanufacturing.com\", \"dropbox_path\": \"/certificates/GB0007/cert_2025-10-23_00-12-08.pdf\", \"certificate_id\": 9, \"file_extension\": \"pdf\"}','172.18.0.1','Mozilla/5.0 (Windows NT 10.0; Win64; x64) AppleWebKit/537.36 (KHTML, like Gecko) Chrome/141.0.0.0 Safari/537.36','2025-10-23 00:12:11'),(1630,717,'gauge','certificate_rename','certificates',9,'{\"custom_name\": \"Calibration - Oct 23, 2025, 12:12 AM\"}','{\"custom_name\": \"Tester\"}','172.18.0.1','Mozilla/5.0 (Windows NT 10.0; Win64; x64) AppleWebKit/537.36 (KHTML, like Gecko) Chrome/141.0.0.0 Safari/537.36','2025-10-23 00:12:28'),(1631,717,'gauge','certificate_rename','certificates',8,'{\"custom_name\": \"Calibration - Oct 23, 2025, 12:10 AM\"}','{\"custom_name\": \"Testy\"}','172.18.0.1','Mozilla/5.0 (Windows NT 10.0; Win64; x64) AppleWebKit/537.36 (KHTML, like Gecko) Chrome/141.0.0.0 Safari/537.36','2025-10-23 00:12:38'),(1632,717,'gauge','certificate_delete','certificates',9,'{\"gauge_id\": \"GB0007\", \"file_size\": 102484, \"custom_name\": \"Tester\", \"uploaded_at\": \"2025-10-23T00:12:11.000Z\", \"uploaded_by\": \"James Dickson\", \"dropbox_path\": \"/certificates/GB0007/Tester.pdf\", \"certificate_id\": 9, \"file_extension\": \"pdf\"}',NULL,'172.18.0.1','Mozilla/5.0 (Windows NT 10.0; Win64; x64) AppleWebKit/537.36 (KHTML, like Gecko) Chrome/141.0.0.0 Safari/537.36','2025-10-23 00:23:41'),(1633,717,'gauge','certificate_delete','certificates',7,'{\"gauge_id\": \"GB0007\", \"file_size\": 208895, \"custom_name\": \"Testing 1.2.3\", \"uploaded_at\": \"2025-10-22T23:58:23.000Z\", \"uploaded_by\": \"James Dickson\", \"dropbox_path\": \"/certificates/GB0007/Testing 1.2.3.pdf\", \"certificate_id\": 7, \"file_extension\": \"pdf\"}',NULL,'172.18.0.1','Mozilla/5.0 (Windows NT 10.0; Win64; x64) AppleWebKit/537.36 (KHTML, like Gecko) Chrome/141.0.0.0 Safari/537.36','2025-10-23 00:23:54'),(1634,717,'gauge','gauge_updated','gauges',1767,'{}','{\"document_path\": \"/certificates/GB0007/cert_2025-10-23_00-24-26.pdf\"}','127.0.0.1',NULL,'2025-10-23 00:24:28'),(1635,717,'gauge','certificate_upload','certificates',10,NULL,'{\"gauge_id\": \"GB0007\", \"file_name\": \"116738, MP-SCN, MOTOR COUPLER SPACER, LARGE CAL CHAMBER, LVDT.pdf\", \"file_size\": 208895, \"custom_name\": \"Calibration - Oct 23, 2025, 12:24 AM\", \"uploaded_by\": \"james@7dmanufacturing.com\", \"dropbox_path\": \"/certificates/GB0007/cert_2025-10-23_00-24-26.pdf\", \"certificate_id\": 10, \"file_extension\": \"pdf\"}','172.18.0.1','Mozilla/5.0 (Windows NT 10.0; Win64; x64) AppleWebKit/537.36 (KHTML, like Gecko) Chrome/141.0.0.0 Safari/537.36','2025-10-23 00:24:28'),(1636,717,'gauge','gauge_updated','gauges',1767,'{}','{\"document_path\": \"/certificates/GB0007/cert_2025-10-23_00-25-12.pdf\"}','127.0.0.1',NULL,'2025-10-23 00:25:15'),(1637,717,'gauge','certificate_upload','certificates',11,NULL,'{\"gauge_id\": \"GB0007\", \"file_name\": \"113538, MP-CD, BUSHING, ROTATING, LARGE CAL.pdf\", \"file_size\": 102484, \"custom_name\": \"Calibration - Oct 23, 2025, 12:25 AM\", \"uploaded_by\": \"james@7dmanufacturing.com\", \"dropbox_path\": \"/certificates/GB0007/cert_2025-10-23_00-25-12.pdf\", \"certificate_id\": 11, \"file_extension\": \"pdf\"}','172.18.0.1','Mozilla/5.0 (Windows NT 10.0; Win64; x64) AppleWebKit/537.36 (KHTML, like Gecko) Chrome/141.0.0.0 Safari/537.36','2025-10-23 00:25:15'),(1638,717,'gauge','certificate_delete','certificates',8,'{\"gauge_id\": \"GB0007\", \"file_size\": 2221955, \"custom_name\": \"Testy\", \"uploaded_at\": \"2025-10-23T00:10:54.000Z\", \"uploaded_by\": \"James Dickson\", \"dropbox_path\": \"/certificates/GB0007/Testy.pdf\", \"certificate_id\": 8, \"file_extension\": \"pdf\"}',NULL,'172.18.0.1','Mozilla/5.0 (Windows NT 10.0; Win64; x64) AppleWebKit/537.36 (KHTML, like Gecko) Chrome/141.0.0.0 Safari/537.36','2025-10-23 00:25:22'),(1639,717,'gauge','certificate_delete','certificates',11,'{\"gauge_id\": \"GB0007\", \"file_size\": 102484, \"custom_name\": \"Calibration - Oct 23, 2025, 12:25 AM\", \"uploaded_at\": \"2025-10-23T00:25:15.000Z\", \"uploaded_by\": \"James Dickson\", \"dropbox_path\": \"/certificates/GB0007/cert_2025-10-23_00-25-12.pdf\", \"certificate_id\": 11, \"file_extension\": \"pdf\"}',NULL,'172.18.0.1','Mozilla/5.0 (Windows NT 10.0; Win64; x64) AppleWebKit/537.36 (KHTML, like Gecko) Chrome/141.0.0.0 Safari/537.36','2025-10-23 00:50:48'),(1640,717,'gauge','certificate_delete','certificates',10,'{\"gauge_id\": \"GB0007\", \"file_size\": 208895, \"custom_name\": \"Calibration - Oct 23, 2025, 12:24 AM\", \"uploaded_at\": \"2025-10-23T00:24:28.000Z\", \"uploaded_by\": \"James Dickson\", \"dropbox_path\": \"/certificates/GB0007/cert_2025-10-23_00-24-26.pdf\", \"certificate_id\": 10, \"file_extension\": \"pdf\"}',NULL,'172.18.0.1','Mozilla/5.0 (Windows NT 10.0; Win64; x64) AppleWebKit/537.36 (KHTML, like Gecko) Chrome/141.0.0.0 Safari/537.36','2025-10-23 00:50:53'),(1641,717,'gauge','gauge_updated','gauges',1767,'{}','{\"document_path\": \"/certificates/GB0007/cert_2025-10-23_00-51-00.pdf\"}','127.0.0.1',NULL,'2025-10-23 00:51:03'),(1642,717,'gauge','certificate_upload','certificates',12,NULL,'{\"gauge_id\": \"GB0007\", \"file_name\": \"116738, MP-SCN, MOTOR COUPLER SPACER, LARGE CAL CHAMBER, LVDT.pdf\", \"file_size\": 208895, \"custom_name\": \"PDF_Certificate_20251023\", \"uploaded_by\": \"james@7dmanufacturing.com\", \"dropbox_path\": \"/certificates/GB0007/cert_2025-10-23_00-51-00.pdf\", \"certificate_id\": 12, \"file_extension\": \"pdf\"}','172.18.0.1','Mozilla/5.0 (Windows NT 10.0; Win64; x64) AppleWebKit/537.36 (KHTML, like Gecko) Chrome/141.0.0.0 Safari/537.36','2025-10-23 00:51:03'),(1643,717,'gauge','certificate_delete','certificates',12,'{\"gauge_id\": \"GB0007\", \"file_size\": 208895, \"custom_name\": \"PDF_Certificate_20251023\", \"uploaded_at\": \"2025-10-23T00:51:03.000Z\", \"uploaded_by\": \"James Dickson\", \"dropbox_path\": \"/certificates/GB0007/cert_2025-10-23_00-51-00.pdf\", \"certificate_id\": 12, \"file_extension\": \"pdf\"}',NULL,'172.18.0.1','Mozilla/5.0 (Windows NT 10.0; Win64; x64) AppleWebKit/537.36 (KHTML, like Gecko) Chrome/141.0.0.0 Safari/537.36','2025-10-23 00:52:59'),(1644,717,'gauge','gauge_updated','gauges',1767,'{}','{\"document_path\": \"/certificates/GB0007/cert_2025-10-23_00-53-04.pdf\"}','127.0.0.1',NULL,'2025-10-23 00:53:07'),(1645,717,'gauge','certificate_upload','certificates',13,NULL,'{\"gauge_id\": \"GB0007\", \"file_name\": \"116738, MP-SCN, MOTOR COUPLER SPACER, LARGE CAL CHAMBER, LVDT.pdf\", \"file_size\": 208895, \"custom_name\": \"PDF_Certificate_20251023\", \"uploaded_by\": \"james@7dmanufacturing.com\", \"dropbox_path\": \"/certificates/GB0007/cert_2025-10-23_00-53-04.pdf\", \"certificate_id\": 13, \"file_extension\": \"pdf\"}','172.18.0.1','Mozilla/5.0 (Windows NT 10.0; Win64; x64) AppleWebKit/537.36 (KHTML, like Gecko) Chrome/141.0.0.0 Safari/537.36','2025-10-23 00:53:07'),(1646,717,'gauge','gauge_updated','gauges',1767,'{}','{\"document_path\": \"/certificates/GB0007/cert_2025-10-23_00-53-26.pdf\"}','127.0.0.1',NULL,'2025-10-23 00:53:28'),(1647,717,'gauge','certificate_upload','certificates',14,NULL,'{\"gauge_id\": \"GB0007\", \"file_name\": \"113538, MP-CD, BUSHING, ROTATING, LARGE CAL.pdf\", \"file_size\": 102484, \"custom_name\": \"PDF_Certificate_20251023_2\", \"uploaded_by\": \"james@7dmanufacturing.com\", \"dropbox_path\": \"/certificates/GB0007/cert_2025-10-23_00-53-26.pdf\", \"certificate_id\": 14, \"file_extension\": \"pdf\"}','172.18.0.1','Mozilla/5.0 (Windows NT 10.0; Win64; x64) AppleWebKit/537.36 (KHTML, like Gecko) Chrome/141.0.0.0 Safari/537.36','2025-10-23 00:53:28'),(1648,717,'gauge','certificate_delete','certificates',14,'{\"gauge_id\": \"GB0007\", \"file_size\": 102484, \"custom_name\": \"PDF_Certificate_20251023_2\", \"uploaded_at\": \"2025-10-23T00:53:28.000Z\", \"uploaded_by\": \"James Dickson\", \"dropbox_path\": \"/certificates/GB0007/cert_2025-10-23_00-53-26.pdf\", \"certificate_id\": 14, \"file_extension\": \"pdf\"}',NULL,'172.18.0.1','Mozilla/5.0 (Windows NT 10.0; Win64; x64) AppleWebKit/537.36 (KHTML, like Gecko) Chrome/141.0.0.0 Safari/537.36','2025-10-23 00:57:06'),(1649,717,'gauge','certificate_delete','certificates',13,'{\"gauge_id\": \"GB0007\", \"file_size\": 208895, \"custom_name\": \"PDF_Certificate_20251023\", \"uploaded_at\": \"2025-10-23T00:53:07.000Z\", \"uploaded_by\": \"James Dickson\", \"dropbox_path\": \"/certificates/GB0007/cert_2025-10-23_00-53-04.pdf\", \"certificate_id\": 13, \"file_extension\": \"pdf\"}',NULL,'172.18.0.1','Mozilla/5.0 (Windows NT 10.0; Win64; x64) AppleWebKit/537.36 (KHTML, like Gecko) Chrome/141.0.0.0 Safari/537.36','2025-10-23 00:57:13'),(1650,717,'gauge','gauge_updated','gauges',1767,'{}','{\"document_path\": \"/certificates/GB0007/PDF_Certificate_20251023.pdf\"}','127.0.0.1',NULL,'2025-10-23 00:57:20'),(1651,717,'gauge','certificate_upload','certificates',15,NULL,'{\"gauge_id\": \"GB0007\", \"file_name\": \"116738, MP-SCN, MOTOR COUPLER SPACER, LARGE CAL CHAMBER, LVDT.pdf\", \"file_size\": 208895, \"custom_name\": \"PDF_Certificate_20251023\", \"uploaded_by\": \"james@7dmanufacturing.com\", \"dropbox_path\": \"/certificates/GB0007/PDF_Certificate_20251023.pdf\", \"certificate_id\": 15, \"file_extension\": \"pdf\"}','172.18.0.1','Mozilla/5.0 (Windows NT 10.0; Win64; x64) AppleWebKit/537.36 (KHTML, like Gecko) Chrome/141.0.0.0 Safari/537.36','2025-10-23 00:57:20'),(1652,717,'gauge','certificate_rename','certificates',15,'{\"custom_name\": \"PDF_Certificate_20251023\"}','{\"custom_name\": \"PDF_Certificate_2025-1023\"}','172.18.0.1','Mozilla/5.0 (Windows NT 10.0; Win64; x64) AppleWebKit/537.36 (KHTML, like Gecko) Chrome/141.0.0.0 Safari/537.36','2025-10-23 00:57:39'),(1653,717,'gauge','certificate_rename','certificates',15,'{\"custom_name\": \"PDF_Certificate_2025-1023\"}','{\"custom_name\": \"PDF_Certificate_2025-1023\"}','172.18.0.1','Mozilla/5.0 (Windows NT 10.0; Win64; x64) AppleWebKit/537.36 (KHTML, like Gecko) Chrome/141.0.0.0 Safari/537.36','2025-10-23 00:57:49'),(1654,717,'gauge','certificate_rename','certificates',15,'{\"custom_name\": \"PDF_Certificate_2025-1023\"}','{\"custom_name\": \"PDF_Certificate_2025-10-23\"}','172.18.0.1','Mozilla/5.0 (Windows NT 10.0; Win64; x64) AppleWebKit/537.36 (KHTML, like Gecko) Chrome/141.0.0.0 Safari/537.36','2025-10-23 00:58:02'),(1655,717,'gauge','certificate_rename','certificates',15,'{\"custom_name\": \"PDF_Certificate_2025-10-23\"}','{\"custom_name\": \"PDF_Certificate_2025.10.23\"}','172.18.0.1','Mozilla/5.0 (Windows NT 10.0; Win64; x64) AppleWebKit/537.36 (KHTML, like Gecko) Chrome/141.0.0.0 Safari/537.36','2025-10-23 00:58:22'),(1656,717,'gauge','certificate_delete','certificates',3,'{\"gauge_id\": \"CA0012\", \"file_size\": 102484, \"custom_name\": \"Testing 1 2 3\", \"uploaded_at\": \"2025-10-22T18:16:48.000Z\", \"uploaded_by\": \"James Dickson\", \"dropbox_path\": \"/certificates/CA0012/Testing 1 2 3.pdf\", \"certificate_id\": 3, \"file_extension\": \"pdf\"}',NULL,'172.18.0.1','Mozilla/5.0 (Windows NT 10.0; Win64; x64) AppleWebKit/537.36 (KHTML, like Gecko) Chrome/141.0.0.0 Safari/537.36','2025-10-23 01:00:49'),(1657,717,'gauge','certificate_delete','certificates',2,'{\"gauge_id\": \"CA0012\", \"file_size\": 208895, \"custom_name\": \"Calibration - Oct 22, 2025, 6:11 PM\", \"uploaded_at\": \"2025-10-22T18:11:42.000Z\", \"uploaded_by\": \"James Dickson\", \"dropbox_path\": \"/certificates/CA0012/cert_2025-10-22_18-11-39.pdf\", \"certificate_id\": 2, \"file_extension\": \"pdf\"}',NULL,'172.18.0.1','Mozilla/5.0 (Windows NT 10.0; Win64; x64) AppleWebKit/537.36 (KHTML, like Gecko) Chrome/141.0.0.0 Safari/537.36','2025-10-23 01:00:52'),(1658,717,'gauge','gauge_updated','gauges',1691,'{}','{\"document_path\": \"/certificates/CA0012/PDF_Certificate_2025.10.23.pdf\"}','127.0.0.1',NULL,'2025-10-23 01:01:00'),(1659,717,'gauge','certificate_upload','certificates',16,NULL,'{\"gauge_id\": \"CA0012\", \"file_name\": \"116738, MP-SCN, MOTOR COUPLER SPACER, LARGE CAL CHAMBER, LVDT.pdf\", \"file_size\": 208895, \"custom_name\": \"PDF_Certificate_2025.10.23\", \"uploaded_by\": \"james@7dmanufacturing.com\", \"dropbox_path\": \"/certificates/CA0012/PDF_Certificate_2025.10.23.pdf\", \"certificate_id\": 16, \"file_extension\": \"pdf\"}','172.18.0.1','Mozilla/5.0 (Windows NT 10.0; Win64; x64) AppleWebKit/537.36 (KHTML, like Gecko) Chrome/141.0.0.0 Safari/537.36','2025-10-23 01:01:00'),(1663,1694552534,'gauge','CHECKOUT','gauges',1693,NULL,'{\"gauge_id\": \"BG0013\", \"checked_out_to\": 1694552534}',NULL,NULL,'2025-10-23 13:07:47');
/*!40000 ALTER TABLE `core_audit_log` ENABLE KEYS */;
UNLOCK TABLES;

--
-- Table structure for table `core_enabled_modules`
--

DROP TABLE IF EXISTS `core_enabled_modules`;
/*!40101 SET @saved_cs_client     = @@character_set_client */;
/*!50503 SET character_set_client = utf8mb4 */;
CREATE TABLE `core_enabled_modules` (
  `module_id` varchar(50) NOT NULL,
  `enabled_by` int NOT NULL,
  `enabled_at` timestamp NULL DEFAULT CURRENT_TIMESTAMP,
  PRIMARY KEY (`module_id`),
  KEY `enabled_by` (`enabled_by`),
  CONSTRAINT `core_enabled_modules_ibfk_1` FOREIGN KEY (`module_id`) REFERENCES `core_modules` (`id`),
  CONSTRAINT `core_enabled_modules_ibfk_2` FOREIGN KEY (`enabled_by`) REFERENCES `core_users` (`id`)
) ENGINE=InnoDB DEFAULT CHARSET=utf8mb4 COLLATE=utf8mb4_0900_ai_ci;
/*!40101 SET character_set_client = @saved_cs_client */;

--
-- Dumping data for table `core_enabled_modules`
--
-- ORDER BY:  `module_id`

LOCK TABLES `core_enabled_modules` WRITE;
/*!40000 ALTER TABLE `core_enabled_modules` DISABLE KEYS */;
/*!40000 ALTER TABLE `core_enabled_modules` ENABLE KEYS */;
UNLOCK TABLES;

--
-- Table structure for table `core_event_subscriptions`
--

DROP TABLE IF EXISTS `core_event_subscriptions`;
/*!40101 SET @saved_cs_client     = @@character_set_client */;
/*!50503 SET character_set_client = utf8mb4 */;
CREATE TABLE `core_event_subscriptions` (
  `id` int NOT NULL AUTO_INCREMENT,
  `module_id` varchar(50) NOT NULL,
  `event_type` varchar(100) NOT NULL,
  `handler_endpoint` varchar(255) DEFAULT NULL,
  `priority` int DEFAULT '100',
  `is_active` tinyint(1) DEFAULT '1',
  PRIMARY KEY (`id`),
  UNIQUE KEY `unique_subscription` (`module_id`,`event_type`),
  KEY `idx_event_priority` (`event_type`,`priority`),
  CONSTRAINT `core_event_subscriptions_ibfk_1` FOREIGN KEY (`module_id`) REFERENCES `core_modules` (`id`)
) ENGINE=InnoDB DEFAULT CHARSET=utf8mb4 COLLATE=utf8mb4_0900_ai_ci;
/*!40101 SET character_set_client = @saved_cs_client */;

--
-- Dumping data for table `core_event_subscriptions`
--
-- ORDER BY:  `id`

LOCK TABLES `core_event_subscriptions` WRITE;
/*!40000 ALTER TABLE `core_event_subscriptions` DISABLE KEYS */;
/*!40000 ALTER TABLE `core_event_subscriptions` ENABLE KEYS */;
UNLOCK TABLES;

--
-- Table structure for table `core_events`
--

DROP TABLE IF EXISTS `core_events`;
/*!40101 SET @saved_cs_client     = @@character_set_client */;
/*!50503 SET character_set_client = utf8mb4 */;
CREATE TABLE `core_events` (
  `id` bigint NOT NULL AUTO_INCREMENT,
  `event_type` varchar(100) NOT NULL,
  `source_module_id` varchar(50) NOT NULL,
  `target_module_id` varchar(50) NOT NULL,
  `entity_type` varchar(50) DEFAULT NULL,
  `entity_id` int DEFAULT NULL,
  `payload` json NOT NULL,
  `status` enum('pending','processing','completed','failed') DEFAULT 'pending',
  `retry_count` int DEFAULT '0',
  `error_message` text,
  `created_at` timestamp NULL DEFAULT CURRENT_TIMESTAMP,
  `processed_at` timestamp NULL DEFAULT NULL,
  PRIMARY KEY (`id`),
  KEY `source_module_id` (`source_module_id`),
  KEY `target_module_id` (`target_module_id`),
  KEY `idx_status_created` (`status`,`created_at`),
  KEY `idx_type_entity` (`event_type`,`entity_type`,`entity_id`),
  CONSTRAINT `core_events_ibfk_1` FOREIGN KEY (`source_module_id`) REFERENCES `core_modules` (`id`),
  CONSTRAINT `core_events_ibfk_2` FOREIGN KEY (`target_module_id`) REFERENCES `core_modules` (`id`)
) ENGINE=InnoDB DEFAULT CHARSET=utf8mb4 COLLATE=utf8mb4_0900_ai_ci;
/*!40101 SET character_set_client = @saved_cs_client */;

--
-- Dumping data for table `core_events`
--
-- ORDER BY:  `id`

LOCK TABLES `core_events` WRITE;
/*!40000 ALTER TABLE `core_events` DISABLE KEYS */;
/*!40000 ALTER TABLE `core_events` ENABLE KEYS */;
UNLOCK TABLES;

--
-- Table structure for table `core_login_attempts`
--

DROP TABLE IF EXISTS `core_login_attempts`;
/*!40101 SET @saved_cs_client     = @@character_set_client */;
/*!50503 SET character_set_client = utf8mb4 */;
CREATE TABLE `core_login_attempts` (
  `id` int NOT NULL AUTO_INCREMENT,
  `email` varchar(255) NOT NULL,
  `ip_address` varchar(45) DEFAULT NULL,
  `success` tinyint(1) NOT NULL,
  `failure_reason` varchar(50) DEFAULT NULL,
  `attempted_at` timestamp NULL DEFAULT CURRENT_TIMESTAMP,
  PRIMARY KEY (`id`),
  KEY `idx_email_time` (`email`,`attempted_at`),
  KEY `idx_ip_time` (`ip_address`,`attempted_at`)
) ENGINE=InnoDB AUTO_INCREMENT=542 DEFAULT CHARSET=utf8mb4 COLLATE=utf8mb4_0900_ai_ci;
/*!40101 SET character_set_client = @saved_cs_client */;

--
-- Dumping data for table `core_login_attempts`
--
-- ORDER BY:  `id`

LOCK TABLES `core_login_attempts` WRITE;
/*!40000 ALTER TABLE `core_login_attempts` DISABLE KEYS */;
INSERT INTO `core_login_attempts` (`id`, `email`, `ip_address`, `success`, `failure_reason`, `attempted_at`) VALUES (428,'james@7dmanufacturing.com','::ffff:172.18.0.3',0,'Invalid password','2025-09-16 19:03:39'),(429,'james@7dmanufacturing.com','::ffff:172.18.0.3',0,'Invalid password','2025-09-16 19:05:17'),(430,'james@7dmanufacturing.com','::ffff:172.18.0.3',1,NULL,'2025-09-16 19:05:22'),(431,'admin@fireprooferp.com','::ffff:172.18.0.3',0,'Invalid password','2025-09-16 19:05:35'),(432,'admin@fireprooferp.com','::ffff:172.18.0.3',1,NULL,'2025-09-16 19:05:39'),(433,'james@7dmanufacturing.com','::ffff:172.18.0.3',1,NULL,'2025-09-16 19:46:55'),(434,'james@7dmanufacturing.com','::ffff:172.18.0.3',1,NULL,'2025-09-17 15:14:52'),(435,'james@7dmanufacturing.com','::ffff:172.18.0.3',1,NULL,'2025-09-18 00:25:27'),(436,'james@7dmanufacturing.com','::ffff:172.18.0.3',1,NULL,'2025-09-18 10:16:20'),(437,'james@7dmanufacturing.com','::ffff:172.18.0.3',1,NULL,'2025-09-18 10:24:45'),(438,'james@7dmanufacturing.com','::ffff:172.18.0.3',1,NULL,'2025-09-18 22:36:02'),(439,'james@7dmanufacturing.com','::ffff:172.18.0.3',1,NULL,'2025-09-19 12:26:49'),(440,'james@7dmanufacturing.com','::ffff:172.18.0.3',1,NULL,'2025-09-19 20:35:21'),(441,'james@7dmanufacturing.com','::ffff:172.18.0.3',1,NULL,'2025-09-20 19:28:43'),(442,'james@7dmanufacturing.com','::ffff:172.18.0.2',1,NULL,'2025-09-22 14:43:38'),(443,'james@7dmanufacturing.com','::ffff:172.18.0.3',1,NULL,'2025-09-22 23:08:25'),(444,'james@7dmanufacturing.com','::ffff:172.18.0.3',1,NULL,'2025-09-23 12:14:49'),(445,'admin@fireprooferp.com','::ffff:172.18.0.3',0,'Invalid password','2025-09-23 18:29:11'),(446,'admin@fireproof.com','::ffff:172.18.0.3',0,'User not found','2025-09-23 18:29:17'),(447,'admin@fireproof.com','::ffff:172.18.0.3',0,'User not found','2025-09-23 18:29:20'),(448,'admin@fireprooferp.com','::ffff:172.18.0.3',0,'Invalid password','2025-09-23 18:29:26'),(449,'admin@fireprooferp.com','::ffff:172.18.0.3',0,'Invalid password','2025-09-23 18:30:48'),(450,'admin@fireprooferp.com','::ffff:172.18.0.3',1,NULL,'2025-09-23 18:32:00'),(451,'james@7dmanufacturing.com','::ffff:172.18.0.3',1,NULL,'2025-09-24 11:07:06'),(452,'james@7dmanufacturing.com','::ffff:172.18.0.3',1,NULL,'2025-09-24 19:23:37'),(453,'james@7dmanufacturing.com','::ffff:172.18.0.3',1,NULL,'2025-09-26 14:09:41'),(454,'james@7dmanufacturing.com','::ffff:172.18.0.3',1,NULL,'2025-09-29 15:37:22'),(455,'admin@fireprooferp.com','::ffff:172.18.0.1',0,'Invalid password','2025-09-29 20:16:02'),(456,'admin@fireprooferp.com','::ffff:172.18.0.1',1,NULL,'2025-09-29 20:16:51'),(457,'james@7dmanufacturing.com','::ffff:172.18.0.3',1,NULL,'2025-10-01 18:05:37'),(458,'james@7dmanufacturing.com','::ffff:172.18.0.3',1,NULL,'2025-10-01 22:17:25'),(459,'james@7dmanufacturing.com','::ffff:172.18.0.3',1,NULL,'2025-10-02 12:00:45'),(460,'james@7dmanufacturing.com','::ffff:172.18.0.3',1,NULL,'2025-10-03 15:34:57'),(461,'james@7dmanufacturing.com','::ffff:172.18.0.3',1,NULL,'2025-10-06 20:15:25'),(462,'james@7dmanufacturing.com','::ffff:172.18.0.3',1,NULL,'2025-10-07 03:30:15'),(463,'james@7dmanufacturing.com','::ffff:172.18.0.1',1,NULL,'2025-10-07 03:36:02'),(464,'james@7dmanufacturing.com','::ffff:172.18.0.1',1,NULL,'2025-10-07 03:39:05'),(465,'james@7dmanufacturing.com','::ffff:172.18.0.1',1,NULL,'2025-10-07 03:41:00'),(466,'james@7dmanufacturing.com','::ffff:172.18.0.1',1,NULL,'2025-10-07 03:45:14'),(467,'james@7dmanufacturing.com','::ffff:172.18.0.1',1,NULL,'2025-10-07 03:51:19'),(468,'james@7dmanufacturing.com','::ffff:172.18.0.1',1,NULL,'2025-10-07 03:53:18'),(469,'james@7dmanufacturing.com','::ffff:172.18.0.1',1,NULL,'2025-10-07 04:08:51'),(470,'james@7dmanufacturing.com','::ffff:172.18.0.1',1,NULL,'2025-10-07 04:10:49'),(471,'james@7dmanufacturing.com','::ffff:172.18.0.1',1,NULL,'2025-10-07 04:19:38'),(472,'james@7dmanufacturing.com','::ffff:172.18.0.1',1,NULL,'2025-10-07 05:01:44'),(473,'james@7dmanufacturing.com','::ffff:172.18.0.1',1,NULL,'2025-10-07 05:02:15'),(474,'james@7dmanufacturing.com','::ffff:172.18.0.1',1,NULL,'2025-10-07 05:03:27'),(475,'james@7dmanufacturing.com','::ffff:172.18.0.1',1,NULL,'2025-10-07 05:05:17'),(476,'james@7dmanufacturing.com','::ffff:172.18.0.1',1,NULL,'2025-10-07 05:06:18'),(477,'james@7dmanufacturing.com','::ffff:172.18.0.1',1,NULL,'2025-10-07 12:32:36'),(478,'james@7dmanufacturing.com','::ffff:172.18.0.1',1,NULL,'2025-10-07 12:33:11'),(479,'james@7dmanufacturing.com','::ffff:172.18.0.1',1,NULL,'2025-10-07 13:07:49'),(480,'james@7dmanufacturing.com','::ffff:172.18.0.1',1,NULL,'2025-10-07 13:09:23'),(481,'james@7dmanufacturing.com','::ffff:172.18.0.1',1,NULL,'2025-10-07 13:09:55'),(482,'james@7dmanufacturing.com','::ffff:172.18.0.1',1,NULL,'2025-10-07 13:10:23'),(483,'james@7dmanufacturing.com','::ffff:172.18.0.1',1,NULL,'2025-10-07 13:11:39'),(484,'james@7dmanufacturing.com','::ffff:172.18.0.1',1,NULL,'2025-10-07 13:12:54'),(485,'james@7dmanufacturing.com','::ffff:172.18.0.1',1,NULL,'2025-10-07 13:25:47'),(486,'james@7dmanufacturing.com','::ffff:172.18.0.1',1,NULL,'2025-10-07 13:28:17'),(487,'james@7dmanufacturing.com','::ffff:172.18.0.1',1,NULL,'2025-10-07 13:28:54'),(488,'james@7dmanufacturing.com','::ffff:172.18.0.1',1,NULL,'2025-10-07 13:36:26'),(489,'james@7dmanufacturing.com','::ffff:172.18.0.1',1,NULL,'2025-10-07 13:44:36'),(490,'james@7dmanufacturing.com','::ffff:172.18.0.1',1,NULL,'2025-10-07 13:45:45'),(491,'admin@fireprooferp.com','::ffff:172.18.0.1',0,'Invalid password','2025-10-07 15:16:50'),(492,'james@7dmanufacturing.com','::ffff:172.18.0.1',1,NULL,'2025-10-07 15:16:59'),(493,'james@7dmanufacturing.com','::ffff:172.18.0.1',1,NULL,'2025-10-08 01:59:50'),(494,'james@7dmanufacturing.com','::ffff:172.18.0.1',1,NULL,'2025-10-08 03:10:19'),(495,'james@7dmanufacturing.com','::ffff:172.18.0.1',1,NULL,'2025-10-08 03:41:17'),(496,'james@7dmanufacturing.com','::ffff:172.18.0.1',1,NULL,'2025-10-08 04:22:10'),(497,'james@7dmanufacturing.com','::ffff:172.18.0.1',1,NULL,'2025-10-08 04:23:29'),(498,'james@7dmanufacturing.com','::ffff:172.18.0.1',1,NULL,'2025-10-08 04:24:26'),(499,'james@7dmanufacturing.com','::ffff:172.18.0.1',1,NULL,'2025-10-08 04:24:52'),(500,'james@7dmanufacturing.com','::ffff:172.18.0.1',1,NULL,'2025-10-08 13:05:21'),(501,'james@7dmanufacturing.com','::ffff:172.18.0.1',1,NULL,'2025-10-08 15:46:22'),(502,'test@example.com','::ffff:172.18.0.1',0,'User not found','2025-10-08 22:22:23'),(503,'test@example.com','::ffff:172.18.0.1',0,'User not found','2025-10-08 23:27:30'),(504,'test@example.com','::ffff:172.18.0.1',0,'User not found','2025-10-09 00:04:01'),(505,'test@example.com','::ffff:172.18.0.1',0,'User not found','2025-10-09 00:06:03'),(506,'test@example.com','::ffff:172.18.0.1',0,'User not found','2025-10-09 00:18:30'),(507,'james@7dmanufacturing.com','::ffff:172.18.0.1',1,NULL,'2025-10-09 00:50:31'),(508,'james@7dmanufacturing.com','::ffff:172.18.0.1',1,NULL,'2025-10-09 01:15:14'),(509,'james@7dmanufacturing.com','::ffff:172.18.0.1',1,NULL,'2025-10-09 12:41:24'),(510,'admin@fireproof.com','::ffff:172.18.0.1',0,'User not found','2025-10-09 18:49:16'),(511,'james@7dmanufacturing.com','::ffff:172.18.0.1',1,NULL,'2025-10-09 22:05:17'),(512,'james@7dmanufacturing.com','::ffff:172.18.0.1',1,NULL,'2025-10-10 13:12:18'),(513,'james@7dmanufacturing.com','::ffff:172.18.0.1',1,NULL,'2025-10-11 12:19:17'),(514,'james@7dmanufacturing.com','::ffff:172.18.0.1',0,'Invalid password','2025-10-11 17:34:39'),(515,'admin@fireprooferp.com','::ffff:172.18.0.1',1,NULL,'2025-10-11 17:34:47'),(516,'james@7dmanufacturing.com','::ffff:172.18.0.1',1,NULL,'2025-10-13 03:29:26'),(517,'james@7dmanufacturing.com','172.18.0.1',0,'Invalid password','2025-10-19 14:37:45'),(518,'james@7dmanufacturing.com','172.18.0.1',1,NULL,'2025-10-19 14:40:01'),(519,'james@7dmanufacturing.com','172.18.0.1',1,NULL,'2025-10-19 14:40:34'),(520,'james@7dmanufacturing.com','172.18.0.1',1,NULL,'2025-10-19 14:43:33'),(521,'james@7dmanufacturing.com','172.18.0.1',1,NULL,'2025-10-19 14:45:20'),(522,'james@7dmanufacturing.com','172.18.0.1',0,'Invalid password','2025-10-19 15:41:08'),(523,'james@7dmanufacturing.com','172.18.0.1',0,'Invalid password','2025-10-19 15:41:16'),(524,'james@7dmanufacturing.com','172.18.0.1',1,NULL,'2025-10-19 15:47:36'),(525,'admin@example.com','172.18.0.1',0,'User not found','2025-10-19 21:46:55'),(526,'demo@test.com','172.18.0.1',0,'User not found','2025-10-19 21:47:13'),(527,'james@7dmanufacturing.com','172.18.0.1',0,'Invalid password','2025-10-19 23:18:04'),(528,'james@7dmanufacturing.com','172.18.0.1',1,NULL,'2025-10-19 23:18:11'),(529,'james@7dmanufacturing.com','172.18.0.1',1,NULL,'2025-10-20 00:50:33'),(530,'james@7dmanufacturing.com','172.18.0.1',1,NULL,'2025-10-20 01:17:57'),(531,'james@7dmanufacturing.com','172.18.0.1',1,NULL,'2025-10-21 17:11:58'),(532,'james@7dmanufacturing.com','172.18.0.1',1,NULL,'2025-10-22 11:33:05'),(533,'james@7dmanufacturing.com','172.18.0.1',0,'Invalid password','2025-10-22 18:46:22'),(534,'james@7dmanufacturing.com','172.18.0.1',1,NULL,'2025-10-22 19:42:19'),(535,'james@7dmanufacturing.com','172.18.0.1',1,NULL,'2025-10-23 13:06:35'),(536,'james@7dmanufacturing.com','172.18.0.1',1,NULL,'2025-10-23 13:06:51'),(537,'admin@fireprooferp.com','172.18.0.1',1,NULL,'2025-10-23 13:07:34'),(538,'admin@fireprooferp.com','172.18.0.1',1,NULL,'2025-10-23 13:22:44'),(539,'admin@fireprooferp.com','172.18.0.1',1,NULL,'2025-10-23 13:26:24'),(540,'admin@fireprooferp.com','172.18.0.1',1,NULL,'2025-10-23 13:31:20'),(541,'james@7dmanufacturing.com','172.18.0.1',1,NULL,'2025-10-23 15:46:25');
/*!40000 ALTER TABLE `core_login_attempts` ENABLE KEYS */;
UNLOCK TABLES;

--
-- Table structure for table `core_module_config`
--

DROP TABLE IF EXISTS `core_module_config`;
/*!40101 SET @saved_cs_client     = @@character_set_client */;
/*!50503 SET character_set_client = utf8mb4 */;
CREATE TABLE `core_module_config` (
  `id` int NOT NULL AUTO_INCREMENT,
  `module_id` varchar(50) NOT NULL,
  `config_key` varchar(100) NOT NULL,
  `config_value` json NOT NULL,
  `updated_by` int NOT NULL,
  `updated_at` timestamp NULL DEFAULT CURRENT_TIMESTAMP ON UPDATE CURRENT_TIMESTAMP,
  PRIMARY KEY (`id`),
  UNIQUE KEY `unique_config` (`module_id`,`config_key`),
  KEY `updated_by` (`updated_by`),
  CONSTRAINT `core_module_config_ibfk_1` FOREIGN KEY (`module_id`) REFERENCES `core_modules` (`id`),
  CONSTRAINT `core_module_config_ibfk_2` FOREIGN KEY (`updated_by`) REFERENCES `core_users` (`id`)
) ENGINE=InnoDB DEFAULT CHARSET=utf8mb4 COLLATE=utf8mb4_0900_ai_ci;
/*!40101 SET character_set_client = @saved_cs_client */;

--
-- Dumping data for table `core_module_config`
--
-- ORDER BY:  `id`

LOCK TABLES `core_module_config` WRITE;
/*!40000 ALTER TABLE `core_module_config` DISABLE KEYS */;
/*!40000 ALTER TABLE `core_module_config` ENABLE KEYS */;
UNLOCK TABLES;

--
-- Table structure for table `core_modules`
--

DROP TABLE IF EXISTS `core_modules`;
/*!40101 SET @saved_cs_client     = @@character_set_client */;
/*!50503 SET character_set_client = utf8mb4 */;
CREATE TABLE `core_modules` (
  `id` varchar(50) NOT NULL,
  `name` varchar(100) NOT NULL,
  `version` varchar(20) NOT NULL,
  `is_core` tinyint(1) DEFAULT '0',
  `dependencies` json DEFAULT NULL,
  `created_at` timestamp NULL DEFAULT CURRENT_TIMESTAMP,
  `updated_at` timestamp NULL DEFAULT CURRENT_TIMESTAMP ON UPDATE CURRENT_TIMESTAMP,
  PRIMARY KEY (`id`)
) ENGINE=InnoDB DEFAULT CHARSET=utf8mb4 COLLATE=utf8mb4_0900_ai_ci;
/*!40101 SET character_set_client = @saved_cs_client */;

--
-- Dumping data for table `core_modules`
--
-- ORDER BY:  `id`

LOCK TABLES `core_modules` WRITE;
/*!40000 ALTER TABLE `core_modules` DISABLE KEYS */;
INSERT INTO `core_modules` (`id`, `name`, `version`, `is_core`, `dependencies`, `created_at`, `updated_at`) VALUES ('auth','Authentication','1.0.0',1,NULL,'2025-08-19 07:45:05','2025-08-19 07:45:05'),('data','Data Management','1.0.0',1,NULL,'2025-08-19 07:45:05','2025-08-19 07:45:05'),('gauge','Gauge Management','1.0.0',0,NULL,'2025-08-19 19:45:36','2025-08-19 19:45:36'),('navigation','Navigation','1.0.0',1,NULL,'2025-08-19 07:45:05','2025-08-19 07:45:05'),('notifications','Notifications','1.0.0',1,NULL,'2025-08-19 07:45:05','2025-08-19 07:45:05');
/*!40000 ALTER TABLE `core_modules` ENABLE KEYS */;
UNLOCK TABLES;

--
-- Table structure for table `core_navigation`
--

DROP TABLE IF EXISTS `core_navigation`;
/*!40101 SET @saved_cs_client     = @@character_set_client */;
/*!50503 SET character_set_client = utf8mb4 */;
CREATE TABLE `core_navigation` (
  `id` int NOT NULL AUTO_INCREMENT,
  `module_id` varchar(50) NOT NULL,
  `parent_id` int DEFAULT NULL,
  `label` varchar(100) NOT NULL,
  `path` varchar(255) NOT NULL,
  `icon` varchar(50) DEFAULT NULL,
  `sort_order` int DEFAULT '0',
  `required_permission_id` int DEFAULT NULL,
  `is_active` tinyint(1) DEFAULT '1',
  PRIMARY KEY (`id`),
  KEY `required_permission_id` (`required_permission_id`),
  KEY `idx_module_order` (`module_id`,`sort_order`),
  KEY `idx_parent_order` (`parent_id`,`sort_order`),
  CONSTRAINT `core_navigation_ibfk_1` FOREIGN KEY (`module_id`) REFERENCES `core_modules` (`id`),
  CONSTRAINT `core_navigation_ibfk_2` FOREIGN KEY (`required_permission_id`) REFERENCES `core_permissions` (`id`),
  CONSTRAINT `fk_navigation_parent` FOREIGN KEY (`parent_id`) REFERENCES `core_navigation` (`id`) ON DELETE CASCADE
) ENGINE=InnoDB AUTO_INCREMENT=23 DEFAULT CHARSET=utf8mb4 COLLATE=utf8mb4_0900_ai_ci;
/*!40101 SET character_set_client = @saved_cs_client */;

--
-- Dumping data for table `core_navigation`
--
-- ORDER BY:  `id`

LOCK TABLES `core_navigation` WRITE;
/*!40000 ALTER TABLE `core_navigation` DISABLE KEYS */;
INSERT INTO `core_navigation` (`id`, `module_id`, `parent_id`, `label`, `path`, `icon`, `sort_order`, `required_permission_id`, `is_active`) VALUES (19,'gauge',NULL,'Gauges','/gauges','gauge',10,40,1),(20,'gauge',19,'Calibrations','/gauges/calibrations','calendar',20,49,1),(21,'gauge',19,'QC Checks','/gauges/qc','check-circle',30,53,1),(22,'gauge',19,'Reports','/gauges/reports','chart-bar',40,57,1);
/*!40000 ALTER TABLE `core_navigation` ENABLE KEYS */;
UNLOCK TABLES;

--
-- Table structure for table `core_notification_preferences`
--

DROP TABLE IF EXISTS `core_notification_preferences`;
/*!40101 SET @saved_cs_client     = @@character_set_client */;
/*!50503 SET character_set_client = utf8mb4 */;
CREATE TABLE `core_notification_preferences` (
  `user_id` int NOT NULL,
  `notification_type` varchar(50) NOT NULL,
  `delivery_methods` json DEFAULT NULL,
  `is_enabled` tinyint(1) DEFAULT '1',
  `updated_at` timestamp NULL DEFAULT CURRENT_TIMESTAMP ON UPDATE CURRENT_TIMESTAMP,
  PRIMARY KEY (`user_id`,`notification_type`),
  CONSTRAINT `core_notification_preferences_ibfk_1` FOREIGN KEY (`user_id`) REFERENCES `core_users` (`id`) ON DELETE CASCADE
) ENGINE=InnoDB DEFAULT CHARSET=utf8mb4 COLLATE=utf8mb4_0900_ai_ci;
/*!40101 SET character_set_client = @saved_cs_client */;

--
-- Dumping data for table `core_notification_preferences`
--
-- ORDER BY:  `user_id`,`notification_type`

LOCK TABLES `core_notification_preferences` WRITE;
/*!40000 ALTER TABLE `core_notification_preferences` DISABLE KEYS */;
/*!40000 ALTER TABLE `core_notification_preferences` ENABLE KEYS */;
UNLOCK TABLES;

--
-- Table structure for table `core_notification_templates`
--

DROP TABLE IF EXISTS `core_notification_templates`;
/*!40101 SET @saved_cs_client     = @@character_set_client */;
/*!50503 SET character_set_client = utf8mb4 */;
CREATE TABLE `core_notification_templates` (
  `id` int NOT NULL AUTO_INCREMENT,
  `module_id` varchar(50) NOT NULL,
  `type` varchar(50) NOT NULL,
  `name` varchar(100) NOT NULL,
  `subject_template` varchar(255) NOT NULL,
  `body_template` text NOT NULL,
  `variables` json DEFAULT NULL,
  `is_active` tinyint(1) DEFAULT '1',
  `created_at` timestamp NULL DEFAULT CURRENT_TIMESTAMP,
  `updated_at` timestamp NULL DEFAULT CURRENT_TIMESTAMP ON UPDATE CURRENT_TIMESTAMP,
  PRIMARY KEY (`id`),
  UNIQUE KEY `unique_template` (`module_id`,`type`,`name`),
  CONSTRAINT `core_notification_templates_ibfk_1` FOREIGN KEY (`module_id`) REFERENCES `core_modules` (`id`)
) ENGINE=InnoDB DEFAULT CHARSET=utf8mb4 COLLATE=utf8mb4_0900_ai_ci;
/*!40101 SET character_set_client = @saved_cs_client */;

--
-- Dumping data for table `core_notification_templates`
--
-- ORDER BY:  `id`

LOCK TABLES `core_notification_templates` WRITE;
/*!40000 ALTER TABLE `core_notification_templates` DISABLE KEYS */;
/*!40000 ALTER TABLE `core_notification_templates` ENABLE KEYS */;
UNLOCK TABLES;

--
-- Table structure for table `core_notifications`
--

DROP TABLE IF EXISTS `core_notifications`;
/*!40101 SET @saved_cs_client     = @@character_set_client */;
/*!50503 SET character_set_client = utf8mb4 */;
CREATE TABLE `core_notifications` (
  `id` int NOT NULL AUTO_INCREMENT,
  `user_id` int NOT NULL,
  `module_id` varchar(50) NOT NULL,
  `type` varchar(50) NOT NULL,
  `title` varchar(255) NOT NULL,
  `message` text NOT NULL,
  `data` json DEFAULT NULL,
  `priority` enum('low','normal','high','urgent') DEFAULT 'normal',
  `is_read` tinyint(1) DEFAULT '0',
  `created_at` timestamp NULL DEFAULT CURRENT_TIMESTAMP,
  `read_at` timestamp NULL DEFAULT NULL,
  `expires_at` timestamp NULL DEFAULT NULL,
  PRIMARY KEY (`id`),
  KEY `module_id` (`module_id`),
  KEY `idx_user_unread` (`user_id`,`is_read`,`created_at`),
  KEY `idx_expires` (`expires_at`),
  CONSTRAINT `core_notifications_ibfk_1` FOREIGN KEY (`user_id`) REFERENCES `core_users` (`id`) ON DELETE CASCADE,
  CONSTRAINT `core_notifications_ibfk_2` FOREIGN KEY (`module_id`) REFERENCES `core_modules` (`id`)
) ENGINE=InnoDB DEFAULT CHARSET=utf8mb4 COLLATE=utf8mb4_0900_ai_ci;
/*!40101 SET character_set_client = @saved_cs_client */;

--
-- Dumping data for table `core_notifications`
--
-- ORDER BY:  `id`

LOCK TABLES `core_notifications` WRITE;
/*!40000 ALTER TABLE `core_notifications` DISABLE KEYS */;
/*!40000 ALTER TABLE `core_notifications` ENABLE KEYS */;
UNLOCK TABLES;

--
-- Table structure for table `core_permissions`
--

DROP TABLE IF EXISTS `core_permissions`;
/*!40101 SET @saved_cs_client     = @@character_set_client */;
/*!50503 SET character_set_client = utf8mb4 */;
CREATE TABLE `core_permissions` (
  `id` int NOT NULL AUTO_INCREMENT,
  `module_id` varchar(50) NOT NULL,
  `resource` varchar(50) NOT NULL,
  `action` varchar(50) NOT NULL,
  `description` text,
  `created_at` timestamp NULL DEFAULT CURRENT_TIMESTAMP,
  PRIMARY KEY (`id`),
  UNIQUE KEY `unique_permission` (`module_id`,`resource`,`action`),
  KEY `idx_module` (`module_id`)
) ENGINE=InnoDB AUTO_INCREMENT=130 DEFAULT CHARSET=utf8mb4 COLLATE=utf8mb4_0900_ai_ci;
/*!40101 SET character_set_client = @saved_cs_client */;

--
-- Dumping data for table `core_permissions`
--
-- ORDER BY:  `id`

LOCK TABLES `core_permissions` WRITE;
/*!40000 ALTER TABLE `core_permissions` DISABLE KEYS */;
INSERT INTO `core_permissions` (`id`, `module_id`, `resource`, `action`, `description`, `created_at`) VALUES (40,'gauge','gauge','view','View gauge information','2025-08-19 19:49:22'),(41,'gauge','gauge','create','Create new gauges','2025-08-19 19:49:22'),(42,'gauge','gauge','edit','Edit gauge information','2025-08-19 19:49:22'),(43,'gauge','gauge','delete','Delete gauges','2025-08-19 19:49:22'),(44,'gauge','gauge','checkout','Check out gauges','2025-08-19 19:49:22'),(45,'gauge','gauge','return','Return gauges','2025-08-19 19:49:22'),(46,'gauge','gauge','transfer','Transfer gauges to other users','2025-08-19 19:49:22'),(47,'gauge','gauge','unseal','Request to unseal gauges','2025-08-19 19:49:22'),(48,'gauge','gauge','approve_unseal','Approve unseal requests','2025-08-19 19:49:22'),(49,'gauge','calibration','view','View calibration records','2025-08-19 19:49:22'),(50,'gauge','calibration','create','Create calibration records','2025-08-19 19:49:22'),(51,'gauge','calibration','edit','Edit calibration records','2025-08-19 19:49:22'),(52,'gauge','calibration','schedule','Manage calibration schedules','2025-08-19 19:49:22'),(53,'gauge','qc','perform','Perform quality control checks','2025-08-19 19:49:22'),(54,'gauge','qc','override','Override QC decisions','2025-08-19 19:49:22'),(55,'gauge','category','manage','Manage gauge categories','2025-08-19 19:49:22'),(56,'gauge','settings','manage','Manage gauge module settings','2025-08-19 19:49:22'),(57,'gauge','reports','view','View gauge reports','2025-08-19 19:49:22'),(58,'gauge','reports','export','Export gauge data','2025-08-19 19:49:22'),(59,'gauge','gauges','read','Permission: gauges.read','2025-09-08 21:23:26'),(60,'gauge','gauges','write','Permission: gauges.write','2025-09-08 21:23:26'),(61,'gauge','calibration','read','Permission: calibration.read','2025-09-08 21:23:26'),(62,'gauge','calibration','write','Permission: calibration.write','2025-09-08 21:23:26'),(63,'gauge','unseal','request','Permission: unseal.request','2025-09-08 21:23:26'),(64,'gauge','unseal','approve','Permission: unseal.approve','2025-09-08 21:23:26'),(65,'gauge','transfers','execute','Permission: transfers.execute','2025-09-08 21:23:26'),(66,'gauge','audit','read','Permission: audit.read','2025-09-08 21:23:26'),(67,'gauges','gauges','create','Create new gauges','2025-09-29 17:39:33'),(68,'gauges','gauges','read','View gauge information','2025-09-29 17:39:33'),(69,'gauges','gauges','update','Update gauge information','2025-09-29 17:39:33'),(70,'gauges','gauges','delete','Delete gauges','2025-09-29 17:39:33'),(71,'gauges','gauges','checkout','Checkout gauges','2025-09-29 17:39:33'),(72,'gauges','gauges','return','Return gauges','2025-09-29 17:39:33'),(73,'gauges','gauges','transfer','Transfer gauges','2025-09-29 17:39:33'),(74,'gauges','gauges','unseal','Unseal gauges','2025-09-29 17:39:33'),(75,'calibration','calibration','create','Create calibration records','2025-09-29 17:39:33'),(76,'calibration','calibration','update','Update calibration records','2025-09-29 17:39:33'),(77,'calibration','calibration','approve','Approve calibration records','2025-09-29 17:39:33'),(78,'calibration','calibration','read','View calibration records','2025-09-29 17:39:33'),(79,'qc','qc','verify','Verify QC operations','2025-09-29 17:39:33'),(80,'qc','qc','read','View QC information','2025-09-29 17:39:33'),(81,'users','users','create','Create users','2025-09-29 17:39:33'),(82,'users','users','read','View users','2025-09-29 17:39:33'),(83,'users','users','update','Update users','2025-09-29 17:39:33'),(84,'users','users','delete','Delete users','2025-09-29 17:39:33'),(85,'view','view','gauges','View gauge reports','2025-09-29 17:39:33'),(86,'view','view','audit_logs','View audit logs','2025-09-29 17:39:33'),(87,'manage','manage','users','Manage users and system','2025-09-29 17:39:33'),(88,'gauges','create','permission','RBAC permission: gauges.create','2025-09-29 19:51:13'),(89,'gauges','read','permission','RBAC permission: gauges.read','2025-09-29 19:51:13'),(90,'gauges','update','permission','RBAC permission: gauges.update','2025-09-29 19:51:13'),(91,'gauges','delete','permission','RBAC permission: gauges.delete','2025-09-29 19:51:13'),(92,'gauges','checkout','permission','RBAC permission: gauges.checkout','2025-09-29 19:51:13'),(93,'gauges','return','permission','RBAC permission: gauges.return','2025-09-29 19:51:13'),(94,'gauges','transfer','permission','RBAC permission: gauges.transfer','2025-09-29 19:51:13'),(95,'gauges','unseal','permission','RBAC permission: gauges.unseal','2025-09-29 19:51:13'),(96,'calibration','create','permission','RBAC permission: calibration.create','2025-09-29 19:51:13'),(97,'calibration','update','permission','RBAC permission: calibration.update','2025-09-29 19:51:13'),(98,'calibration','approve','permission','RBAC permission: calibration.approve','2025-09-29 19:51:13'),(99,'calibration','read','permission','RBAC permission: calibration.read','2025-09-29 19:51:13'),(100,'qc','verify','permission','RBAC permission: qc.verify','2025-09-29 19:51:13'),(101,'qc','read','permission','RBAC permission: qc.read','2025-09-29 19:51:13'),(102,'users','create','permission','RBAC permission: users.create','2025-09-29 19:51:13'),(103,'users','read','permission','RBAC permission: users.read','2025-09-29 19:51:13'),(104,'users','update','permission','RBAC permission: users.update','2025-09-29 19:51:13'),(105,'users','delete','permission','RBAC permission: users.delete','2025-09-29 19:51:13'),(106,'view','gauges','permission','RBAC permission: view_gauges','2025-09-29 19:51:13'),(107,'view','audit_logs','permission','RBAC permission: view_audit_logs','2025-09-29 19:51:13'),(108,'manage','users','permission','RBAC permission: manage_users','2025-09-29 19:51:13'),(109,'gauges','create','','RBAC permission for gauges.create','2025-09-29 19:52:54'),(110,'gauges','read','','RBAC permission for gauges.read','2025-09-29 19:52:54'),(111,'gauges','update','','RBAC permission for gauges.update','2025-09-29 19:52:54'),(112,'gauges','delete','','RBAC permission for gauges.delete','2025-09-29 19:52:54'),(113,'gauges','checkout','','RBAC permission for gauges.checkout','2025-09-29 19:52:54'),(114,'gauges','return','','RBAC permission for gauges.return','2025-09-29 19:52:54'),(115,'gauges','transfer','','RBAC permission for gauges.transfer','2025-09-29 19:52:54'),(116,'gauges','unseal','','RBAC permission for gauges.unseal','2025-09-29 19:52:54'),(117,'calibration','create','','RBAC permission for calibration.create','2025-09-29 19:52:54'),(118,'calibration','update','','RBAC permission for calibration.update','2025-09-29 19:52:54'),(119,'calibration','approve','','RBAC permission for calibration.approve','2025-09-29 19:52:54'),(120,'calibration','read','','RBAC permission for calibration.read','2025-09-29 19:52:54'),(121,'qc','verify','','RBAC permission for qc.verify','2025-09-29 19:52:54'),(122,'qc','read','','RBAC permission for qc.read','2025-09-29 19:52:54'),(123,'users','create','','RBAC permission for users.create','2025-09-29 19:52:54'),(124,'users','read','','RBAC permission for users.read','2025-09-29 19:52:54'),(125,'users','update','','RBAC permission for users.update','2025-09-29 19:52:54'),(126,'users','delete','','RBAC permission for users.delete','2025-09-29 19:52:54'),(127,'view_gauges','','','RBAC permission for view_gauges','2025-09-29 19:52:54'),(128,'view_audit_logs','','','RBAC permission for view_audit_logs','2025-09-29 19:52:54'),(129,'manage_users','','','RBAC permission for manage_users','2025-09-29 19:52:54');
/*!40000 ALTER TABLE `core_permissions` ENABLE KEYS */;
UNLOCK TABLES;

--
-- Table structure for table `core_role_permissions`
--

DROP TABLE IF EXISTS `core_role_permissions`;
/*!40101 SET @saved_cs_client     = @@character_set_client */;
/*!50503 SET character_set_client = utf8mb4 */;
CREATE TABLE `core_role_permissions` (
  `role_id` int NOT NULL,
  `permission_id` int NOT NULL,
  `granted_at` timestamp NULL DEFAULT CURRENT_TIMESTAMP,
  PRIMARY KEY (`role_id`,`permission_id`),
  KEY `permission_id` (`permission_id`),
  CONSTRAINT `core_role_permissions_ibfk_1` FOREIGN KEY (`role_id`) REFERENCES `core_roles` (`id`) ON DELETE CASCADE,
  CONSTRAINT `core_role_permissions_ibfk_2` FOREIGN KEY (`permission_id`) REFERENCES `core_permissions` (`id`) ON DELETE CASCADE
) ENGINE=InnoDB DEFAULT CHARSET=utf8mb4 COLLATE=utf8mb4_0900_ai_ci;
/*!40101 SET character_set_client = @saved_cs_client */;

--
-- Dumping data for table `core_role_permissions`
--
-- ORDER BY:  `role_id`,`permission_id`

LOCK TABLES `core_role_permissions` WRITE;
/*!40000 ALTER TABLE `core_role_permissions` DISABLE KEYS */;
INSERT INTO `core_role_permissions` (`role_id`, `permission_id`, `granted_at`) VALUES (6,40,'2025-10-19 23:33:01'),(6,41,'2025-10-19 23:33:01'),(6,42,'2025-10-19 23:33:01'),(6,43,'2025-10-19 23:33:01'),(6,44,'2025-10-19 23:33:01'),(6,45,'2025-10-19 23:33:01'),(6,46,'2025-10-19 23:33:01'),(6,47,'2025-10-19 23:33:01'),(6,48,'2025-10-19 23:33:01'),(6,49,'2025-10-19 23:33:01'),(6,50,'2025-10-19 23:33:01'),(6,51,'2025-10-19 23:33:01'),(6,52,'2025-10-19 23:33:01'),(6,53,'2025-10-19 23:33:01'),(6,54,'2025-10-19 23:33:01'),(6,55,'2025-10-19 23:33:01'),(6,57,'2025-10-19 23:33:01'),(6,58,'2025-10-19 23:33:01'),(6,59,'2025-10-19 23:33:01'),(6,60,'2025-10-19 23:33:01'),(6,61,'2025-10-19 23:33:01'),(6,62,'2025-10-19 23:33:01'),(6,63,'2025-10-19 23:33:01'),(6,64,'2025-10-19 23:33:01'),(6,65,'2025-10-19 23:33:01'),(6,66,'2025-10-19 23:33:01'),(6,67,'2025-10-19 23:33:01'),(6,68,'2025-10-19 23:33:01'),(6,69,'2025-10-19 23:33:01'),(6,70,'2025-10-19 23:33:01'),(6,71,'2025-10-19 23:33:01'),(6,72,'2025-10-19 23:33:01'),(6,73,'2025-10-19 23:33:01'),(6,74,'2025-10-19 23:33:01'),(6,75,'2025-10-19 23:33:01'),(6,76,'2025-10-19 23:33:01'),(6,77,'2025-10-19 23:33:01'),(6,78,'2025-10-19 23:33:01'),(6,79,'2025-10-19 23:33:01'),(6,80,'2025-10-19 23:33:01'),(6,81,'2025-10-19 23:33:01'),(6,82,'2025-10-19 23:33:01'),(6,83,'2025-10-19 23:33:01'),(6,84,'2025-10-19 23:33:01'),(6,85,'2025-10-19 23:33:01'),(6,86,'2025-10-19 23:33:01'),(6,87,'2025-10-19 23:33:01'),(6,88,'2025-10-19 23:33:01'),(6,89,'2025-10-19 23:33:01'),(6,90,'2025-10-19 23:33:01'),(6,91,'2025-10-19 23:33:01'),(6,92,'2025-10-19 23:33:01'),(6,93,'2025-10-19 23:33:01'),(6,94,'2025-10-19 23:33:01'),(6,95,'2025-10-19 23:33:01'),(6,96,'2025-10-19 23:33:01'),(6,97,'2025-10-19 23:33:01'),(6,98,'2025-10-19 23:33:01'),(6,99,'2025-10-19 23:33:01'),(6,100,'2025-10-19 23:33:01'),(6,101,'2025-10-19 23:33:01'),(6,102,'2025-10-19 23:33:01'),(6,103,'2025-10-19 23:33:01'),(6,104,'2025-10-19 23:33:01'),(6,105,'2025-10-19 23:33:01'),(6,106,'2025-10-19 23:33:01'),(6,107,'2025-10-19 23:33:01'),(6,108,'2025-10-19 23:33:01'),(6,109,'2025-10-19 23:33:01'),(6,110,'2025-10-19 23:33:01'),(6,111,'2025-10-19 23:33:01'),(6,112,'2025-10-19 23:33:01'),(6,113,'2025-10-19 23:33:01'),(6,114,'2025-10-19 23:33:01'),(6,115,'2025-10-19 23:33:01'),(6,116,'2025-10-19 23:33:01'),(6,117,'2025-10-19 23:33:01'),(6,118,'2025-10-19 23:33:01'),(6,119,'2025-10-19 23:33:01'),(6,120,'2025-10-19 23:33:01'),(6,121,'2025-10-19 23:33:01'),(6,122,'2025-10-19 23:33:01'),(6,123,'2025-10-19 23:33:01'),(6,124,'2025-10-19 23:33:01'),(6,125,'2025-10-19 23:33:01'),(6,126,'2025-10-19 23:33:01'),(6,127,'2025-10-19 23:33:01'),(6,128,'2025-10-19 23:33:01'),(6,129,'2025-10-19 23:33:01'),(7,59,'2025-09-08 21:25:16'),(7,60,'2025-09-08 21:25:16'),(7,61,'2025-09-08 21:25:16'),(7,62,'2025-09-08 21:25:16'),(7,63,'2025-09-08 21:25:16'),(7,64,'2025-09-08 21:25:16'),(7,65,'2025-09-08 21:25:16'),(7,66,'2025-09-08 21:25:16'),(7,68,'2025-09-29 19:50:20'),(7,71,'2025-09-29 19:50:20'),(7,72,'2025-09-29 19:50:20'),(7,73,'2025-09-29 19:50:20'),(7,78,'2025-09-29 19:50:20'),(7,80,'2025-09-29 19:50:20'),(7,85,'2025-09-29 19:50:20'),(8,59,'2025-09-08 21:25:16'),(8,61,'2025-09-08 21:25:16'),(8,62,'2025-09-08 21:25:16'),(8,66,'2025-09-08 21:25:16'),(8,68,'2025-09-29 19:50:20'),(8,71,'2025-09-29 19:50:20'),(8,72,'2025-09-29 19:50:20'),(8,79,'2025-09-29 19:50:20'),(8,80,'2025-09-29 19:50:20'),(8,85,'2025-09-29 19:50:20'),(9,59,'2025-09-08 21:25:16'),(9,63,'2025-09-08 21:25:16'),(9,65,'2025-09-08 21:25:16'),(9,68,'2025-09-29 19:50:20'),(9,71,'2025-09-29 19:50:20'),(9,72,'2025-09-29 19:50:20'),(9,85,'2025-09-29 19:50:20'),(92,40,'2025-10-19 23:33:00'),(92,44,'2025-10-19 23:33:00'),(92,45,'2025-10-19 23:33:00'),(92,46,'2025-10-19 23:33:00'),(92,49,'2025-10-19 23:33:00'),(92,57,'2025-10-19 23:33:00'),(93,40,'2025-10-19 23:33:01'),(93,41,'2025-10-19 23:33:01'),(93,42,'2025-10-19 23:33:01'),(93,43,'2025-10-19 23:33:01'),(93,44,'2025-10-19 23:33:01'),(93,45,'2025-10-19 23:33:01'),(93,46,'2025-10-19 23:33:01'),(93,49,'2025-10-19 23:33:01'),(93,50,'2025-10-19 23:33:01'),(93,51,'2025-10-19 23:33:01'),(93,52,'2025-10-19 23:33:01'),(93,55,'2025-10-19 23:33:01'),(93,57,'2025-10-19 23:33:01'),(93,58,'2025-10-19 23:33:01'),(93,66,'2025-10-19 23:33:01'),(93,75,'2025-10-19 23:33:01'),(93,76,'2025-10-19 23:33:01'),(93,77,'2025-10-19 23:33:01'),(93,78,'2025-10-19 23:33:01'),(94,40,'2025-10-19 23:33:02'),(94,41,'2025-10-19 23:33:02'),(94,42,'2025-10-19 23:33:02'),(94,43,'2025-10-19 23:33:02'),(94,44,'2025-10-19 23:33:02'),(94,45,'2025-10-19 23:33:02'),(94,46,'2025-10-19 23:33:02'),(94,47,'2025-10-19 23:33:02'),(94,48,'2025-10-19 23:33:02'),(94,49,'2025-10-19 23:33:02'),(94,50,'2025-10-19 23:33:02'),(94,51,'2025-10-19 23:33:02'),(94,52,'2025-10-19 23:33:02'),(94,53,'2025-10-19 23:33:02'),(94,54,'2025-10-19 23:33:02'),(94,55,'2025-10-19 23:33:02'),(94,56,'2025-10-19 23:33:02'),(94,57,'2025-10-19 23:33:02'),(94,58,'2025-10-19 23:33:02'),(94,59,'2025-10-19 23:33:02'),(94,60,'2025-10-19 23:33:02'),(94,61,'2025-10-19 23:33:02'),(94,62,'2025-10-19 23:33:02'),(94,63,'2025-10-19 23:33:02'),(94,64,'2025-10-19 23:33:02'),(94,65,'2025-10-19 23:33:02'),(94,66,'2025-10-19 23:33:02'),(94,67,'2025-10-19 23:33:02'),(94,68,'2025-10-19 23:33:02'),(94,69,'2025-10-19 23:33:02'),(94,70,'2025-10-19 23:33:02'),(94,71,'2025-10-19 23:33:02'),(94,72,'2025-10-19 23:33:02'),(94,73,'2025-10-19 23:33:02'),(94,74,'2025-10-19 23:33:02'),(94,75,'2025-10-19 23:33:02'),(94,76,'2025-10-19 23:33:02'),(94,77,'2025-10-19 23:33:02'),(94,78,'2025-10-19 23:33:02'),(94,79,'2025-10-19 23:33:02'),(94,80,'2025-10-19 23:33:02'),(94,81,'2025-10-19 23:33:02'),(94,82,'2025-10-19 23:33:02'),(94,83,'2025-10-19 23:33:02'),(94,84,'2025-10-19 23:33:02'),(94,85,'2025-10-19 23:33:02'),(94,86,'2025-10-19 23:33:02'),(94,87,'2025-10-19 23:33:02'),(94,88,'2025-10-19 23:33:02'),(94,89,'2025-10-19 23:33:02'),(94,90,'2025-10-19 23:33:02'),(94,91,'2025-10-19 23:33:02'),(94,92,'2025-10-19 23:33:02'),(94,93,'2025-10-19 23:33:02'),(94,94,'2025-10-19 23:33:02'),(94,95,'2025-10-19 23:33:02'),(94,96,'2025-10-19 23:33:02'),(94,97,'2025-10-19 23:33:02'),(94,98,'2025-10-19 23:33:02'),(94,99,'2025-10-19 23:33:02'),(94,100,'2025-10-19 23:33:02'),(94,101,'2025-10-19 23:33:02'),(94,102,'2025-10-19 23:33:02'),(94,103,'2025-10-19 23:33:02'),(94,104,'2025-10-19 23:33:02'),(94,105,'2025-10-19 23:33:02'),(94,106,'2025-10-19 23:33:02'),(94,107,'2025-10-19 23:33:02'),(94,108,'2025-10-19 23:33:02'),(94,109,'2025-10-19 23:33:02'),(94,110,'2025-10-19 23:33:02'),(94,111,'2025-10-19 23:33:02'),(94,112,'2025-10-19 23:33:02'),(94,113,'2025-10-19 23:33:02'),(94,114,'2025-10-19 23:33:02'),(94,115,'2025-10-19 23:33:02'),(94,116,'2025-10-19 23:33:02'),(94,117,'2025-10-19 23:33:02'),(94,118,'2025-10-19 23:33:02'),(94,119,'2025-10-19 23:33:02'),(94,120,'2025-10-19 23:33:02'),(94,121,'2025-10-19 23:33:02'),(94,122,'2025-10-19 23:33:02'),(94,123,'2025-10-19 23:33:02'),(94,124,'2025-10-19 23:33:02'),(94,125,'2025-10-19 23:33:02'),(94,126,'2025-10-19 23:33:02'),(94,127,'2025-10-19 23:33:02'),(94,128,'2025-10-19 23:33:02'),(94,129,'2025-10-19 23:33:02');
/*!40000 ALTER TABLE `core_role_permissions` ENABLE KEYS */;
UNLOCK TABLES;

--
-- Table structure for table `core_roles`
--

DROP TABLE IF EXISTS `core_roles`;
/*!40101 SET @saved_cs_client     = @@character_set_client */;
/*!50503 SET character_set_client = utf8mb4 */;
CREATE TABLE `core_roles` (
  `id` int NOT NULL AUTO_INCREMENT,
  `name` varchar(50) NOT NULL,
  `description` text,
  `is_system` tinyint(1) DEFAULT '1',
  `is_active` tinyint(1) DEFAULT '1',
  `created_at` timestamp NULL DEFAULT CURRENT_TIMESTAMP,
  PRIMARY KEY (`id`),
  UNIQUE KEY `name` (`name`)
) ENGINE=InnoDB AUTO_INCREMENT=95 DEFAULT CHARSET=utf8mb4 COLLATE=utf8mb4_0900_ai_ci;
/*!40101 SET character_set_client = @saved_cs_client */;

--
-- Dumping data for table `core_roles`
--
-- ORDER BY:  `id`

LOCK TABLES `core_roles` WRITE;
/*!40000 ALTER TABLE `core_roles` DISABLE KEYS */;
INSERT INTO `core_roles` (`id`, `name`, `description`, `is_system`, `is_active`, `created_at`) VALUES (1,'gauge_admin','Full gauge system administration',1,1,'2025-08-19 17:50:25'),(2,'gauge_manager','Manage gauges and calibrations',1,1,'2025-08-19 17:50:25'),(3,'gauge_user','Basic gauge checkout and return',1,1,'2025-08-19 17:50:25'),(4,'quality_inspector','Perform QC checks and inspections',1,1,'2025-08-19 17:50:25'),(5,'gauge_viewer','Read-only access to gauge information',1,1,'2025-08-19 20:36:51'),(6,'admin','Administrator - can manage users and all QC functions',1,1,'2025-09-08 21:13:03'),(7,'manager','Manager Role',1,1,'2025-09-08 21:13:03'),(8,'inspector','Inspector Role',1,1,'2025-09-08 21:13:03'),(9,'operator','Operator Role',1,1,'2025-09-08 21:13:03'),(92,'User','Standard user - can view and operate gauges',1,1,'2025-10-19 23:32:58'),(93,'QC','Quality Control - can manage gauges and calibrations',1,1,'2025-10-19 23:32:58'),(94,'super_admin','Full system access including system configuration',1,1,'2025-10-19 23:32:58');
/*!40000 ALTER TABLE `core_roles` ENABLE KEYS */;
UNLOCK TABLES;

--
-- Table structure for table `core_sessions`
--

DROP TABLE IF EXISTS `core_sessions`;
/*!40101 SET @saved_cs_client     = @@character_set_client */;
/*!50503 SET character_set_client = utf8mb4 */;
CREATE TABLE `core_sessions` (
  `id` int NOT NULL AUTO_INCREMENT,
  `user_id` int NOT NULL,
  `token` varchar(255) NOT NULL,
  `ip_address` varchar(45) DEFAULT NULL,
  `user_agent` varchar(255) DEFAULT NULL,
  `expires_at` timestamp NOT NULL,
  `created_at` timestamp NULL DEFAULT CURRENT_TIMESTAMP,
  PRIMARY KEY (`id`),
  UNIQUE KEY `token` (`token`),
  KEY `idx_token` (`token`),
  KEY `idx_user_expires` (`user_id`,`expires_at`),
  CONSTRAINT `core_sessions_ibfk_1` FOREIGN KEY (`user_id`) REFERENCES `core_users` (`id`) ON DELETE CASCADE
) ENGINE=InnoDB AUTO_INCREMENT=283 DEFAULT CHARSET=utf8mb4 COLLATE=utf8mb4_0900_ai_ci;
/*!40101 SET character_set_client = @saved_cs_client */;

--
-- Dumping data for table `core_sessions`
--
-- ORDER BY:  `id`

LOCK TABLES `core_sessions` WRITE;
/*!40000 ALTER TABLE `core_sessions` DISABLE KEYS */;
INSERT INTO `core_sessions` (`id`, `user_id`, `token`, `ip_address`, `user_agent`, `expires_at`, `created_at`) VALUES (114,1694551818,'test-token-1757949376489','192.168.1.100','Test Browser','2025-09-15 18:16:16','2025-09-15 15:16:16'),(115,1694551819,'minimal-token-1757949376505',NULL,NULL,'2025-09-15 18:16:17','2025-09-15 15:16:16'),(126,1694551836,'test-token-1757949378701','192.168.1.100','Test Browser','2025-09-15 18:16:19','2025-09-15 15:16:18'),(127,1694551837,'minimal-token-1757949378717',NULL,NULL,'2025-09-15 18:16:19','2025-09-15 15:16:18'),(141,1694551920,'test-token-1757949780478','192.168.1.100','Test Browser','2025-09-15 18:23:00','2025-09-15 15:23:00'),(142,1694551921,'minimal-token-1757949780493',NULL,NULL,'2025-09-15 18:23:00','2025-09-15 15:23:00'),(153,1694551938,'test-token-1757949784149','192.168.1.100','Test Browser','2025-09-15 18:23:04','2025-09-15 15:23:04'),(154,1694551939,'minimal-token-1757949784164',NULL,NULL,'2025-09-15 18:23:04','2025-09-15 15:23:04'),(166,717,'eyJhbGciOiJIUzI1NiIsInR5cCI6IkpXVCJ9.eyJ1c2VyX2lkIjo3MTcsImVtYWlsIjoiamFtZXNAN2RtYW51ZmFjdHVyaW5nLmNvbSIsInJvbGVzIjpbImFkbWluIl0sIm5hbWUiOiJKYW1lcyBEaWNrc29uIiwiaWF0IjoxNzU3OTU2NDc4LCJleHAiOjE3NTc5ODUyNzh9.Jj9BSdg5N32ZM_iLtafB1-resM69b-gqDhuV8_spnEs','::ffff:172.18.0.3','Mozilla/5.0 (Windows NT 10.0; Win64; x64) AppleWebKit/537.36 (KHTML, like Gecko) Chrome/140.0.0.0 Safari/537.36','2025-09-16 01:14:38','2025-09-15 17:14:38'),(167,1694552396,'test-token-1757957355826','192.168.1.100','Test Browser','2025-09-15 20:29:16','2025-09-15 17:29:15'),(168,1694552397,'minimal-token-1757957355841',NULL,NULL,'2025-09-15 20:29:16','2025-09-15 17:29:15'),(171,1694552400,'valid-session-1-1757957355894',NULL,NULL,'2025-09-15 18:29:15','2025-09-15 17:29:15'),(173,1694552400,'valid-session-2-1757957355894',NULL,NULL,'2025-09-15 19:29:15','2025-09-15 17:29:15'),(175,1694552401,'valid-session-1-1757957355919',NULL,NULL,'2025-09-15 18:29:15','2025-09-15 17:29:15'),(177,1694552401,'valid-session-2-1757957355919',NULL,NULL,'2025-09-15 19:29:15','2025-09-15 17:29:15'),(179,1694552478,'test-token-1757957370434','192.168.1.100','Test Browser','2025-09-15 20:29:30','2025-09-15 17:29:30'),(180,1694552479,'minimal-token-1757957370452',NULL,NULL,'2025-09-15 20:29:30','2025-09-15 17:29:30'),(183,1694552482,'valid-session-1-1757957370507',NULL,NULL,'2025-09-15 18:29:30','2025-09-15 17:29:30'),(185,1694552482,'valid-session-2-1757957370507',NULL,NULL,'2025-09-15 19:29:30','2025-09-15 17:29:30'),(187,1694552483,'valid-session-1-1757957370541',NULL,NULL,'2025-09-15 18:29:30','2025-09-15 17:29:30'),(189,1694552483,'valid-session-2-1757957370541',NULL,NULL,'2025-09-15 19:29:30','2025-09-15 17:29:30'),(191,717,'eyJhbGciOiJIUzI1NiIsInR5cCI6IkpXVCJ9.eyJ1c2VyX2lkIjo3MTcsImVtYWlsIjoiamFtZXNAN2RtYW51ZmFjdHVyaW5nLmNvbSIsInJvbGVzIjpbImFkbWluIl0sIm5hbWUiOiJKYW1lcyBEaWNrc29uIiwiaWF0IjoxNzU3OTg1NDMyLCJleHAiOjE3NTgwMTQyMzJ9.ow0JVJL3Yd_CHW2K2aY-8z9SAM3546ROGvd0kgLi_f4','::ffff:172.18.0.3','Mozilla/5.0 (Windows NT 10.0; Win64; x64) AppleWebKit/537.36 (KHTML, like Gecko) Chrome/140.0.0.0 Safari/537.36','2025-09-16 09:17:12','2025-09-16 01:17:12'),(196,7,'eyJhbGciOiJIUzI1NiIsInR5cCI6IkpXVCJ9.eyJ1c2VyX2lkIjo3LCJlbWFpbCI6ImFkbWluQGZpcmVwcm9vZi5jb20iLCJyb2xlcyI6W10sIm5hbWUiOiJTeXN0ZW0gQWRtaW5pc3RyYXRvciIsImlhdCI6MTc1ODA0NjgwMCwiZXhwIjoxNzU4MDc1NjAwfQ.1BbAUwLOB_26aS7UFJaKnqvrlMIPgl3W2yczydzUSKI','::ffff:172.18.0.1','axios/1.11.0','2025-09-17 02:20:00','2025-09-16 18:20:00'),(197,7,'eyJhbGciOiJIUzI1NiIsInR5cCI6IkpXVCJ9.eyJ1c2VyX2lkIjo3LCJlbWFpbCI6ImFkbWluQGZpcmVwcm9vZi5jb20iLCJyb2xlcyI6WyJhZG1pbiJdLCJuYW1lIjoiU3lzdGVtIEFkbWluaXN0cmF0b3IiLCJpYXQiOjE3NTgwNDY5NjMsImV4cCI6MTc1ODA3NTc2M30.hLdXosf4WOVkwfgQu76jDR6vFeC4yuJ1RZOg3zV_nOo','::ffff:172.18.0.1','axios/1.11.0','2025-09-17 02:22:44','2025-09-16 18:22:43'),(198,7,'eyJhbGciOiJIUzI1NiIsInR5cCI6IkpXVCJ9.eyJ1c2VyX2lkIjo3LCJlbWFpbCI6ImFkbWluQGZpcmVwcm9vZi5jb20iLCJyb2xlcyI6WyJhZG1pbiJdLCJuYW1lIjoiU3lzdGVtIEFkbWluaXN0cmF0b3IiLCJpYXQiOjE3NTgwNDcxMTEsImV4cCI6MTc1ODA3NTkxMX0.jSvw9uTBDxYqJcisoUmpXumgHkmnqD02QGjnVOVzE3M','::ffff:172.18.0.1','axios/1.11.0','2025-09-17 02:25:11','2025-09-16 18:25:11'),(199,717,'eyJhbGciOiJIUzI1NiIsInR5cCI6IkpXVCJ9.eyJ1c2VyX2lkIjo3MTcsImVtYWlsIjoiamFtZXNAN2RtYW51ZmFjdHVyaW5nLmNvbSIsInJvbGVzIjpbImFkbWluIl0sIm5hbWUiOiJKYW1lcyBEaWNrc29uIiwiaWF0IjoxNzU4MDQ3MTY3LCJleHAiOjE3NTgwNzU5Njd9.7N3A-DXGMHEQu809-cWP38XZdydZlb3CaCMVPXPIx58','::ffff:172.18.0.1','axios/1.11.0','2025-09-17 02:26:07','2025-09-16 18:26:07'),(200,717,'eyJhbGciOiJIUzI1NiIsInR5cCI6IkpXVCJ9.eyJ1c2VyX2lkIjo3MTcsImVtYWlsIjoiamFtZXNAN2RtYW51ZmFjdHVyaW5nLmNvbSIsInJvbGVzIjpbImFkbWluIl0sIm5hbWUiOiJKYW1lcyBEaWNrc29uIiwiaWF0IjoxNzU4MDQ3NDIzLCJleHAiOjE3NTgwNzYyMjN9.fh54EgDeH5ipjPEP9qFCH12g1V9VsjJTghvp3jEJ0ys','::ffff:172.18.0.1','axios/1.11.0','2025-09-17 02:30:23','2025-09-16 18:30:23'),(201,7,'eyJhbGciOiJIUzI1NiIsInR5cCI6IkpXVCJ9.eyJ1c2VyX2lkIjo3LCJlbWFpbCI6ImFkbWluQGZpcmVwcm9vZi5jb20iLCJyb2xlcyI6WyJhZG1pbiJdLCJuYW1lIjoiU3lzdGVtIEFkbWluaXN0cmF0b3IiLCJpYXQiOjE3NTgwNDc0MjMsImV4cCI6MTc1ODA3NjIyM30.vZaSnxx0Syi-VPKdctZBNhV7rTcPEq72wE0LS4RBCzI','::ffff:172.18.0.1','axios/1.11.0','2025-09-17 02:30:23','2025-09-16 18:30:23'),(202,7,'eyJhbGciOiJIUzI1NiIsInR5cCI6IkpXVCJ9.eyJ1c2VyX2lkIjo3LCJlbWFpbCI6ImFkbWluQGZpcmVwcm9vZi5jb20iLCJyb2xlcyI6W10sIm5hbWUiOiJTeXN0ZW0gQWRtaW5pc3RyYXRvciIsImlhdCI6MTc1ODA0ODMzMywiZXhwIjoxNzU4MDc3MTMzfQ.EPCluijBssRv9gu8EWF5F0Nwns9NOF_ku8W7FqzDoGw','::ffff:172.18.0.3','Mozilla/5.0 (Windows NT 10.0; Win64; x64) AppleWebKit/537.36 (KHTML, like Gecko) Chrome/140.0.0.0 Safari/537.36','2025-09-17 02:45:34','2025-09-16 18:45:33'),(203,7,'eyJhbGciOiJIUzI1NiIsInR5cCI6IkpXVCJ9.eyJ1c2VyX2lkIjo3LCJlbWFpbCI6ImFkbWluQGZpcmVwcm9vZi5jb20iLCJyb2xlcyI6W10sIm5hbWUiOiJTeXN0ZW0gQWRtaW5pc3RyYXRvciIsImlhdCI6MTc1ODA0ODM1MCwiZXhwIjoxNzU4MDc3MTUwfQ.w6ITzzY1nxVh8vkTqE1Q3GVu3KEPXFc4Y3SYrhsdBGs','::ffff:172.18.0.1','curl/8.5.0','2025-09-17 02:45:51','2025-09-16 18:45:50'),(204,7,'eyJhbGciOiJIUzI1NiIsInR5cCI6IkpXVCJ9.eyJ1c2VyX2lkIjo3LCJlbWFpbCI6ImFkbWluQGZpcmVwcm9vZmVycC5jb20iLCJyb2xlcyI6W10sIm5hbWUiOiJTeXN0ZW0gQWRtaW5pc3RyYXRvciIsImlhdCI6MTc1ODA0ODQ0NywiZXhwIjoxNzU4MDc3MjQ3fQ.uKF0J5iSeTXv0KcUm0Spf6l6H31pR4wX5ASm9G3iH6Q','::ffff:172.18.0.3','Mozilla/5.0 (Windows NT 10.0; Win64; x64) AppleWebKit/537.36 (KHTML, like Gecko) Chrome/140.0.0.0 Safari/537.36','2025-09-17 02:47:27','2025-09-16 18:47:27'),(207,717,'eyJhbGciOiJIUzI1NiIsInR5cCI6IkpXVCJ9.eyJ1c2VyX2lkIjo3MTcsImVtYWlsIjoiamFtZXNAN2RtYW51ZmFjdHVyaW5nLmNvbSIsInJvbGVzIjpbImFkbWluIl0sIm5hbWUiOiJKYW1lcyBEaWNrc29uIiwiaWF0IjoxNzU4MDUyMDE1LCJleHAiOjE3NTgwODA4MTV9.pzU_xeeI9ZtT9M423U-zpM1D_1WL-0rEgDJO5NlpLLk','::ffff:172.18.0.3','Mozilla/5.0 (Windows NT 10.0; Win64; x64) AppleWebKit/537.36 (KHTML, like Gecko) Chrome/140.0.0.0 Safari/537.36','2025-09-17 03:46:56','2025-09-16 19:46:55'),(208,717,'eyJhbGciOiJIUzI1NiIsInR5cCI6IkpXVCJ9.eyJ1c2VyX2lkIjo3MTcsImVtYWlsIjoiamFtZXNAN2RtYW51ZmFjdHVyaW5nLmNvbSIsInJvbGVzIjpbImFkbWluIl0sIm5hbWUiOiJKYW1lcyBEaWNrc29uIiwiaWF0IjoxNzU4MTIyMDkyLCJleHAiOjE3NTgxNTA4OTJ9.uSQOeo1rsJKOKy7MygXpgwDUu_ErXJrGnzQLulEbxIY','::ffff:172.18.0.3','Mozilla/5.0 (Windows NT 10.0; Win64; x64) AppleWebKit/537.36 (KHTML, like Gecko) Chrome/140.0.0.0 Safari/537.36','2025-09-17 23:14:52','2025-09-17 15:14:52'),(209,717,'eyJhbGciOiJIUzI1NiIsInR5cCI6IkpXVCJ9.eyJ1c2VyX2lkIjo3MTcsImVtYWlsIjoiamFtZXNAN2RtYW51ZmFjdHVyaW5nLmNvbSIsInJvbGVzIjpbImFkbWluIl0sIm5hbWUiOiJKYW1lcyBEaWNrc29uIiwiaWF0IjoxNzU4MTU1MTI3LCJleHAiOjE3NTgxODM5Mjd9.QXNHijf3zPFNT8XPeH6FzXyo1t3awvaCau2N2FRveZc','::ffff:172.18.0.3','Mozilla/5.0 (Windows NT 10.0; Win64; x64) AppleWebKit/537.36 (KHTML, like Gecko) Chrome/140.0.0.0 Safari/537.36','2025-09-18 08:25:28','2025-09-18 00:25:27'),(211,717,'eyJhbGciOiJIUzI1NiIsInR5cCI6IkpXVCJ9.eyJ1c2VyX2lkIjo3MTcsImVtYWlsIjoiamFtZXNAN2RtYW51ZmFjdHVyaW5nLmNvbSIsInJvbGVzIjpbImFkbWluIl0sIm5hbWUiOiJKYW1lcyBEaWNrc29uIiwiaWF0IjoxNzU4MTkxMDg1LCJleHAiOjE3NTgyMTk4ODV9.hX_ebOM3sV8aFHjmFMFb92dyzeYeVEDKUidmTq5wmSY','::ffff:172.18.0.3','Mozilla/5.0 (Windows NT 10.0; Win64; x64) AppleWebKit/537.36 (KHTML, like Gecko) Chrome/140.0.0.0 Safari/537.36','2025-09-18 18:24:45','2025-09-18 10:24:45'),(212,717,'eyJhbGciOiJIUzI1NiIsInR5cCI6IkpXVCJ9.eyJ1c2VyX2lkIjo3MTcsImVtYWlsIjoiamFtZXNAN2RtYW51ZmFjdHVyaW5nLmNvbSIsInJvbGVzIjpbImFkbWluIl0sIm5hbWUiOiJKYW1lcyBEaWNrc29uIiwiaWF0IjoxNzU4MjM0OTYyLCJleHAiOjE3NTgyNjM3NjJ9.3NQvh2EoSPRid7Nzlrsj3wafcaOTrvuOOM8qxP4W5MM','::ffff:172.18.0.3','Mozilla/5.0 (Windows NT 10.0; Win64; x64) AppleWebKit/537.36 (KHTML, like Gecko) Chrome/140.0.0.0 Safari/537.36','2025-09-19 06:36:02','2025-09-18 22:36:02'),(213,717,'eyJhbGciOiJIUzI1NiIsInR5cCI6IkpXVCJ9.eyJ1c2VyX2lkIjo3MTcsImVtYWlsIjoiamFtZXNAN2RtYW51ZmFjdHVyaW5nLmNvbSIsInJvbGVzIjpbImFkbWluIl0sIm5hbWUiOiJKYW1lcyBEaWNrc29uIiwiaWF0IjoxNzU4Mjg0ODA5LCJleHAiOjE3NTgzMTM2MDl9.QXuS6Sp7Zwmy09dsFSoyEg-Q258mUi3mCC-ZryWhkVQ','::ffff:172.18.0.3','Mozilla/5.0 (Windows NT 10.0; Win64; x64) AppleWebKit/537.36 (KHTML, like Gecko) Chrome/140.0.0.0 Safari/537.36','2025-09-19 20:26:50','2025-09-19 12:26:49'),(214,717,'eyJhbGciOiJIUzI1NiIsInR5cCI6IkpXVCJ9.eyJ1c2VyX2lkIjo3MTcsImVtYWlsIjoiamFtZXNAN2RtYW51ZmFjdHVyaW5nLmNvbSIsInJvbGVzIjpbImFkbWluIl0sIm5hbWUiOiJKYW1lcyBEaWNrc29uIiwiaWF0IjoxNzU4MzE0MTIxLCJleHAiOjE3NTgzNDI5MjF9.snRFnMpwuxvhu1UwlaryAR5DULX1qNn_EPDTr_2EJyM','::ffff:172.18.0.3','Mozilla/5.0 (Windows NT 10.0; Win64; x64) AppleWebKit/537.36 (KHTML, like Gecko) Chrome/140.0.0.0 Safari/537.36','2025-09-20 04:35:21','2025-09-19 20:35:21'),(215,717,'eyJhbGciOiJIUzI1NiIsInR5cCI6IkpXVCJ9.eyJ1c2VyX2lkIjo3MTcsImVtYWlsIjoiamFtZXNAN2RtYW51ZmFjdHVyaW5nLmNvbSIsInJvbGVzIjpbImFkbWluIl0sIm5hbWUiOiJKYW1lcyBEaWNrc29uIiwiaWF0IjoxNzU4Mzk2NTIzLCJleHAiOjE3NTg0MjUzMjN9.gsopgM7bmRrv0WUk7EVxnXZRJXl0Y_tVdNQj9cxWaSE','::ffff:172.18.0.3','Mozilla/5.0 (Windows NT 10.0; Win64; x64) AppleWebKit/537.36 (KHTML, like Gecko) Chrome/140.0.0.0 Safari/537.36','2025-09-21 03:28:44','2025-09-20 19:28:43'),(216,717,'eyJhbGciOiJIUzI1NiIsInR5cCI6IkpXVCJ9.eyJ1c2VyX2lkIjo3MTcsImVtYWlsIjoiamFtZXNAN2RtYW51ZmFjdHVyaW5nLmNvbSIsInJvbGVzIjpbImFkbWluIl0sIm5hbWUiOiJKYW1lcyBEaWNrc29uIiwiaWF0IjoxNzU4NTUyMjE4LCJleHAiOjE3NTg1ODEwMTh9.8VF-Plcv7F0eVYbJFR9j21aGn36mkGUrr57CC0F1J-E','::ffff:172.18.0.2','Mozilla/5.0 (Windows NT 10.0; Win64; x64) AppleWebKit/537.36 (KHTML, like Gecko) Chrome/140.0.0.0 Safari/537.36','2025-09-22 22:43:39','2025-09-22 14:43:38'),(217,717,'eyJhbGciOiJIUzI1NiIsInR5cCI6IkpXVCJ9.eyJ1c2VyX2lkIjo3MTcsImVtYWlsIjoiamFtZXNAN2RtYW51ZmFjdHVyaW5nLmNvbSIsInJvbGVzIjpbImFkbWluIl0sIm5hbWUiOiJKYW1lcyBEaWNrc29uIiwiaWF0IjoxNzU4NTgyNTA1LCJleHAiOjE3NTg2MTEzMDV9.x55KTXZNHJDpzIVcV4NHKKbvTCo0POy1qfZXr0WOtao','::ffff:172.18.0.3','Mozilla/5.0 (Windows NT 10.0; Win64; x64) AppleWebKit/537.36 (KHTML, like Gecko) Chrome/140.0.0.0 Safari/537.36','2025-09-23 07:08:25','2025-09-22 23:08:25'),(219,7,'eyJhbGciOiJIUzI1NiIsInR5cCI6IkpXVCJ9.eyJ1c2VyX2lkIjo3LCJlbWFpbCI6ImFkbWluQGZpcmVwcm9vZmVycC5jb20iLCJyb2xlcyI6WyJhZG1pbiJdLCJuYW1lIjoiU3lzdGVtIEFkbWluaXN0cmF0b3IiLCJpYXQiOjE3NTg2NTIzMjAsImV4cCI6MTc1ODY4MTEyMH0._FrUqUnVwEHsp4EADWq5MJ9dllobxYdD5paOZmJ6G2A','::ffff:172.18.0.3','Mozilla/5.0 (Windows NT 10.0; Win64; x64) AppleWebKit/537.36 (KHTML, like Gecko) Chrome/140.0.0.0 Safari/537.36','2025-09-24 02:32:01','2025-09-23 18:32:00'),(220,717,'eyJhbGciOiJIUzI1NiIsInR5cCI6IkpXVCJ9.eyJ1c2VyX2lkIjo3MTcsImVtYWlsIjoiamFtZXNAN2RtYW51ZmFjdHVyaW5nLmNvbSIsInJvbGVzIjpbImFkbWluIl0sIm5hbWUiOiJKYW1lcyBEaWNrc29uIiwiaWF0IjoxNzU4NzEyMDI2LCJleHAiOjE3NTg3NDA4MjZ9.1U2imnhuoZuyeR4neCwfNnDhTjhEXJ_mgx9hW4mFtkg','::ffff:172.18.0.3','Mozilla/5.0 (Windows NT 10.0; Win64; x64) AppleWebKit/537.36 (KHTML, like Gecko) Chrome/140.0.0.0 Safari/537.36','2025-09-24 19:07:06','2025-09-24 11:07:06'),(221,717,'eyJhbGciOiJIUzI1NiIsInR5cCI6IkpXVCJ9.eyJ1c2VyX2lkIjo3MTcsImVtYWlsIjoiamFtZXNAN2RtYW51ZmFjdHVyaW5nLmNvbSIsInJvbGVzIjpbImFkbWluIl0sIm5hbWUiOiJKYW1lcyBEaWNrc29uIiwiaWF0IjoxNzU4NzQxODE3LCJleHAiOjE3NTg3NzA2MTd9.P6ZkuD1JBhSVhklTm_2Rz6mEsqVh8tKuc7c2Fp9LhSo','::ffff:172.18.0.3','Mozilla/5.0 (Windows NT 10.0; Win64; x64) AppleWebKit/537.36 (KHTML, like Gecko) Chrome/140.0.0.0 Safari/537.36','2025-09-25 03:23:37','2025-09-24 19:23:37'),(222,717,'eyJhbGciOiJIUzI1NiIsInR5cCI6IkpXVCJ9.eyJ1c2VyX2lkIjo3MTcsImVtYWlsIjoiamFtZXNAN2RtYW51ZmFjdHVyaW5nLmNvbSIsInJvbGVzIjpbImFkbWluIl0sIm5hbWUiOiJKYW1lcyBEaWNrc29uIiwiaWF0IjoxNzU4ODk1NzgxLCJleHAiOjE3NTg5MjQ1ODF9.qUksZrQXvZNTzP9y8TPVBDtV1hu4y9oXrJAjtC8r6yk','::ffff:172.18.0.3','Mozilla/5.0 (Windows NT 10.0; Win64; x64) AppleWebKit/537.36 (KHTML, like Gecko) Chrome/140.0.0.0 Safari/537.36','2025-09-26 22:09:41','2025-09-26 14:09:41'),(223,717,'eyJhbGciOiJIUzI1NiIsInR5cCI6IkpXVCJ9.eyJ1c2VyX2lkIjo3MTcsImVtYWlsIjoiamFtZXNAN2RtYW51ZmFjdHVyaW5nLmNvbSIsInJvbGVzIjpbImFkbWluIl0sIm5hbWUiOiJKYW1lcyBEaWNrc29uIiwiaWF0IjoxNzU5MTYwMjQyLCJleHAiOjE3NTkxODkwNDJ9.RJ-sKbwVtg1W8YxviP2SZU_MEh9Qxv1JTAAoCaZ0RK0','::ffff:172.18.0.3','Mozilla/5.0 (Windows NT 10.0; Win64; x64) AppleWebKit/537.36 (KHTML, like Gecko) Chrome/140.0.0.0 Safari/537.36','2025-09-29 23:37:23','2025-09-29 15:37:22'),(224,7,'eyJhbGciOiJIUzI1NiIsInR5cCI6IkpXVCJ9.eyJ1c2VyX2lkIjo3LCJlbWFpbCI6ImFkbWluQGZpcmVwcm9vZmVycC5jb20iLCJyb2xlcyI6WyJhZG1pbiJdLCJuYW1lIjoiU3lzdGVtIEFkbWluaXN0cmF0b3IiLCJpYXQiOjE3NTkxNzcwMTEsImV4cCI6MTc1OTIwNTgxMX0._XnNBUdGAO13e3IcSDu_4j2q-kEtulXqjgZ49IbvPFM','::ffff:172.18.0.1','axios/1.12.2','2025-09-30 04:16:51','2025-09-29 20:16:51'),(226,717,'eyJhbGciOiJIUzI1NiIsInR5cCI6IkpXVCJ9.eyJ1c2VyX2lkIjo3MTcsImVtYWlsIjoiamFtZXNAN2RtYW51ZmFjdHVyaW5nLmNvbSIsInJvbGVzIjpbImFkbWluIl0sIm5hbWUiOiJKYW1lcyBEaWNrc29uIiwiaWF0IjoxNzU5MzU3MDQ1LCJleHAiOjE3NTkzODU4NDV9.8Uaifxmom6BRPJwWoFCqcPv-U0HWoXFrYFCXNIngyOU','::ffff:172.18.0.3','Mozilla/5.0 (Windows NT 10.0; Win64; x64) AppleWebKit/537.36 (KHTML, like Gecko) Chrome/140.0.0.0 Safari/537.36','2025-10-02 06:17:26','2025-10-01 22:17:25'),(227,717,'eyJhbGciOiJIUzI1NiIsInR5cCI6IkpXVCJ9.eyJ1c2VyX2lkIjo3MTcsImVtYWlsIjoiamFtZXNAN2RtYW51ZmFjdHVyaW5nLmNvbSIsInJvbGVzIjpbImFkbWluIl0sIm5hbWUiOiJKYW1lcyBEaWNrc29uIiwiaWF0IjoxNzU5NDA2NDQ1LCJleHAiOjE3NTk0MzUyNDV9.qAIiy-nQ0JWbh1DsDUr9zkf_umU2F0dI_mPe5Qv5peY','::ffff:172.18.0.3','Mozilla/5.0 (Windows NT 10.0; Win64; x64) AppleWebKit/537.36 (KHTML, like Gecko) Chrome/140.0.0.0 Safari/537.36','2025-10-02 20:00:46','2025-10-02 12:00:45'),(228,717,'eyJhbGciOiJIUzI1NiIsInR5cCI6IkpXVCJ9.eyJ1c2VyX2lkIjo3MTcsImVtYWlsIjoiamFtZXNAN2RtYW51ZmFjdHVyaW5nLmNvbSIsInJvbGVzIjpbImFkbWluIl0sIm5hbWUiOiJKYW1lcyBEaWNrc29uIiwiaWF0IjoxNzU5NTA1Njk3LCJleHAiOjE3NTk1MzQ0OTd9.wtZsWjBXiFqPdMrqUo94g5gEwVojQwzKuS6YaLEO4Ws','::ffff:172.18.0.3','Mozilla/5.0 (Windows NT 10.0; Win64; x64) AppleWebKit/537.36 (KHTML, like Gecko) Chrome/140.0.0.0 Safari/537.36','2025-10-03 23:34:58','2025-10-03 15:34:58'),(229,717,'eyJhbGciOiJIUzI1NiIsInR5cCI6IkpXVCJ9.eyJ1c2VyX2lkIjo3MTcsImVtYWlsIjoiamFtZXNAN2RtYW51ZmFjdHVyaW5nLmNvbSIsInJvbGVzIjpbImFkbWluIl0sIm5hbWUiOiJKYW1lcyBEaWNrc29uIiwiaWF0IjoxNzU5NzgxNzI1LCJleHAiOjE3NTk4MTA1MjV9.gmFn-Jkap1kCCiJAPO5F3gTgn0s0Vm7cHt4caF8wGbg','::ffff:172.18.0.3','Mozilla/5.0 (Windows NT 10.0; Win64; x64) AppleWebKit/537.36 (KHTML, like Gecko) Chrome/141.0.0.0 Safari/537.36','2025-10-07 04:15:25','2025-10-06 20:15:25'),(230,717,'eyJhbGciOiJIUzI1NiIsInR5cCI6IkpXVCJ9.eyJ1c2VyX2lkIjo3MTcsImVtYWlsIjoiamFtZXNAN2RtYW51ZmFjdHVyaW5nLmNvbSIsInJvbGVzIjpbImFkbWluIl0sIm5hbWUiOiJKYW1lcyBEaWNrc29uIiwiaWF0IjoxNzU5ODA3ODE1LCJleHAiOjE3NTk4MzY2MTV9.jDad9SwcrnhAqkq-byw9vJGnnDsFo35PDGtx0zFc_Bw','::ffff:172.18.0.3','Mozilla/5.0 (Windows NT 10.0; Win64; x64) AppleWebKit/537.36 (KHTML, like Gecko) Chrome/141.0.0.0 Safari/537.36','2025-10-07 11:30:16','2025-10-07 03:30:15'),(231,717,'eyJhbGciOiJIUzI1NiIsInR5cCI6IkpXVCJ9.eyJ1c2VyX2lkIjo3MTcsImVtYWlsIjoiamFtZXNAN2RtYW51ZmFjdHVyaW5nLmNvbSIsInJvbGVzIjpbImFkbWluIl0sIm5hbWUiOiJKYW1lcyBEaWNrc29uIiwiaWF0IjoxNzU5ODA4MTYyLCJleHAiOjE3NTk4MzY5NjJ9.ZatVy-13YrxoiGqQ8WCsJOcgE2Q1a5I51cn3P3PSDOU','::ffff:172.18.0.1','Mozilla/5.0 (Windows NT 10.0; Win64; x64) AppleWebKit/537.36 (KHTML, like Gecko) Chrome/141.0.0.0 Safari/537.36','2025-10-07 11:36:03','2025-10-07 03:36:02'),(232,717,'eyJhbGciOiJIUzI1NiIsInR5cCI6IkpXVCJ9.eyJ1c2VyX2lkIjo3MTcsImVtYWlsIjoiamFtZXNAN2RtYW51ZmFjdHVyaW5nLmNvbSIsInJvbGVzIjpbImFkbWluIl0sIm5hbWUiOiJKYW1lcyBEaWNrc29uIiwiaWF0IjoxNzU5ODA4MzQ1LCJleHAiOjE3NTk4MzcxNDV9.0qWf7M0oWHBaWvCtXLg_4G-Yu19zQzq1K4UHD1CdcPU','::ffff:172.18.0.1','Mozilla/5.0 (Windows NT 10.0; Win64; x64) AppleWebKit/537.36 (KHTML, like Gecko) Chrome/141.0.0.0 Safari/537.36','2025-10-07 11:39:06','2025-10-07 03:39:05'),(233,717,'eyJhbGciOiJIUzI1NiIsInR5cCI6IkpXVCJ9.eyJ1c2VyX2lkIjo3MTcsImVtYWlsIjoiamFtZXNAN2RtYW51ZmFjdHVyaW5nLmNvbSIsInJvbGVzIjpbImFkbWluIl0sIm5hbWUiOiJKYW1lcyBEaWNrc29uIiwiaWF0IjoxNzU5ODA4NDYwLCJleHAiOjE3NTk4MzcyNjB9.53WyV4Px4-IZNx0v4CSbBVT49jMdYGK3wNEBlBNpJ5g','::ffff:172.18.0.1','Mozilla/5.0 (Windows NT 10.0; Win64; x64) AppleWebKit/537.36 (KHTML, like Gecko) Chrome/141.0.0.0 Safari/537.36','2025-10-07 11:41:01','2025-10-07 03:41:00'),(234,717,'eyJhbGciOiJIUzI1NiIsInR5cCI6IkpXVCJ9.eyJ1c2VyX2lkIjo3MTcsImVtYWlsIjoiamFtZXNAN2RtYW51ZmFjdHVyaW5nLmNvbSIsInJvbGVzIjpbImFkbWluIl0sIm5hbWUiOiJKYW1lcyBEaWNrc29uIiwiaWF0IjoxNzU5ODA4NzE0LCJleHAiOjE3NTk4Mzc1MTR9.9km2gOjUD5ad9Te2c8MfVCyokE3SxSwrWFvTTFctcz0','::ffff:172.18.0.1','Mozilla/5.0 (Windows NT 10.0; Win64; x64) AppleWebKit/537.36 (KHTML, like Gecko) Chrome/141.0.0.0 Safari/537.36','2025-10-07 11:45:14','2025-10-07 03:45:14'),(235,717,'eyJhbGciOiJIUzI1NiIsInR5cCI6IkpXVCJ9.eyJ1c2VyX2lkIjo3MTcsImVtYWlsIjoiamFtZXNAN2RtYW51ZmFjdHVyaW5nLmNvbSIsInJvbGVzIjpbImFkbWluIl0sIm5hbWUiOiJKYW1lcyBEaWNrc29uIiwiaWF0IjoxNzU5ODA5MDc5LCJleHAiOjE3NTk4Mzc4Nzl9.yrFw_8e4uKEuJ1okUAfNRTXh_lSkEdx-q9pO2eznSYg','::ffff:172.18.0.1','Mozilla/5.0 (Windows NT 10.0; Win64; x64) AppleWebKit/537.36 (KHTML, like Gecko) Chrome/141.0.0.0 Safari/537.36','2025-10-07 11:51:19','2025-10-07 03:51:19'),(236,717,'eyJhbGciOiJIUzI1NiIsInR5cCI6IkpXVCJ9.eyJ1c2VyX2lkIjo3MTcsImVtYWlsIjoiamFtZXNAN2RtYW51ZmFjdHVyaW5nLmNvbSIsInJvbGVzIjpbImFkbWluIl0sIm5hbWUiOiJKYW1lcyBEaWNrc29uIiwiaWF0IjoxNzU5ODA5MTk4LCJleHAiOjE3NTk4Mzc5OTh9.whX-70BzebJ9PDPwyK4TI77jHUZVsGEjnC9bZT5LRJw','::ffff:172.18.0.1','Mozilla/5.0 (Windows NT 10.0; Win64; x64) AppleWebKit/537.36 (KHTML, like Gecko) Chrome/141.0.0.0 Safari/537.36','2025-10-07 11:53:19','2025-10-07 03:53:18'),(237,717,'eyJhbGciOiJIUzI1NiIsInR5cCI6IkpXVCJ9.eyJ1c2VyX2lkIjo3MTcsImVtYWlsIjoiamFtZXNAN2RtYW51ZmFjdHVyaW5nLmNvbSIsInJvbGVzIjpbImFkbWluIl0sIm5hbWUiOiJKYW1lcyBEaWNrc29uIiwiaWF0IjoxNzU5ODEwMTMxLCJleHAiOjE3NTk4Mzg5MzF9.a72h-aF8bOkzo0Lnd63fvHe4uN-cXVkGPRfQp_JGAwc','::ffff:172.18.0.1','Mozilla/5.0 (Windows NT 10.0; Win64; x64) AppleWebKit/537.36 (KHTML, like Gecko) Chrome/141.0.0.0 Safari/537.36','2025-10-07 12:08:51','2025-10-07 04:08:51'),(238,717,'eyJhbGciOiJIUzI1NiIsInR5cCI6IkpXVCJ9.eyJ1c2VyX2lkIjo3MTcsImVtYWlsIjoiamFtZXNAN2RtYW51ZmFjdHVyaW5nLmNvbSIsInJvbGVzIjpbImFkbWluIl0sIm5hbWUiOiJKYW1lcyBEaWNrc29uIiwiaWF0IjoxNzU5ODEwMjQ5LCJleHAiOjE3NTk4MzkwNDl9.QL89Rzlc4n-Qej38gydoTefADVgTR4E6PNy6rUF6670','::ffff:172.18.0.1','Mozilla/5.0 (Windows NT 10.0; Win64; x64) AppleWebKit/537.36 (KHTML, like Gecko) Chrome/141.0.0.0 Safari/537.36','2025-10-07 12:10:50','2025-10-07 04:10:49'),(239,717,'eyJhbGciOiJIUzI1NiIsInR5cCI6IkpXVCJ9.eyJ1c2VyX2lkIjo3MTcsImVtYWlsIjoiamFtZXNAN2RtYW51ZmFjdHVyaW5nLmNvbSIsInJvbGVzIjpbImFkbWluIl0sIm5hbWUiOiJKYW1lcyBEaWNrc29uIiwiaWF0IjoxNzU5ODEwNzc4LCJleHAiOjE3NTk4Mzk1Nzh9.Ax5h4hfpAckgKH6EyZIC-vCnqZQsj5_ve8aoIaunbAU','::ffff:172.18.0.1','Mozilla/5.0 (Windows NT 10.0; Win64; x64) AppleWebKit/537.36 (KHTML, like Gecko) Chrome/141.0.0.0 Safari/537.36','2025-10-07 12:19:39','2025-10-07 04:19:38'),(240,717,'eyJhbGciOiJIUzI1NiIsInR5cCI6IkpXVCJ9.eyJ1c2VyX2lkIjo3MTcsImVtYWlsIjoiamFtZXNAN2RtYW51ZmFjdHVyaW5nLmNvbSIsInJvbGVzIjpbImFkbWluIl0sIm5hbWUiOiJKYW1lcyBEaWNrc29uIiwiaWF0IjoxNzU5ODEzMzA0LCJleHAiOjE3NTk4NDIxMDR9.DkJXanYH8TWXvPGtW9PPttXFhFhNa8eUqXa1VCHoyKc','::ffff:172.18.0.1','Mozilla/5.0 (Windows NT 10.0; Win64; x64) AppleWebKit/537.36 (KHTML, like Gecko) Chrome/141.0.0.0 Safari/537.36','2025-10-07 13:01:45','2025-10-07 05:01:44'),(241,717,'eyJhbGciOiJIUzI1NiIsInR5cCI6IkpXVCJ9.eyJ1c2VyX2lkIjo3MTcsImVtYWlsIjoiamFtZXNAN2RtYW51ZmFjdHVyaW5nLmNvbSIsInJvbGVzIjpbImFkbWluIl0sIm5hbWUiOiJKYW1lcyBEaWNrc29uIiwiaWF0IjoxNzU5ODEzMzM1LCJleHAiOjE3NTk4NDIxMzV9.moU_y9IRZdw2S6RV6Fwgb2hulkvBFPw5vumXT5PV-vw','::ffff:172.18.0.1','Mozilla/5.0 (Windows NT 10.0; Win64; x64) AppleWebKit/537.36 (KHTML, like Gecko) Chrome/141.0.0.0 Safari/537.36','2025-10-07 13:02:15','2025-10-07 05:02:15'),(242,717,'eyJhbGciOiJIUzI1NiIsInR5cCI6IkpXVCJ9.eyJ1c2VyX2lkIjo3MTcsImVtYWlsIjoiamFtZXNAN2RtYW51ZmFjdHVyaW5nLmNvbSIsInJvbGVzIjpbImFkbWluIl0sIm5hbWUiOiJKYW1lcyBEaWNrc29uIiwiaWF0IjoxNzU5ODEzNDA3LCJleHAiOjE3NTk4NDIyMDd9.8DpZKtUd1dSKEQS7Nr56f7iX3UuUf5qG66kluwtDI94','::ffff:172.18.0.1','Mozilla/5.0 (Windows NT 10.0; Win64; x64) AppleWebKit/537.36 (KHTML, like Gecko) Chrome/141.0.0.0 Safari/537.36','2025-10-07 13:03:27','2025-10-07 05:03:27'),(243,717,'eyJhbGciOiJIUzI1NiIsInR5cCI6IkpXVCJ9.eyJ1c2VyX2lkIjo3MTcsImVtYWlsIjoiamFtZXNAN2RtYW51ZmFjdHVyaW5nLmNvbSIsInJvbGVzIjpbImFkbWluIl0sIm5hbWUiOiJKYW1lcyBEaWNrc29uIiwiaWF0IjoxNzU5ODEzNTE3LCJleHAiOjE3NTk4NDIzMTd9.OSPOyi35F144KQs8Icx7iyjFaLX5Z3p1vIEzh0Q0kd4','::ffff:172.18.0.1','Mozilla/5.0 (Windows NT 10.0; Win64; x64) AppleWebKit/537.36 (KHTML, like Gecko) Chrome/141.0.0.0 Safari/537.36','2025-10-07 13:05:17','2025-10-07 05:05:17'),(244,717,'eyJhbGciOiJIUzI1NiIsInR5cCI6IkpXVCJ9.eyJ1c2VyX2lkIjo3MTcsImVtYWlsIjoiamFtZXNAN2RtYW51ZmFjdHVyaW5nLmNvbSIsInJvbGVzIjpbImFkbWluIl0sIm5hbWUiOiJKYW1lcyBEaWNrc29uIiwiaWF0IjoxNzU5ODEzNTc4LCJleHAiOjE3NTk4NDIzNzh9.p9bu2IALYsnoWSj69l3cJMBAzRqGENwKSroZ9o2isQQ','::ffff:172.18.0.1','Mozilla/5.0 (Windows NT 10.0; Win64; x64) AppleWebKit/537.36 (KHTML, like Gecko) Chrome/141.0.0.0 Safari/537.36','2025-10-07 13:06:19','2025-10-07 05:06:18'),(245,717,'eyJhbGciOiJIUzI1NiIsInR5cCI6IkpXVCJ9.eyJ1c2VyX2lkIjo3MTcsImVtYWlsIjoiamFtZXNAN2RtYW51ZmFjdHVyaW5nLmNvbSIsInJvbGVzIjpbImFkbWluIl0sIm5hbWUiOiJKYW1lcyBEaWNrc29uIiwiaWF0IjoxNzU5ODQwMzU2LCJleHAiOjE3NTk4NjkxNTZ9.wPhu1xe2Fj4_wd6BoFfRt43ILv3F6ec9zLPbaBVvF2Q','::ffff:172.18.0.1','Mozilla/5.0 (Windows NT 10.0; Win64; x64) AppleWebKit/537.36 (KHTML, like Gecko) Chrome/141.0.0.0 Safari/537.36','2025-10-07 20:32:37','2025-10-07 12:32:36'),(246,717,'eyJhbGciOiJIUzI1NiIsInR5cCI6IkpXVCJ9.eyJ1c2VyX2lkIjo3MTcsImVtYWlsIjoiamFtZXNAN2RtYW51ZmFjdHVyaW5nLmNvbSIsInJvbGVzIjpbImFkbWluIl0sIm5hbWUiOiJKYW1lcyBEaWNrc29uIiwiaWF0IjoxNzU5ODQwMzkxLCJleHAiOjE3NTk4NjkxOTF9.vsVX7PXuBi-6dru4S3YEL-K3jcj3Dae5ZXYZl4t6h4c','::ffff:172.18.0.1','Mozilla/5.0 (Windows NT 10.0; Win64; x64) AppleWebKit/537.36 (KHTML, like Gecko) Chrome/141.0.0.0 Safari/537.36','2025-10-07 20:33:12','2025-10-07 12:33:11'),(247,717,'eyJhbGciOiJIUzI1NiIsInR5cCI6IkpXVCJ9.eyJ1c2VyX2lkIjo3MTcsImVtYWlsIjoiamFtZXNAN2RtYW51ZmFjdHVyaW5nLmNvbSIsInJvbGVzIjpbImFkbWluIl0sIm5hbWUiOiJKYW1lcyBEaWNrc29uIiwiaWF0IjoxNzU5ODQyNDY5LCJleHAiOjE3NTk4NzEyNjl9.eoW6dD9fiGN_7PXHtgg_su1bfCEfAchhy_q1EB-h0UQ','::ffff:172.18.0.1','Mozilla/5.0 (Windows NT 10.0; Win64; x64) AppleWebKit/537.36 (KHTML, like Gecko) Chrome/141.0.0.0 Safari/537.36','2025-10-07 21:07:49','2025-10-07 13:07:49'),(248,717,'eyJhbGciOiJIUzI1NiIsInR5cCI6IkpXVCJ9.eyJ1c2VyX2lkIjo3MTcsImVtYWlsIjoiamFtZXNAN2RtYW51ZmFjdHVyaW5nLmNvbSIsInJvbGVzIjpbImFkbWluIl0sIm5hbWUiOiJKYW1lcyBEaWNrc29uIiwiaWF0IjoxNzU5ODQyNTYzLCJleHAiOjE3NTk4NzEzNjN9.WCWPHyXEhs9991Sqha_hd4vWWniaOLK8MFAdyV3PsaY','::ffff:172.18.0.1','Mozilla/5.0 (Windows NT 10.0; Win64; x64) AppleWebKit/537.36 (KHTML, like Gecko) Chrome/141.0.0.0 Safari/537.36','2025-10-07 21:09:23','2025-10-07 13:09:23'),(249,717,'eyJhbGciOiJIUzI1NiIsInR5cCI6IkpXVCJ9.eyJ1c2VyX2lkIjo3MTcsImVtYWlsIjoiamFtZXNAN2RtYW51ZmFjdHVyaW5nLmNvbSIsInJvbGVzIjpbImFkbWluIl0sIm5hbWUiOiJKYW1lcyBEaWNrc29uIiwiaWF0IjoxNzU5ODQyNTk1LCJleHAiOjE3NTk4NzEzOTV9.wc7ioHk7dE5FDM2_G9DJ0qeNwHDqKfeomG-YPd53qsc','::ffff:172.18.0.1','Mozilla/5.0 (Windows NT 10.0; Win64; x64) AppleWebKit/537.36 (KHTML, like Gecko) Chrome/141.0.0.0 Safari/537.36','2025-10-07 21:09:56','2025-10-07 13:09:55'),(250,717,'eyJhbGciOiJIUzI1NiIsInR5cCI6IkpXVCJ9.eyJ1c2VyX2lkIjo3MTcsImVtYWlsIjoiamFtZXNAN2RtYW51ZmFjdHVyaW5nLmNvbSIsInJvbGVzIjpbImFkbWluIl0sIm5hbWUiOiJKYW1lcyBEaWNrc29uIiwiaWF0IjoxNzU5ODQyNjIzLCJleHAiOjE3NTk4NzE0MjN9.Na_EkAhabr6a0pBuDBT3wtKABZ5uun4JWeYa8nWpszA','::ffff:172.18.0.1','Mozilla/5.0 (Windows NT 10.0; Win64; x64) AppleWebKit/537.36 (KHTML, like Gecko) Chrome/141.0.0.0 Safari/537.36','2025-10-07 21:10:23','2025-10-07 13:10:23'),(251,717,'eyJhbGciOiJIUzI1NiIsInR5cCI6IkpXVCJ9.eyJ1c2VyX2lkIjo3MTcsImVtYWlsIjoiamFtZXNAN2RtYW51ZmFjdHVyaW5nLmNvbSIsInJvbGVzIjpbImFkbWluIl0sIm5hbWUiOiJKYW1lcyBEaWNrc29uIiwiaWF0IjoxNzU5ODQyNjk5LCJleHAiOjE3NTk4NzE0OTl9.duODhkkkZpj43X66DqE958YtCRPgP4wY14HZrGM7_qs','::ffff:172.18.0.1','Mozilla/5.0 (Windows NT 10.0; Win64; x64) AppleWebKit/537.36 (KHTML, like Gecko) Chrome/141.0.0.0 Safari/537.36','2025-10-07 21:11:39','2025-10-07 13:11:39'),(252,717,'eyJhbGciOiJIUzI1NiIsInR5cCI6IkpXVCJ9.eyJ1c2VyX2lkIjo3MTcsImVtYWlsIjoiamFtZXNAN2RtYW51ZmFjdHVyaW5nLmNvbSIsInJvbGVzIjpbImFkbWluIl0sIm5hbWUiOiJKYW1lcyBEaWNrc29uIiwiaWF0IjoxNzU5ODQyNzc0LCJleHAiOjE3NTk4NzE1NzR9.a4F8hNxKlUVsMduCBp_66pZYCvBnBK8_-13JDH1dt8s','::ffff:172.18.0.1','Mozilla/5.0 (Windows NT 10.0; Win64; x64) AppleWebKit/537.36 (KHTML, like Gecko) Chrome/141.0.0.0 Safari/537.36','2025-10-07 21:12:55','2025-10-07 13:12:54'),(253,717,'eyJhbGciOiJIUzI1NiIsInR5cCI6IkpXVCJ9.eyJ1c2VyX2lkIjo3MTcsImVtYWlsIjoiamFtZXNAN2RtYW51ZmFjdHVyaW5nLmNvbSIsInJvbGVzIjpbImFkbWluIl0sIm5hbWUiOiJKYW1lcyBEaWNrc29uIiwiaWF0IjoxNzU5ODQzNTQ3LCJleHAiOjE3NTk4NzIzNDd9.BoSOqq3S627c58GG8v8ZLxEikDEWdEnRyR6JAMhwyoQ','::ffff:172.18.0.1','Mozilla/5.0 (Windows NT 10.0; Win64; x64) AppleWebKit/537.36 (KHTML, like Gecko) Chrome/141.0.0.0 Safari/537.36','2025-10-07 21:25:47','2025-10-07 13:25:47'),(254,717,'eyJhbGciOiJIUzI1NiIsInR5cCI6IkpXVCJ9.eyJ1c2VyX2lkIjo3MTcsImVtYWlsIjoiamFtZXNAN2RtYW51ZmFjdHVyaW5nLmNvbSIsInJvbGVzIjpbImFkbWluIl0sIm5hbWUiOiJKYW1lcyBEaWNrc29uIiwiaWF0IjoxNzU5ODQzNjk3LCJleHAiOjE3NTk4NzI0OTd9.SUIUujnmCY8DJPJ65kdhepvOU90T2qtq8Zx5m8iUbj4','::ffff:172.18.0.1','Mozilla/5.0 (Windows NT 10.0; Win64; x64) AppleWebKit/537.36 (KHTML, like Gecko) Chrome/141.0.0.0 Safari/537.36','2025-10-07 21:28:17','2025-10-07 13:28:17'),(255,717,'eyJhbGciOiJIUzI1NiIsInR5cCI6IkpXVCJ9.eyJ1c2VyX2lkIjo3MTcsImVtYWlsIjoiamFtZXNAN2RtYW51ZmFjdHVyaW5nLmNvbSIsInJvbGVzIjpbImFkbWluIl0sIm5hbWUiOiJKYW1lcyBEaWNrc29uIiwiaWF0IjoxNzU5ODQzNzM0LCJleHAiOjE3NTk4NzI1MzR9.wpqAM4aumNQ4WhqLIfOIYbg2vt49IYFmHiG7rEtFOSI','::ffff:172.18.0.1','Mozilla/5.0 (Windows NT 10.0; Win64; x64) AppleWebKit/537.36 (KHTML, like Gecko) Chrome/141.0.0.0 Safari/537.36','2025-10-07 21:28:54','2025-10-07 13:28:54'),(256,717,'eyJhbGciOiJIUzI1NiIsInR5cCI6IkpXVCJ9.eyJ1c2VyX2lkIjo3MTcsImVtYWlsIjoiamFtZXNAN2RtYW51ZmFjdHVyaW5nLmNvbSIsInJvbGVzIjpbImFkbWluIl0sIm5hbWUiOiJKYW1lcyBEaWNrc29uIiwiaWF0IjoxNzU5ODQ0MTg2LCJleHAiOjE3NTk4NzI5ODZ9.A5jvLSlgBiBd3OMFIXXq7LNE_5D0y4pqhzKD1mW9a3U','::ffff:172.18.0.1','Mozilla/5.0 (Windows NT 10.0; Win64; x64) AppleWebKit/537.36 (KHTML, like Gecko) Chrome/141.0.0.0 Safari/537.36','2025-10-07 21:36:26','2025-10-07 13:36:26'),(257,717,'eyJhbGciOiJIUzI1NiIsInR5cCI6IkpXVCJ9.eyJ1c2VyX2lkIjo3MTcsImVtYWlsIjoiamFtZXNAN2RtYW51ZmFjdHVyaW5nLmNvbSIsInJvbGVzIjpbImFkbWluIl0sIm5hbWUiOiJKYW1lcyBEaWNrc29uIiwiaWF0IjoxNzU5ODQ0Njc2LCJleHAiOjE3NTk4NzM0NzZ9.DanNN2gQireG3hzFA28KIybWqf83c1i9T-Bx3yJynIM','::ffff:172.18.0.1','Mozilla/5.0 (Windows NT 10.0; Win64; x64) AppleWebKit/537.36 (KHTML, like Gecko) Chrome/141.0.0.0 Safari/537.36','2025-10-07 21:44:37','2025-10-07 13:44:36'),(258,717,'eyJhbGciOiJIUzI1NiIsInR5cCI6IkpXVCJ9.eyJ1c2VyX2lkIjo3MTcsImVtYWlsIjoiamFtZXNAN2RtYW51ZmFjdHVyaW5nLmNvbSIsInJvbGVzIjpbImFkbWluIl0sIm5hbWUiOiJKYW1lcyBEaWNrc29uIiwiaWF0IjoxNzU5ODQ0NzQ2LCJleHAiOjE3NTk4NzM1NDZ9.AUURZUKbjYttnSZiwBfLxFXCX_rmaRNarCQVIMNuEkU','::ffff:172.18.0.1','Mozilla/5.0 (Windows NT 10.0; Win64; x64) AppleWebKit/537.36 (KHTML, like Gecko) Chrome/141.0.0.0 Safari/537.36','2025-10-07 21:45:46','2025-10-07 13:45:46'),(259,717,'eyJhbGciOiJIUzI1NiIsInR5cCI6IkpXVCJ9.eyJ1c2VyX2lkIjo3MTcsImVtYWlsIjoiamFtZXNAN2RtYW51ZmFjdHVyaW5nLmNvbSIsInJvbGVzIjpbImFkbWluIl0sIm5hbWUiOiJKYW1lcyBEaWNrc29uIiwiaWF0IjoxNzU5ODUwMjE5LCJleHAiOjE3NTk4NzkwMTl9.GZe2XePZKSIX1S_KvapV8dfm8sdLc9VuekiJWXkvZP8','::ffff:172.18.0.1','Mozilla/5.0 (Windows NT 10.0; Win64; x64) AppleWebKit/537.36 (KHTML, like Gecko) Chrome/141.0.0.0 Safari/537.36','2025-10-07 23:16:59','2025-10-07 15:16:59'),(260,717,'eyJhbGciOiJIUzI1NiIsInR5cCI6IkpXVCJ9.eyJ1c2VyX2lkIjo3MTcsImVtYWlsIjoiamFtZXNAN2RtYW51ZmFjdHVyaW5nLmNvbSIsInJvbGVzIjpbImFkbWluIl0sIm5hbWUiOiJKYW1lcyBEaWNrc29uIiwiaWF0IjoxNzU5ODg4NzkwLCJleHAiOjE3NTk5MTc1OTB9.wkRWoh4EkToxX7DxPicjc8jcFrcQ1I_HkCFxApwaopM','::ffff:172.18.0.1','Mozilla/5.0 (Windows NT 10.0; Win64; x64) AppleWebKit/537.36 (KHTML, like Gecko) Chrome/141.0.0.0 Safari/537.36','2025-10-08 09:59:51','2025-10-08 01:59:50'),(261,717,'eyJhbGciOiJIUzI1NiIsInR5cCI6IkpXVCJ9.eyJ1c2VyX2lkIjo3MTcsImVtYWlsIjoiamFtZXNAN2RtYW51ZmFjdHVyaW5nLmNvbSIsInJvbGVzIjpbImFkbWluIl0sIm5hbWUiOiJKYW1lcyBEaWNrc29uIiwiaWF0IjoxNzU5ODkzMDIwLCJleHAiOjE3NTk5MjE4MjB9.03h13FC108MzbQWWNuME-HCwOxqeMbw-MXJrdDEQtmc','::ffff:172.18.0.1','Mozilla/5.0 (Windows NT 10.0; Win64; x64) AppleWebKit/537.36 (KHTML, like Gecko) Chrome/141.0.0.0 Safari/537.36','2025-10-08 11:10:20','2025-10-08 03:10:20'),(262,717,'eyJhbGciOiJIUzI1NiIsInR5cCI6IkpXVCJ9.eyJ1c2VyX2lkIjo3MTcsImVtYWlsIjoiamFtZXNAN2RtYW51ZmFjdHVyaW5nLmNvbSIsInJvbGVzIjpbImFkbWluIl0sIm5hbWUiOiJKYW1lcyBEaWNrc29uIiwiaWF0IjoxNzU5ODk0ODc3LCJleHAiOjE3NTk5MjM2Nzd9.EFH4jBh2yb6mrzpWX6RgluKGoChWVF__GpZppB8xTVU','::ffff:172.18.0.1','Mozilla/5.0 (Windows NT 10.0; Win64; x64) AppleWebKit/537.36 (KHTML, like Gecko) Chrome/141.0.0.0 Safari/537.36','2025-10-08 11:41:18','2025-10-08 03:41:17'),(263,717,'eyJhbGciOiJIUzI1NiIsInR5cCI6IkpXVCJ9.eyJ1c2VyX2lkIjo3MTcsImVtYWlsIjoiamFtZXNAN2RtYW51ZmFjdHVyaW5nLmNvbSIsInJvbGVzIjpbImFkbWluIl0sIm5hbWUiOiJKYW1lcyBEaWNrc29uIiwiaWF0IjoxNzU5ODk3MzMwLCJleHAiOjE3NTk5MjYxMzB9.hpuJROwA9LFieHXT4pJDpY4P0g7K4FAJ9RHu0FB8drs','::ffff:172.18.0.1','Mozilla/5.0 (Windows NT 10.0; Win64; x64) AppleWebKit/537.36 (KHTML, like Gecko) Chrome/141.0.0.0 Safari/537.36','2025-10-08 12:22:10','2025-10-08 04:22:10'),(264,717,'eyJhbGciOiJIUzI1NiIsInR5cCI6IkpXVCJ9.eyJ1c2VyX2lkIjo3MTcsImVtYWlsIjoiamFtZXNAN2RtYW51ZmFjdHVyaW5nLmNvbSIsInJvbGVzIjpbImFkbWluIl0sIm5hbWUiOiJKYW1lcyBEaWNrc29uIiwiaWF0IjoxNzU5ODk3NDA5LCJleHAiOjE3NTk5MjYyMDl9.Szyim7eHfzdQuXtiJZlQeMapBgzPX5FIM-h_fXBSUnk','::ffff:172.18.0.1','Mozilla/5.0 (Windows NT 10.0; Win64; x64) AppleWebKit/537.36 (KHTML, like Gecko) Chrome/141.0.0.0 Safari/537.36','2025-10-08 12:23:30','2025-10-08 04:23:29'),(265,717,'eyJhbGciOiJIUzI1NiIsInR5cCI6IkpXVCJ9.eyJ1c2VyX2lkIjo3MTcsImVtYWlsIjoiamFtZXNAN2RtYW51ZmFjdHVyaW5nLmNvbSIsInJvbGVzIjpbImFkbWluIl0sIm5hbWUiOiJKYW1lcyBEaWNrc29uIiwiaWF0IjoxNzU5ODk3NDY2LCJleHAiOjE3NTk5MjYyNjZ9.aP4ZQPpOjxFLTl97lHjEzSDUyocl2AI38f4DV7jrBDA','::ffff:172.18.0.1','Mozilla/5.0 (Windows NT 10.0; Win64; x64) AppleWebKit/537.36 (KHTML, like Gecko) Chrome/141.0.0.0 Safari/537.36','2025-10-08 12:24:27','2025-10-08 04:24:26'),(266,717,'eyJhbGciOiJIUzI1NiIsInR5cCI6IkpXVCJ9.eyJ1c2VyX2lkIjo3MTcsImVtYWlsIjoiamFtZXNAN2RtYW51ZmFjdHVyaW5nLmNvbSIsInJvbGVzIjpbImFkbWluIl0sIm5hbWUiOiJKYW1lcyBEaWNrc29uIiwiaWF0IjoxNzU5ODk3NDkyLCJleHAiOjE3NTk5MjYyOTJ9.a_pbUIDP-GAkpae7iIl7Ocg1fSf8mLTCbs3MHXcuxCU','::ffff:172.18.0.1','Mozilla/5.0 (Windows NT 10.0; Win64; x64) AppleWebKit/537.36 (KHTML, like Gecko) Chrome/141.0.0.0 Safari/537.36','2025-10-08 12:24:53','2025-10-08 04:24:52'),(267,717,'eyJhbGciOiJIUzI1NiIsInR5cCI6IkpXVCJ9.eyJ1c2VyX2lkIjo3MTcsImVtYWlsIjoiamFtZXNAN2RtYW51ZmFjdHVyaW5nLmNvbSIsInJvbGVzIjpbImFkbWluIl0sIm5hbWUiOiJKYW1lcyBEaWNrc29uIiwiaWF0IjoxNzU5OTI4NzIxLCJleHAiOjE3NTk5NTc1MjF9.GmcoO-gq4dzHYTKnacM8orjxsyp8LQaRa_E4B1GmAh8','::ffff:172.18.0.1','Mozilla/5.0 (Windows NT 10.0; Win64; x64) AppleWebKit/537.36 (KHTML, like Gecko) Chrome/141.0.0.0 Safari/537.36','2025-10-08 21:05:22','2025-10-08 13:05:21'),(268,717,'eyJhbGciOiJIUzI1NiIsInR5cCI6IkpXVCJ9.eyJ1c2VyX2lkIjo3MTcsImVtYWlsIjoiamFtZXNAN2RtYW51ZmFjdHVyaW5nLmNvbSIsInJvbGVzIjpbImFkbWluIl0sIm5hbWUiOiJKYW1lcyBEaWNrc29uIiwiaWF0IjoxNzU5OTM4MzgyLCJleHAiOjE3NTk5NjcxODJ9.BAu-QL6LXEqyAeUYGnIgDCgavfqau_DV9FkNYvBZmEA','::ffff:172.18.0.1','Mozilla/5.0 (Windows NT 10.0; Win64; x64) AppleWebKit/537.36 (KHTML, like Gecko) Chrome/141.0.0.0 Safari/537.36','2025-10-08 23:46:22','2025-10-08 15:46:22'),(269,717,'eyJhbGciOiJIUzI1NiIsInR5cCI6IkpXVCJ9.eyJ1c2VyX2lkIjo3MTcsImVtYWlsIjoiamFtZXNAN2RtYW51ZmFjdHVyaW5nLmNvbSIsInJvbGVzIjpbImFkbWluIl0sIm5hbWUiOiJKYW1lcyBEaWNrc29uIiwiaWF0IjoxNzU5OTcxMDMxLCJleHAiOjE3NTk5OTk4MzF9.lqPHFEW4KVjdNTQ9FjlSrhjkyA35Au6PsWEdxGE0jnU','::ffff:172.18.0.1','Mozilla/5.0 (Windows NT 10.0; Win64; x64) AppleWebKit/537.36 (KHTML, like Gecko) Chrome/141.0.0.0 Safari/537.36','2025-10-09 08:50:31','2025-10-09 00:50:31'),(270,717,'eyJhbGciOiJIUzI1NiIsInR5cCI6IkpXVCJ9.eyJ1c2VyX2lkIjo3MTcsImVtYWlsIjoiamFtZXNAN2RtYW51ZmFjdHVyaW5nLmNvbSIsInJvbGVzIjpbImFkbWluIl0sIm5hbWUiOiJKYW1lcyBEaWNrc29uIiwiaWF0IjoxNzU5OTcyNTE0LCJleHAiOjE3NjAwMDEzMTR9.WztFXr97vWS0RSVZ-fUFfy--fzYOfGkXtsV7_DfO6l4','::ffff:172.18.0.1','Mozilla/5.0 (Windows NT 10.0; Win64; x64) AppleWebKit/537.36 (KHTML, like Gecko) Chrome/141.0.0.0 Safari/537.36','2025-10-09 09:15:15','2025-10-09 01:15:14'),(271,717,'eyJhbGciOiJIUzI1NiIsInR5cCI6IkpXVCJ9.eyJ1c2VyX2lkIjo3MTcsImVtYWlsIjoiamFtZXNAN2RtYW51ZmFjdHVyaW5nLmNvbSIsInJvbGVzIjpbImFkbWluIl0sIm5hbWUiOiJKYW1lcyBEaWNrc29uIiwiaWF0IjoxNzYwMDEzNjg0LCJleHAiOjE3NjAwNDI0ODR9.3fGuH-y_lmJBSlIdGGiyrN8T-DbELs95NgHM2uLSgek','::ffff:172.18.0.1','Mozilla/5.0 (Windows NT 10.0; Win64; x64) AppleWebKit/537.36 (KHTML, like Gecko) Chrome/141.0.0.0 Safari/537.36','2025-10-09 20:41:25','2025-10-09 12:41:24'),(272,717,'eyJhbGciOiJIUzI1NiIsInR5cCI6IkpXVCJ9.eyJ1c2VyX2lkIjo3MTcsImVtYWlsIjoiamFtZXNAN2RtYW51ZmFjdHVyaW5nLmNvbSIsInJvbGVzIjpbImFkbWluIl0sIm5hbWUiOiJKYW1lcyBEaWNrc29uIiwiaWF0IjoxNzYwMDQ3NTE3LCJleHAiOjE3NjAwNzYzMTd9.rJMPDXjY6mXYUnTvWFFH7zgDuDZenI8UKHpw4GW1GTs','::ffff:172.18.0.1','Mozilla/5.0 (Windows NT 10.0; Win64; x64) AppleWebKit/537.36 (KHTML, like Gecko) Chrome/141.0.0.0 Safari/537.36','2025-10-10 06:05:18','2025-10-09 22:05:17'),(273,717,'eyJhbGciOiJIUzI1NiIsInR5cCI6IkpXVCJ9.eyJ1c2VyX2lkIjo3MTcsImVtYWlsIjoiamFtZXNAN2RtYW51ZmFjdHVyaW5nLmNvbSIsInJvbGVzIjpbImFkbWluIl0sIm5hbWUiOiJKYW1lcyBEaWNrc29uIiwiaWF0IjoxNzYwMTAxOTM4LCJleHAiOjE3NjAxMzA3Mzh9.RG_XpbKStWbDPeCNcBOmskSt1_DbwiXWZsim8f2XIIQ','::ffff:172.18.0.1','Mozilla/5.0 (Windows NT 10.0; Win64; x64) AppleWebKit/537.36 (KHTML, like Gecko) Chrome/141.0.0.0 Safari/537.36','2025-10-10 21:12:18','2025-10-10 13:12:18'),(274,717,'eyJhbGciOiJIUzI1NiIsInR5cCI6IkpXVCJ9.eyJ1c2VyX2lkIjo3MTcsImVtYWlsIjoiamFtZXNAN2RtYW51ZmFjdHVyaW5nLmNvbSIsInJvbGVzIjpbImFkbWluIl0sIm5hbWUiOiJKYW1lcyBEaWNrc29uIiwiaWF0IjoxNzYwMTg1MTU3LCJleHAiOjE3NjAyMTM5NTd9.a2iu5YrFVTMr4ndJbrjcZ6RYYVPIueIFUrk9A-k2fUo','::ffff:172.18.0.1','Mozilla/5.0 (Windows NT 10.0; Win64; x64) AppleWebKit/537.36 (KHTML, like Gecko) Chrome/141.0.0.0 Safari/537.36','2025-10-11 20:19:18','2025-10-11 12:19:17'),(275,7,'eyJhbGciOiJIUzI1NiIsInR5cCI6IkpXVCJ9.eyJ1c2VyX2lkIjo3LCJlbWFpbCI6ImFkbWluQGZpcmVwcm9vZmVycC5jb20iLCJyb2xlcyI6WyJhZG1pbiJdLCJuYW1lIjoiU3lzdGVtIEFkbWluaXN0cmF0b3IiLCJpYXQiOjE3NjAyMDQwODcsImV4cCI6MTc2MDIzMjg4N30.RvW5CXRzxH5NzpJb37wUh5b6JwcgTo-8FMpqZ2RT68k','::ffff:172.18.0.1','curl/8.5.0','2025-10-12 01:34:47','2025-10-11 17:34:47'),(276,717,'eyJhbGciOiJIUzI1NiIsInR5cCI6IkpXVCJ9.eyJ1c2VyX2lkIjo3MTcsImVtYWlsIjoiamFtZXNAN2RtYW51ZmFjdHVyaW5nLmNvbSIsInJvbGVzIjpbImFkbWluIl0sIm5hbWUiOiJKYW1lcyBEaWNrc29uIiwiaWF0IjoxNzYwMzI2MTY2LCJleHAiOjE3NjAzNTQ5NjZ9.EoOm49XOumSMUJQXQJK30bqtcBu4dXJVzLv6TdxkUgQ','::ffff:172.18.0.1','Mozilla/5.0 (Windows NT 10.0; Win64; x64) AppleWebKit/537.36 (KHTML, like Gecko) Chrome/141.0.0.0 Safari/537.36','2025-10-13 11:29:26','2025-10-13 03:29:26'),(277,717,'eyJhbGciOiJIUzI1NiIsInR5cCI6IkpXVCJ9.eyJ1c2VyX2lkIjo3MTcsImVtYWlsIjoiamFtZXNAN2RtYW51ZmFjdHVyaW5nLmNvbSIsInJvbGVzIjpbImFkbWluIl0sIm5hbWUiOiJKYW1lcyBEaWNrc29uIiwiaWF0IjoxNzYwODg0ODAxLCJleHAiOjE3NjA5MTM2MDF9.OGz1rOpcAC6CJDYwZW6-7Xb74HF2cIiIUOU1Vw22Be0','172.18.0.1','Mozilla/5.0 (Windows NT 10.0; Win64; x64) AppleWebKit/537.36 (KHTML, like Gecko) Chrome/141.0.0.0 Safari/537.36','2025-10-19 22:40:02','2025-10-19 14:40:01'),(278,717,'eyJhbGciOiJIUzI1NiIsInR5cCI6IkpXVCJ9.eyJ1c2VyX2lkIjo3MTcsImVtYWlsIjoiamFtZXNAN2RtYW51ZmFjdHVyaW5nLmNvbSIsInJvbGVzIjpbImFkbWluIl0sIm5hbWUiOiJKYW1lcyBEaWNrc29uIiwiaWF0IjoxNzYwODg0ODM0LCJleHAiOjE3NjA5MTM2MzR9.t6dkZA7_WkX-DqGxLzJW4KROe8ul3TaJCt0P3AGZGYs','172.18.0.1','Mozilla/5.0 (Linux; Android 6.0; Nexus 5 Build/MRA58N) AppleWebKit/537.36 (KHTML, like Gecko) Chrome/141.0.0.0 Mobile Safari/537.36','2025-10-19 22:40:34','2025-10-19 14:40:34'),(282,717,'eyJhbGciOiJIUzI1NiIsInR5cCI6IkpXVCJ9.eyJ1c2VyX2lkIjo3MTcsImVtYWlsIjoiamFtZXNAN2RtYW51ZmFjdHVyaW5nLmNvbSIsInJvbGVzIjpbImFkbWluIl0sIm5hbWUiOiJKYW1lcyBEaWNrc29uIiwiaWF0IjoxNzYwOTE1ODkxLCJleHAiOjE3NjA5NDQ2OTF9._IEENcyJ46PmszAFJh3TTJhQdXRzAkRpJBuK4imDUiY','172.18.0.1','Mozilla/5.0 (Windows NT 10.0; Win64; x64) AppleWebKit/537.36 (KHTML, like Gecko) Chrome/141.0.0.0 Safari/537.36','2025-10-20 07:18:12','2025-10-19 23:18:11');
/*!40000 ALTER TABLE `core_sessions` ENABLE KEYS */;
UNLOCK TABLES;

--
-- Table structure for table `core_user_module_access`
--

DROP TABLE IF EXISTS `core_user_module_access`;
/*!40101 SET @saved_cs_client     = @@character_set_client */;
/*!50503 SET character_set_client = utf8mb4 */;
CREATE TABLE `core_user_module_access` (
  `id` int NOT NULL AUTO_INCREMENT,
  `user_id` int NOT NULL,
  `module_id` varchar(50) NOT NULL,
  `has_access` tinyint(1) DEFAULT '1',
  `module_role_id` int DEFAULT NULL,
  `granted_by` int NOT NULL,
  `granted_at` timestamp NULL DEFAULT CURRENT_TIMESTAMP,
  PRIMARY KEY (`id`),
  UNIQUE KEY `unique_access` (`user_id`,`module_id`),
  KEY `module_role_id` (`module_role_id`),
  KEY `granted_by` (`granted_by`),
  KEY `idx_user` (`user_id`),
  KEY `idx_module` (`module_id`),
  CONSTRAINT `core_user_module_access_ibfk_1` FOREIGN KEY (`user_id`) REFERENCES `core_users` (`id`) ON DELETE CASCADE,
  CONSTRAINT `core_user_module_access_ibfk_2` FOREIGN KEY (`module_id`) REFERENCES `core_modules` (`id`),
  CONSTRAINT `core_user_module_access_ibfk_3` FOREIGN KEY (`module_role_id`) REFERENCES `core_roles` (`id`),
  CONSTRAINT `core_user_module_access_ibfk_4` FOREIGN KEY (`granted_by`) REFERENCES `core_users` (`id`)
) ENGINE=InnoDB DEFAULT CHARSET=utf8mb4 COLLATE=utf8mb4_0900_ai_ci;
/*!40101 SET character_set_client = @saved_cs_client */;

--
-- Dumping data for table `core_user_module_access`
--
-- ORDER BY:  `id`

LOCK TABLES `core_user_module_access` WRITE;
/*!40000 ALTER TABLE `core_user_module_access` DISABLE KEYS */;
/*!40000 ALTER TABLE `core_user_module_access` ENABLE KEYS */;
UNLOCK TABLES;

--
-- Table structure for table `core_user_permission_overrides`
--

DROP TABLE IF EXISTS `core_user_permission_overrides`;
/*!40101 SET @saved_cs_client     = @@character_set_client */;
/*!50503 SET character_set_client = utf8mb4 */;
CREATE TABLE `core_user_permission_overrides` (
  `id` int NOT NULL AUTO_INCREMENT,
  `user_id` int NOT NULL,
  `permission_id` int NOT NULL,
  `granted` tinyint(1) DEFAULT '1',
  `reason` text,
  `granted_by` int NOT NULL,
  `granted_at` timestamp NULL DEFAULT CURRENT_TIMESTAMP,
  PRIMARY KEY (`id`),
  UNIQUE KEY `unique_override` (`user_id`,`permission_id`),
  KEY `permission_id` (`permission_id`),
  KEY `granted_by` (`granted_by`),
  CONSTRAINT `core_user_permission_overrides_ibfk_1` FOREIGN KEY (`user_id`) REFERENCES `core_users` (`id`) ON DELETE CASCADE,
  CONSTRAINT `core_user_permission_overrides_ibfk_2` FOREIGN KEY (`permission_id`) REFERENCES `core_permissions` (`id`) ON DELETE CASCADE,
  CONSTRAINT `core_user_permission_overrides_ibfk_3` FOREIGN KEY (`granted_by`) REFERENCES `core_users` (`id`)
) ENGINE=InnoDB DEFAULT CHARSET=utf8mb4 COLLATE=utf8mb4_0900_ai_ci;
/*!40101 SET character_set_client = @saved_cs_client */;

--
-- Dumping data for table `core_user_permission_overrides`
--
-- ORDER BY:  `id`

LOCK TABLES `core_user_permission_overrides` WRITE;
/*!40000 ALTER TABLE `core_user_permission_overrides` DISABLE KEYS */;
/*!40000 ALTER TABLE `core_user_permission_overrides` ENABLE KEYS */;
UNLOCK TABLES;

--
-- Table structure for table `core_user_roles`
--

DROP TABLE IF EXISTS `core_user_roles`;
/*!40101 SET @saved_cs_client     = @@character_set_client */;
/*!50503 SET character_set_client = utf8mb4 */;
CREATE TABLE `core_user_roles` (
  `user_id` int NOT NULL,
  `role_id` int NOT NULL,
  `assigned_by` int NOT NULL,
  `assigned_at` timestamp NULL DEFAULT CURRENT_TIMESTAMP,
  PRIMARY KEY (`user_id`,`role_id`),
  KEY `role_id` (`role_id`),
  KEY `assigned_by` (`assigned_by`),
  CONSTRAINT `core_user_roles_ibfk_1` FOREIGN KEY (`user_id`) REFERENCES `core_users` (`id`) ON DELETE CASCADE,
  CONSTRAINT `core_user_roles_ibfk_2` FOREIGN KEY (`role_id`) REFERENCES `core_roles` (`id`) ON DELETE CASCADE,
  CONSTRAINT `core_user_roles_ibfk_3` FOREIGN KEY (`assigned_by`) REFERENCES `core_users` (`id`)
) ENGINE=InnoDB DEFAULT CHARSET=utf8mb4 COLLATE=utf8mb4_0900_ai_ci;
/*!40101 SET character_set_client = @saved_cs_client */;

--
-- Dumping data for table `core_user_roles`
--
-- ORDER BY:  `user_id`,`role_id`

LOCK TABLES `core_user_roles` WRITE;
/*!40000 ALTER TABLE `core_user_roles` DISABLE KEYS */;
INSERT INTO `core_user_roles` (`user_id`, `role_id`, `assigned_by`, `assigned_at`) VALUES (7,94,7,'2025-09-16 18:50:28'),(10,94,10,'2025-10-20 01:32:27'),(12,1,7,'2025-08-19 20:37:35'),(13,3,7,'2025-08-19 20:37:35'),(14,5,7,'2025-08-19 20:37:35'),(717,94,717,'2025-10-20 01:05:40'),(718,9,717,'2025-09-08 21:32:19'),(719,8,717,'2025-09-08 21:32:19'),(720,9,717,'2025-09-08 21:32:19'),(1694551478,6,1694551478,'2025-10-19 23:49:44'),(1694551515,6,1694551515,'2025-10-19 23:49:51'),(1694552531,93,1694552531,'2025-10-22 13:15:35'),(1694552532,6,1694552532,'2025-10-23 01:09:47'),(1694552533,6,1694552533,'2025-10-23 01:11:16'),(1694552534,94,1694552534,'2025-10-23 13:07:16');
/*!40000 ALTER TABLE `core_user_roles` ENABLE KEYS */;
UNLOCK TABLES;

--
-- Table structure for table `core_users`
--

DROP TABLE IF EXISTS `core_users`;
/*!40101 SET @saved_cs_client     = @@character_set_client */;
/*!50503 SET character_set_client = utf8mb4 */;
CREATE TABLE `core_users` (
  `id` int NOT NULL AUTO_INCREMENT,
  `email` varchar(255) NOT NULL,
  `password_hash` varchar(255) NOT NULL,
  `must_change_password` tinyint(1) DEFAULT '0',
  `name` varchar(255) NOT NULL,
  `is_active` tinyint(1) DEFAULT '1',
  `is_deleted` tinyint(1) DEFAULT '0',
  `failed_login_count` int DEFAULT '0',
  `locked_until` timestamp NULL DEFAULT NULL,
  `created_at` timestamp NULL DEFAULT CURRENT_TIMESTAMP,
  `updated_at` timestamp NULL DEFAULT CURRENT_TIMESTAMP ON UPDATE CURRENT_TIMESTAMP,
  `last_login` datetime DEFAULT NULL,
  PRIMARY KEY (`id`),
  UNIQUE KEY `email` (`email`),
  KEY `idx_email` (`email`),
  KEY `idx_active_deleted` (`is_active`,`is_deleted`),
  KEY `idx_must_change_password` (`must_change_password`)
) ENGINE=InnoDB AUTO_INCREMENT=1694552535 DEFAULT CHARSET=utf8mb4 COLLATE=utf8mb4_0900_ai_ci;
/*!40101 SET character_set_client = @saved_cs_client */;

--
-- Dumping data for table `core_users`
--
-- ORDER BY:  `id`

LOCK TABLES `core_users` WRITE;
/*!40000 ALTER TABLE `core_users` DISABLE KEYS */;
INSERT INTO `core_users` (`id`, `email`, `password_hash`, `must_change_password`, `name`, `is_active`, `is_deleted`, `failed_login_count`, `locked_until`, `created_at`, `updated_at`, `last_login`) VALUES (717,'james@7dmanufacturing.com','$2b$10$0/Y7wJntYeQG6hKtkNRgSOT9rcb51WF4aWibB.aPbNfsqGkZ2zYe.',0,'James Dickson',1,0,0,NULL,'2025-09-08 21:18:54','2025-10-23 15:46:25','2025-10-23 15:46:25'),(1694552531,'joshua.smith@7dmanufacturing.com','$2b$10$31m6f2Z7NB32Clekjgg40ucTgRiarQ3jSOAgvWMQVEDsnvh6H3Opm',0,'Joshua Smith',1,0,0,NULL,'2025-10-22 13:15:36','2025-10-22 13:15:36',NULL),(1694552532,'ladonna.belvin@7dmanufacturing.com','$2b$10$DvQZ1cHSSMFP8flk.oxXyOzz6osMqaMquRemoGG7ekORFrbPC9zIS',1,'LaDonna Belvin',1,0,0,NULL,'2025-10-23 01:09:48','2025-10-23 01:09:48',NULL),(1694552533,'joyce.pomeroy@7dmanufacturing.com','$2b$10$/7qF2pQwdjJVOq10qlqwbusxOuWZT52HlpFdYqJLv2c2iipemcZTa',1,'Joyce Pomeroy',1,0,0,NULL,'2025-10-23 01:11:16','2025-10-23 01:11:16',NULL),(1694552534,'admin@fireprooferp.com','$2b$10$xZ2Mvnc3TK0tZgPH.fCt/.DLpKOIf2pU9hVPUi0GZwN5NJLKrP75O',0,'admin user',1,0,0,NULL,'2025-10-23 13:07:17','2025-10-23 13:31:20','2025-10-23 13:31:20');
/*!40000 ALTER TABLE `core_users` ENABLE KEYS */;
UNLOCK TABLES;

--
-- Table structure for table `gauge_active_checkouts`
--

DROP TABLE IF EXISTS `gauge_active_checkouts`;
/*!40101 SET @saved_cs_client     = @@character_set_client */;
/*!50503 SET character_set_client = utf8mb4 */;
CREATE TABLE `gauge_active_checkouts` (
  `gauge_id` int NOT NULL,
  `checked_out_to` int NOT NULL,
  `job_number` varchar(255) DEFAULT NULL COMMENT 'Job/Work order number (for future use)',
  `department` varchar(100) DEFAULT NULL,
  `checkout_date` timestamp NOT NULL DEFAULT CURRENT_TIMESTAMP,
  `expected_return` date DEFAULT NULL,
  PRIMARY KEY (`gauge_id`),
  KEY `idx_user` (`checked_out_to`),
  KEY `idx_return_date` (`expected_return`),
  CONSTRAINT `gauge_active_checkouts_ibfk_1` FOREIGN KEY (`gauge_id`) REFERENCES `gauges` (`id`) ON DELETE CASCADE,
  CONSTRAINT `gauge_active_checkouts_ibfk_2` FOREIGN KEY (`checked_out_to`) REFERENCES `core_users` (`id`)
) ENGINE=InnoDB DEFAULT CHARSET=utf8mb4 COLLATE=utf8mb4_0900_ai_ci;
/*!40101 SET character_set_client = @saved_cs_client */;

--
-- Dumping data for table `gauge_active_checkouts`
--
-- ORDER BY:  `gauge_id`

LOCK TABLES `gauge_active_checkouts` WRITE;
/*!40000 ALTER TABLE `gauge_active_checkouts` DISABLE KEYS */;
INSERT INTO `gauge_active_checkouts` (`gauge_id`, `checked_out_to`, `job_number`, `department`, `checkout_date`, `expected_return`) VALUES (1573,717,NULL,NULL,'2025-10-19 19:31:36',NULL),(1598,717,NULL,NULL,'2025-10-19 19:38:59',NULL),(1638,717,NULL,NULL,'2025-10-19 19:39:18',NULL),(1693,1694552534,NULL,NULL,'2025-10-23 13:07:47',NULL);
/*!40000 ALTER TABLE `gauge_active_checkouts` ENABLE KEYS */;
UNLOCK TABLES;

--
-- Table structure for table `gauge_calibration_failures`
--

DROP TABLE IF EXISTS `gauge_calibration_failures`;
/*!40101 SET @saved_cs_client     = @@character_set_client */;
/*!50503 SET character_set_client = utf8mb4 */;
CREATE TABLE `gauge_calibration_failures` (
  `id` int NOT NULL AUTO_INCREMENT,
  `calibration_id` int NOT NULL,
  `failure_reason` text NOT NULL,
  `corrective_action` text,
  `resolution_date` date DEFAULT NULL,
  `resolved_by` int DEFAULT NULL,
  PRIMARY KEY (`id`),
  KEY `calibration_id` (`calibration_id`),
  KEY `resolved_by` (`resolved_by`),
  CONSTRAINT `gauge_calibration_failures_ibfk_1` FOREIGN KEY (`calibration_id`) REFERENCES `gauge_calibrations` (`id`),
  CONSTRAINT `gauge_calibration_failures_ibfk_2` FOREIGN KEY (`resolved_by`) REFERENCES `core_users` (`id`)
) ENGINE=InnoDB AUTO_INCREMENT=2 DEFAULT CHARSET=utf8mb4 COLLATE=utf8mb4_0900_ai_ci;
/*!40101 SET character_set_client = @saved_cs_client */;

--
-- Dumping data for table `gauge_calibration_failures`
--
-- ORDER BY:  `id`

LOCK TABLES `gauge_calibration_failures` WRITE;
/*!40000 ALTER TABLE `gauge_calibration_failures` DISABLE KEYS */;
INSERT INTO `gauge_calibration_failures` (`id`, `calibration_id`, `failure_reason`, `corrective_action`, `resolution_date`, `resolved_by`) VALUES (1,8,'Measurement accuracy outside tolerance limits','Sent for repair and recalibration',NULL,NULL);
/*!40000 ALTER TABLE `gauge_calibration_failures` ENABLE KEYS */;
UNLOCK TABLES;

--
-- Table structure for table `gauge_calibration_schedule`
--

DROP TABLE IF EXISTS `gauge_calibration_schedule`;
/*!40101 SET @saved_cs_client     = @@character_set_client */;
/*!50503 SET character_set_client = utf8mb4 */;
CREATE TABLE `gauge_calibration_schedule` (
  `gauge_id` int NOT NULL,
  `frequency_days` int NOT NULL,
  `last_calibration_id` int DEFAULT NULL,
  `next_due_date` date NOT NULL,
  `auto_notify_days` int DEFAULT '30',
  `is_active` tinyint(1) DEFAULT '1',
  PRIMARY KEY (`gauge_id`),
  KEY `last_calibration_id` (`last_calibration_id`),
  KEY `idx_due_date` (`next_due_date`),
  KEY `idx_next_due_date` (`next_due_date`),
  CONSTRAINT `gauge_calibration_schedule_ibfk_1` FOREIGN KEY (`gauge_id`) REFERENCES `gauges` (`id`) ON DELETE CASCADE,
  CONSTRAINT `gauge_calibration_schedule_ibfk_2` FOREIGN KEY (`last_calibration_id`) REFERENCES `gauge_calibrations` (`id`)
) ENGINE=InnoDB DEFAULT CHARSET=utf8mb4 COLLATE=utf8mb4_0900_ai_ci;
/*!40101 SET character_set_client = @saved_cs_client */;

--
-- Dumping data for table `gauge_calibration_schedule`
--
-- ORDER BY:  `gauge_id`

LOCK TABLES `gauge_calibration_schedule` WRITE;
/*!40000 ALTER TABLE `gauge_calibration_schedule` DISABLE KEYS */;
INSERT INTO `gauge_calibration_schedule` (`gauge_id`, `frequency_days`, `last_calibration_id`, `next_due_date`, `auto_notify_days`, `is_active`) VALUES (1568,365,80,'2026-06-18',30,1),(1569,365,56,'2025-06-11',30,1),(1570,365,66,'2025-11-11',30,1),(1571,365,57,'2026-03-29',30,1),(1573,365,NULL,'2025-12-18',30,1),(1574,365,94,'2026-05-28',30,1),(1578,365,81,'2026-06-10',30,1),(1579,365,82,'2026-03-17',30,1),(1580,365,83,'2026-02-05',30,1),(1581,365,84,'2026-01-20',30,1),(1582,365,52,'2026-02-09',30,1),(1583,365,85,'2026-01-14',30,1),(1585,365,67,'2026-01-21',30,1),(1588,365,68,'2025-12-05',30,1),(1589,365,69,'2026-06-22',30,1),(1590,365,86,'2025-06-28',30,1),(1591,365,70,'2026-01-13',30,1),(1592,365,71,'2026-03-25',30,1),(1593,365,NULL,'2026-09-14',30,1),(1594,365,72,'2025-10-18',30,1),(1597,365,73,'2026-04-08',30,1),(1598,365,46,'2025-12-15',30,1),(1599,365,47,'2026-02-23',30,1),(1600,365,48,'2026-08-15',30,1),(1601,365,74,'2025-12-29',30,1),(1603,365,75,'2026-01-31',30,1),(1604,365,53,'2025-06-17',30,1),(1605,365,95,'2025-12-23',30,1),(1606,365,87,'2026-06-05',30,1),(1607,365,76,'2026-05-27',30,1),(1608,365,88,'2026-02-26',30,1),(1609,365,58,'2026-03-17',30,1),(1610,365,54,'2025-10-28',30,1),(1612,365,49,'2026-01-15',30,1),(1613,365,96,'2026-06-06',30,1),(1614,365,97,'2026-06-15',30,1),(1615,365,59,'2025-08-01',30,1),(1618,365,60,'2026-02-14',30,1),(1622,365,61,'2026-03-06',30,1),(1623,365,77,'2026-07-17',30,1),(1624,365,55,'2026-05-19',30,1),(1626,365,89,'2025-07-11',30,1),(1627,365,62,'2026-06-14',30,1),(1630,365,78,'2026-01-10',30,1),(1632,365,79,'2026-03-06',30,1),(1634,365,90,'2026-01-13',30,1),(1636,365,50,'2026-02-08',30,1),(1637,365,91,'2026-05-04',30,1),(1638,365,51,'2026-02-07',30,1),(1639,365,63,'2025-11-13',30,1),(1640,365,64,'2025-12-18',30,1),(1641,365,92,'2026-05-23',30,1),(1642,365,93,'2026-04-03',30,1),(1645,365,65,'2026-05-16',30,1),(1646,365,NULL,'2026-09-27',30,1),(1648,365,NULL,'2026-09-27',30,1),(1649,365,141,'2025-11-19',30,1),(1650,365,111,'2026-03-04',30,1),(1651,365,128,'2025-12-30',30,1),(1652,365,112,'2025-12-21',30,1),(1653,365,129,'2025-11-02',30,1),(1654,365,130,'2025-12-30',30,1),(1655,365,98,'2026-01-23',30,1),(1656,365,NULL,'2026-09-23',30,1),(1657,365,131,'2026-03-29',30,1),(1658,365,99,'2026-08-08',30,1),(1659,365,100,'2025-08-03',30,1),(1660,365,132,'2026-04-15',30,1),(1661,365,142,'2025-11-20',30,1),(1662,365,113,'2026-02-13',30,1),(1663,365,133,'2025-07-12',30,1),(1664,365,114,'2026-02-23',30,1),(1665,365,143,'2026-05-05',30,1),(1666,365,134,'2026-03-19',30,1),(1667,365,135,'2025-07-24',30,1),(1668,365,101,'2026-08-25',30,1),(1669,365,102,'2026-07-25',30,1),(1670,365,136,'2026-03-06',30,1),(1671,365,137,'2026-03-08',30,1),(1672,365,103,'2026-07-24',30,1),(1673,365,104,'2026-01-31',30,1),(1674,365,115,'2025-12-10',30,1),(1675,365,105,'2026-02-14',30,1),(1676,365,NULL,'2026-09-25',30,1),(1677,365,144,'2025-10-23',30,1),(1678,365,116,'2025-08-08',30,1),(1679,365,145,'2025-11-13',30,1),(1680,365,146,'2025-11-25',30,1),(1681,365,117,'2025-06-25',30,1),(1682,365,106,'2026-03-19',30,1),(1683,365,107,'2026-01-12',30,1),(1684,365,138,'2026-06-06',30,1),(1685,365,108,'2026-03-13',30,1),(1686,365,118,'2026-01-30',30,1),(1687,365,119,'2026-04-06',30,1),(1688,365,147,'2026-01-08',30,1),(1689,365,148,'2026-02-24',30,1),(1690,365,139,'2026-03-11',30,1),(1691,365,120,'2025-10-17',30,1),(1692,365,121,'2026-01-23',30,1),(1693,365,109,'2026-02-09',30,1),(1694,365,149,'2026-08-06',30,1),(1695,365,150,'2026-07-26',30,1),(1696,365,122,'2026-02-22',30,1),(1697,365,151,'2026-03-12',30,1),(1698,365,123,'2026-07-23',30,1),(1699,365,124,'2026-03-28',30,1),(1700,365,125,'2026-03-27',30,1),(1701,365,126,'2026-01-31',30,1),(1702,365,140,'2025-11-21',30,1),(1703,365,110,'2026-02-10',30,1),(1704,365,152,'2026-06-02',30,1),(1705,365,127,'2026-03-31',30,1),(1706,365,153,'2026-03-18',30,1),(1707,365,154,'2025-07-09',30,1),(1708,365,179,'2025-11-13',30,1),(1709,365,172,'2025-08-17',30,1),(1710,365,161,'2026-01-06',30,1),(1711,365,162,'2025-12-23',30,1),(1712,365,NULL,'2026-09-22',30,1),(1713,365,163,'2026-04-05',30,1),(1714,365,NULL,'2026-09-09',30,1),(1715,365,173,'2026-08-18',30,1),(1716,365,169,'2026-02-24',30,1),(1717,365,180,'2026-02-06',30,1),(1718,365,181,'2025-11-20',30,1),(1719,365,182,'2026-03-11',30,1),(1720,365,174,'2026-01-24',30,1),(1721,365,170,'2026-01-10',30,1),(1722,365,164,'2026-02-22',30,1),(1723,365,183,'2025-07-10',30,1),(1724,365,155,'2026-02-23',30,1),(1725,365,156,'2026-05-21',30,1),(1726,365,171,'2026-07-03',30,1),(1727,365,157,'2026-07-02',30,1),(1728,365,175,'2026-07-26',30,1),(1729,365,158,'2026-01-07',30,1),(1730,365,159,'2026-01-09',30,1),(1731,365,184,'2025-06-19',30,1),(1732,365,NULL,'2026-09-26',30,1),(1733,365,165,'2026-03-13',30,1),(1734,365,160,'2026-01-20',30,1),(1735,365,185,'2025-12-30',30,1),(1736,365,176,'2026-01-26',30,1),(1737,365,177,'2025-12-29',30,1),(1738,365,NULL,'2026-09-26',30,1),(1739,365,166,'2025-08-13',30,1),(1740,365,178,'2026-01-28',30,1),(1741,365,167,'2026-04-08',30,1),(1742,365,168,'2026-03-03',30,1),(1743,1095,189,'2026-01-28',30,1),(1745,1095,190,'2026-09-22',30,1),(1755,1095,191,'2025-11-24',30,1),(1760,1095,186,'2025-11-07',30,1),(1761,1095,192,'2026-03-06',30,1),(1763,1095,187,'2025-06-21',30,1),(1764,1095,188,'2026-08-08',30,1);
/*!40000 ALTER TABLE `gauge_calibration_schedule` ENABLE KEYS */;
UNLOCK TABLES;

--
-- Table structure for table `gauge_calibration_standard_specifications`
--

DROP TABLE IF EXISTS `gauge_calibration_standard_specifications`;
/*!40101 SET @saved_cs_client     = @@character_set_client */;
/*!50503 SET character_set_client = utf8mb4 */;
CREATE TABLE `gauge_calibration_standard_specifications` (
  `gauge_id` int NOT NULL,
  `standard_type` varchar(50) NOT NULL COMMENT 'gauge_block, master_ring, master_plug, reference_standard',
  `nominal_value` decimal(15,6) NOT NULL COMMENT 'Nominal measurement value',
  `uncertainty` decimal(15,6) NOT NULL COMMENT 'Measurement uncertainty ()',
  `uncertainty_units` varchar(20) DEFAULT 'inches' COMMENT 'inches, mm, microinches',
  `traceability_organization` varchar(50) DEFAULT NULL COMMENT 'NIST, NPL, PTB, etc.',
  `traceability_certificate` varchar(100) DEFAULT NULL COMMENT 'Certificate number',
  `access_restricted` tinyint(1) DEFAULT '1' COMMENT 'Restricted to qualified personnel',
  `created_at` timestamp NULL DEFAULT CURRENT_TIMESTAMP,
  `updated_at` timestamp NULL DEFAULT CURRENT_TIMESTAMP ON UPDATE CURRENT_TIMESTAMP,
  PRIMARY KEY (`gauge_id`),
  KEY `idx_standard_type` (`standard_type`),
  KEY `idx_nominal_value` (`nominal_value`),
  CONSTRAINT `gauge_calibration_standard_specifications_ibfk_1` FOREIGN KEY (`gauge_id`) REFERENCES `gauges` (`id`) ON DELETE CASCADE
) ENGINE=InnoDB DEFAULT CHARSET=utf8mb4 COLLATE=utf8mb4_0900_ai_ci;
/*!40101 SET character_set_client = @saved_cs_client */;

--
-- Dumping data for table `gauge_calibration_standard_specifications`
--
-- ORDER BY:  `gauge_id`

LOCK TABLES `gauge_calibration_standard_specifications` WRITE;
/*!40000 ALTER TABLE `gauge_calibration_standard_specifications` DISABLE KEYS */;
INSERT INTO `gauge_calibration_standard_specifications` (`gauge_id`, `standard_type`, `nominal_value`, `uncertainty`, `uncertainty_units`, `traceability_organization`, `traceability_certificate`, `access_restricted`, `created_at`, `updated_at`) VALUES (1743,'0.5\" Master Plug',0.500000,0.000025,'inches','PTB','CERT-JVQ81759',1,'2025-10-08 15:30:58','2025-10-08 15:30:58'),(1744,'0.625\" Master Plug',0.625000,0.000031,'inches','NPL','CERT-41759ADI',1,'2025-10-08 15:30:58','2025-10-08 15:30:58'),(1745,'0.25\" Master Ring',0.250000,0.000013,'inches','NPL','CERT-SFQ35689',0,'2025-10-08 15:30:58','2025-10-08 15:30:58'),(1746,'0.375\" Master Ring',0.375000,0.000019,'inches','NPL','CERT-13613XYX',1,'2025-10-08 15:30:58','2025-10-08 15:30:58'),(1747,'4\" Grade 0',4.000000,0.000080,'inches','NIST','CERT-ZOT81850',0,'2025-10-08 15:30:58','2025-10-08 15:30:58'),(1748,'0.5\" Master Ring',0.500000,0.000025,'inches','NPL','CERT-CTU55608',1,'2025-10-08 15:30:58','2025-10-08 15:30:58'),(1749,'0.4659\" Reference',0.465900,0.000005,'inches','BIPM','CERT-27758MYL',0,'2025-10-08 15:30:58','2025-10-08 15:30:58'),(1750,'0.5\" Master Ring',0.500000,0.000025,'inches','BIPM','CERT-25696TAA',1,'2025-10-08 15:30:58','2025-10-08 15:30:58'),(1751,'3.6862\" Reference',3.686200,0.000037,'inches','NPL','CERT-56445TVE',0,'2025-10-08 15:30:58','2025-10-08 15:30:58'),(1752,'0.25\" Master Ring',0.250000,0.000013,'inches','NIST','CERT-GJM46213',1,'2025-10-08 15:30:58','2025-10-08 15:30:58'),(1753,'0.5\" Master Ring',0.500000,0.000025,'inches','NIST','CERT-GGI20141',1,'2025-10-08 15:30:58','2025-10-08 15:30:58'),(1754,'0.625\" Master Ring',0.625000,0.000031,'inches','NPL','CERT-NPW57066',1,'2025-10-08 15:30:58','2025-10-08 15:30:58'),(1755,'0.5\" Master Ring',0.500000,0.000025,'inches','BIPM','CERT-52893FOY',1,'2025-10-08 15:30:58','2025-10-08 15:30:58'),(1756,'0.75\" Master Plug',0.750000,0.000038,'inches','NIST','CERT-RKF29423',1,'2025-10-08 15:30:58','2025-10-08 15:30:58'),(1757,'0.5\" Grade 0',0.500000,0.000010,'inches','PTB','CERT-KSM19833',1,'2025-10-08 15:30:58','2025-10-08 15:30:58'),(1758,'0.5\" Grade 0',0.500000,0.000010,'inches','PTB','CERT-EOI27528',1,'2025-10-08 15:30:58','2025-10-08 15:30:58'),(1759,'0.75\" Master Plug',0.750000,0.000038,'inches','PTB','CERT-07227PHN',1,'2025-10-08 15:30:58','2025-10-08 15:30:58'),(1760,'4\" Grade 0',4.000000,0.000080,'inches','NIST','CERT-88891YKZ',1,'2025-10-08 15:30:58','2025-10-08 15:30:58'),(1761,'2.9573\" Reference',2.957300,0.000030,'inches','NPL','CERT-ACY43347',1,'2025-10-08 15:30:58','2025-10-08 15:30:58'),(1762,'1\" Master Plug',1.000000,0.000050,'inches','NPL','CERT-GEL61758',1,'2025-10-08 15:30:58','2025-10-08 15:30:58'),(1763,'0.25\" Grade 0',0.250000,0.000005,'inches','PTB','CERT-71600SJQ',0,'2025-10-08 15:30:58','2025-10-08 15:30:58'),(1764,'0.1\" Grade 0',0.100000,0.000002,'inches','NIST','CERT-FTE25280',1,'2025-10-08 15:30:58','2025-10-08 15:30:58'),(1765,'7.5990\" Reference',7.599000,0.000076,'inches','NPL','CERT-16584IOT',0,'2025-10-08 15:30:58','2025-10-08 15:30:58'),(1766,'9.7761\" Reference',9.776100,0.000098,'inches','BIPM','CERT-91729GKA',1,'2025-10-08 15:30:58','2025-10-08 15:30:58'),(1767,'0.5\" Grade 0',0.500000,0.000010,'inches','PTB','CERT-RUJ21380',1,'2025-10-08 15:30:58','2025-10-08 15:30:58');
/*!40000 ALTER TABLE `gauge_calibration_standard_specifications` ENABLE KEYS */;
UNLOCK TABLES;

--
-- Table structure for table `gauge_calibrations`
--

DROP TABLE IF EXISTS `gauge_calibrations`;
/*!40101 SET @saved_cs_client     = @@character_set_client */;
/*!50503 SET character_set_client = utf8mb4 */;
CREATE TABLE `gauge_calibrations` (
  `id` int NOT NULL AUTO_INCREMENT,
  `gauge_id` int NOT NULL,
  `calibration_date` date NOT NULL,
  `due_date` date NOT NULL,
  `certificate_number` varchar(100) NOT NULL,
  `calibrated_by` varchar(255) NOT NULL,
  `calibration_company` varchar(255) DEFAULT NULL,
  `passed` tinyint(1) NOT NULL DEFAULT '1',
  `is_sealed` tinyint(1) DEFAULT '0',
  `measurements` json DEFAULT NULL,
  `notes` text,
  `document_path` varchar(500) DEFAULT NULL,
  `created_at` timestamp NULL DEFAULT CURRENT_TIMESTAMP,
  `created_by` int NOT NULL,
  PRIMARY KEY (`id`),
  KEY `created_by` (`created_by`),
  KEY `idx_gauge_date` (`gauge_id`,`calibration_date` DESC),
  KEY `idx_due_date` (`due_date`),
  KEY `idx_certificate` (`certificate_number`),
  CONSTRAINT `gauge_calibrations_ibfk_1` FOREIGN KEY (`gauge_id`) REFERENCES `gauges` (`id`) ON DELETE CASCADE,
  CONSTRAINT `gauge_calibrations_ibfk_2` FOREIGN KEY (`created_by`) REFERENCES `core_users` (`id`)
) ENGINE=InnoDB AUTO_INCREMENT=193 DEFAULT CHARSET=utf8mb4 COLLATE=utf8mb4_0900_ai_ci;
/*!40101 SET character_set_client = @saved_cs_client */;

--
-- Dumping data for table `gauge_calibrations`
--
-- ORDER BY:  `id`

LOCK TABLES `gauge_calibrations` WRITE;
/*!40000 ALTER TABLE `gauge_calibrations` DISABLE KEYS */;
INSERT INTO `gauge_calibrations` (`id`, `gauge_id`, `calibration_date`, `due_date`, `certificate_number`, `calibrated_by`, `calibration_company`, `passed`, `is_sealed`, `measurements`, `notes`, `document_path`, `created_at`, `created_by`) VALUES (46,1598,'2024-12-15','2025-12-15','CAL-TH-8415','External Calibration Lab','Quality Metrology',1,0,NULL,'Calibration performed per manufacturer specifications. All measurements within tolerance.',NULL,'2025-10-08 15:40:34',7),(47,1599,'2025-02-23','2026-02-23','CAL-TH-5887','External Calibration Lab','Quality Metrology',1,0,NULL,'Calibration performed per manufacturer specifications. All measurements within tolerance.',NULL,'2025-10-08 15:40:34',7),(48,1600,'2025-08-15','2026-08-15','CAL-TH-8848','External Calibration Lab','Acme Calibration',1,0,NULL,'Calibration performed per manufacturer specifications. All measurements within tolerance.',NULL,'2025-10-08 15:40:34',7),(49,1612,'2025-01-15','2026-01-15','CAL-TH-6287','External Calibration Lab','Acme Calibration',1,0,NULL,'Calibration performed per manufacturer specifications. All measurements within tolerance.',NULL,'2025-10-08 15:40:34',7),(50,1636,'2025-02-08','2026-02-08','CAL-TH-9377','External Calibration Lab','Precision Standards Inc',1,0,NULL,'Calibration performed per manufacturer specifications. All measurements within tolerance.',NULL,'2025-10-08 15:40:34',7),(51,1638,'2025-02-07','2026-02-07','CAL-TH-7600','External Calibration Lab','Quality Metrology',1,0,NULL,'Calibration performed per manufacturer specifications. All measurements within tolerance.',NULL,'2025-10-08 15:40:34',7),(52,1582,'2025-02-09','2026-02-09','CAL-TH-4002','External Calibration Lab','Certified Cal Labs',1,0,NULL,'Calibration performed per manufacturer specifications. All measurements within tolerance.',NULL,'2025-10-08 15:40:34',7),(53,1604,'2024-06-17','2025-06-17','CAL-TH-6406','External Calibration Lab','Quality Metrology',1,0,NULL,'Calibration performed per manufacturer specifications. All measurements within tolerance.',NULL,'2025-10-08 15:40:34',7),(54,1610,'2024-10-28','2025-10-28','CAL-TH-5581','External Calibration Lab','Quality Metrology',1,0,NULL,'Calibration performed per manufacturer specifications. All measurements within tolerance.',NULL,'2025-10-08 15:40:35',7),(55,1624,'2025-05-19','2026-05-19','CAL-TH-1942','External Calibration Lab','Quality Metrology',1,0,NULL,'Calibration performed per manufacturer specifications. All measurements within tolerance.',NULL,'2025-10-08 15:40:35',7),(56,1569,'2024-06-11','2025-06-11','CAL-TH-9640','External Calibration Lab','Precision Standards Inc',1,0,NULL,'Calibration performed per manufacturer specifications. All measurements within tolerance.',NULL,'2025-10-08 15:40:35',7),(57,1571,'2025-03-29','2026-03-29','CAL-TH-8303','External Calibration Lab','Quality Metrology',1,0,NULL,'Calibration performed per manufacturer specifications. All measurements within tolerance.',NULL,'2025-10-08 15:40:35',7),(58,1609,'2025-03-17','2026-03-17','CAL-TH-4363','External Calibration Lab','Precision Standards Inc',1,0,NULL,'Calibration performed per manufacturer specifications. All measurements within tolerance.',NULL,'2025-10-08 15:40:35',7),(59,1615,'2024-08-01','2025-08-01','CAL-TH-4732','External Calibration Lab','Acme Calibration',1,0,NULL,'Calibration performed per manufacturer specifications. All measurements within tolerance.',NULL,'2025-10-08 15:40:35',7),(60,1618,'2025-02-14','2026-02-14','CAL-TH-3479','External Calibration Lab','Quality Metrology',1,0,NULL,'Calibration performed per manufacturer specifications. All measurements within tolerance.',NULL,'2025-10-08 15:40:35',7),(61,1622,'2025-03-06','2026-03-06','CAL-TH-6283','External Calibration Lab','Precision Standards Inc',1,0,NULL,'Calibration performed per manufacturer specifications. All measurements within tolerance.',NULL,'2025-10-08 15:40:35',7),(62,1627,'2025-06-14','2026-06-14','CAL-TH-3411','External Calibration Lab','Acme Calibration',1,0,NULL,'Calibration performed per manufacturer specifications. All measurements within tolerance.',NULL,'2025-10-08 15:40:35',7),(63,1639,'2024-11-13','2025-11-13','CAL-TH-9239','External Calibration Lab','Quality Metrology',1,0,NULL,'Calibration performed per manufacturer specifications. All measurements within tolerance.',NULL,'2025-10-08 15:40:35',7),(64,1640,'2024-12-18','2025-12-18','CAL-TH-8591','External Calibration Lab','Precision Standards Inc',1,0,NULL,'Calibration performed per manufacturer specifications. All measurements within tolerance.',NULL,'2025-10-08 15:40:35',7),(65,1645,'2025-05-16','2026-05-16','CAL-TH-5917','External Calibration Lab','Precision Standards Inc',1,0,NULL,'Calibration performed per manufacturer specifications. All measurements within tolerance.',NULL,'2025-10-08 15:40:35',7),(66,1570,'2024-11-11','2025-11-11','CAL-TH-7395','External Calibration Lab','Quality Metrology',1,0,NULL,'Calibration performed per manufacturer specifications. All measurements within tolerance.',NULL,'2025-10-08 15:40:35',7),(67,1585,'2025-01-21','2026-01-21','CAL-TH-9942','External Calibration Lab','Certified Cal Labs',1,0,NULL,'Calibration performed per manufacturer specifications. All measurements within tolerance.',NULL,'2025-10-08 15:40:35',7),(68,1588,'2024-12-05','2025-12-05','CAL-TH-1835','External Calibration Lab','Quality Metrology',1,0,NULL,'Calibration performed per manufacturer specifications. All measurements within tolerance.',NULL,'2025-10-08 15:40:35',7),(69,1589,'2025-06-22','2026-06-22','CAL-TH-1350','External Calibration Lab','Certified Cal Labs',1,0,NULL,'Calibration performed per manufacturer specifications. All measurements within tolerance.',NULL,'2025-10-08 15:40:35',7),(70,1591,'2025-01-13','2026-01-13','CAL-TH-1662','External Calibration Lab','Quality Metrology',1,0,NULL,'Calibration performed per manufacturer specifications. All measurements within tolerance.',NULL,'2025-10-08 15:40:35',7),(71,1592,'2025-03-25','2026-03-25','CAL-TH-8353','External Calibration Lab','Acme Calibration',1,0,NULL,'Calibration performed per manufacturer specifications. All measurements within tolerance.',NULL,'2025-10-08 15:40:35',7),(72,1594,'2024-10-18','2025-10-18','CAL-TH-3923','External Calibration Lab','Acme Calibration',1,0,NULL,'Calibration performed per manufacturer specifications. All measurements within tolerance.',NULL,'2025-10-08 15:40:35',7),(73,1597,'2025-04-08','2026-04-08','CAL-TH-6765','External Calibration Lab','Certified Cal Labs',1,0,NULL,'Calibration performed per manufacturer specifications. All measurements within tolerance.',NULL,'2025-10-08 15:40:35',7),(74,1601,'2024-12-29','2025-12-29','CAL-TH-4865','External Calibration Lab','Certified Cal Labs',1,0,NULL,'Calibration performed per manufacturer specifications. All measurements within tolerance.',NULL,'2025-10-08 15:40:35',7),(75,1603,'2025-01-31','2026-01-31','CAL-TH-6775','External Calibration Lab','Precision Standards Inc',1,0,NULL,'Calibration performed per manufacturer specifications. All measurements within tolerance.',NULL,'2025-10-08 15:40:35',7),(76,1607,'2025-05-27','2026-05-27','CAL-TH-7974','External Calibration Lab','Certified Cal Labs',1,0,NULL,'Calibration performed per manufacturer specifications. All measurements within tolerance.',NULL,'2025-10-08 15:40:35',7),(77,1623,'2025-07-17','2026-07-17','CAL-TH-1892','External Calibration Lab','Certified Cal Labs',1,0,NULL,'Calibration performed per manufacturer specifications. All measurements within tolerance.',NULL,'2025-10-08 15:40:35',7),(78,1630,'2025-01-10','2026-01-10','CAL-TH-9915','External Calibration Lab','Acme Calibration',1,0,NULL,'Calibration performed per manufacturer specifications. All measurements within tolerance.',NULL,'2025-10-08 15:40:35',7),(79,1632,'2025-03-06','2026-03-06','CAL-TH-3156','External Calibration Lab','Acme Calibration',1,0,NULL,'Calibration performed per manufacturer specifications. All measurements within tolerance.',NULL,'2025-10-08 15:40:35',7),(80,1568,'2025-06-18','2026-06-18','CAL-TH-4709','External Calibration Lab','Quality Metrology',1,0,NULL,'Calibration performed per manufacturer specifications. All measurements within tolerance.',NULL,'2025-10-08 15:40:35',7),(81,1578,'2025-06-10','2026-06-10','CAL-TH-7122','External Calibration Lab','Quality Metrology',1,0,NULL,'Calibration performed per manufacturer specifications. All measurements within tolerance.',NULL,'2025-10-08 15:40:35',7),(82,1579,'2025-03-17','2026-03-17','CAL-TH-2625','External Calibration Lab','Certified Cal Labs',1,0,NULL,'Calibration performed per manufacturer specifications. All measurements within tolerance.',NULL,'2025-10-08 15:40:35',7),(83,1580,'2025-02-05','2026-02-05','CAL-TH-8633','External Calibration Lab','Precision Standards Inc',1,0,NULL,'Calibration performed per manufacturer specifications. All measurements within tolerance.',NULL,'2025-10-08 15:40:35',7),(84,1581,'2025-01-20','2026-01-20','CAL-TH-1832','External Calibration Lab','Acme Calibration',1,0,NULL,'Calibration performed per manufacturer specifications. All measurements within tolerance.',NULL,'2025-10-08 15:40:35',7),(85,1583,'2025-01-14','2026-01-14','CAL-TH-3216','External Calibration Lab','Certified Cal Labs',1,0,NULL,'Calibration performed per manufacturer specifications. All measurements within tolerance.',NULL,'2025-10-08 15:40:35',7),(86,1590,'2024-06-28','2025-06-28','CAL-TH-5705','External Calibration Lab','Certified Cal Labs',1,0,NULL,'Calibration performed per manufacturer specifications. All measurements within tolerance.',NULL,'2025-10-08 15:40:35',7),(87,1606,'2025-06-05','2026-06-05','CAL-TH-1282','External Calibration Lab','Acme Calibration',1,0,NULL,'Calibration performed per manufacturer specifications. All measurements within tolerance.',NULL,'2025-10-08 15:40:35',7),(88,1608,'2025-02-26','2026-02-26','CAL-TH-4884','External Calibration Lab','Certified Cal Labs',1,0,NULL,'Calibration performed per manufacturer specifications. All measurements within tolerance.',NULL,'2025-10-08 15:40:35',7),(89,1626,'2024-07-11','2025-07-11','CAL-TH-7404','External Calibration Lab','Acme Calibration',1,0,NULL,'Calibration performed per manufacturer specifications. All measurements within tolerance.',NULL,'2025-10-08 15:40:35',7),(90,1634,'2025-01-13','2026-01-13','CAL-TH-1596','External Calibration Lab','Quality Metrology',1,0,NULL,'Calibration performed per manufacturer specifications. All measurements within tolerance.',NULL,'2025-10-08 15:40:35',7),(91,1637,'2025-05-04','2026-05-04','CAL-TH-8250','External Calibration Lab','Certified Cal Labs',1,0,NULL,'Calibration performed per manufacturer specifications. All measurements within tolerance.',NULL,'2025-10-08 15:40:35',7),(92,1641,'2025-05-23','2026-05-23','CAL-TH-6990','External Calibration Lab','Certified Cal Labs',1,0,NULL,'Calibration performed per manufacturer specifications. All measurements within tolerance.',NULL,'2025-10-08 15:40:35',7),(93,1642,'2025-04-03','2026-04-03','CAL-TH-5880','External Calibration Lab','Precision Standards Inc',1,0,NULL,'Calibration performed per manufacturer specifications. All measurements within tolerance.',NULL,'2025-10-08 15:40:35',7),(94,1574,'2025-05-28','2026-05-28','CAL-TH-2166','External Calibration Lab','Quality Metrology',1,0,NULL,'Calibration performed per manufacturer specifications. All measurements within tolerance.',NULL,'2025-10-08 15:40:35',7),(95,1605,'2024-12-23','2025-12-23','CAL-TH-2971','External Calibration Lab','Certified Cal Labs',1,0,NULL,'Calibration performed per manufacturer specifications. All measurements within tolerance.',NULL,'2025-10-08 15:40:35',7),(96,1613,'2025-06-06','2026-06-06','CAL-TH-7203','External Calibration Lab','Acme Calibration',1,0,NULL,'Calibration performed per manufacturer specifications. All measurements within tolerance.',NULL,'2025-10-08 15:40:35',7),(97,1614,'2025-06-15','2026-06-15','CAL-TH-4736','External Calibration Lab','Quality Metrology',1,0,NULL,'Calibration performed per manufacturer specifications. All measurements within tolerance.',NULL,'2025-10-08 15:40:35',7),(98,1655,'2025-01-23','2026-01-23','CAL-HA-4190','External Calibration Lab','Acme Calibration',1,0,NULL,'Calibration performed per manufacturer specifications. All measurements within tolerance.',NULL,'2025-10-08 15:40:35',7),(99,1658,'2025-08-08','2026-08-08','CAL-HA-8525','External Calibration Lab','Certified Cal Labs',1,0,NULL,'Calibration performed per manufacturer specifications. All measurements within tolerance.',NULL,'2025-10-08 15:40:35',7),(100,1659,'2024-08-03','2025-08-03','CAL-HA-2452','External Calibration Lab','Certified Cal Labs',1,0,NULL,'Calibration performed per manufacturer specifications. All measurements within tolerance.',NULL,'2025-10-08 15:40:35',7),(101,1668,'2025-08-25','2026-08-25','CAL-HA-4540','External Calibration Lab','Certified Cal Labs',1,0,NULL,'Calibration performed per manufacturer specifications. All measurements within tolerance.',NULL,'2025-10-08 15:40:35',7),(102,1669,'2025-07-25','2026-07-25','CAL-HA-2884','External Calibration Lab','Certified Cal Labs',1,0,NULL,'Calibration performed per manufacturer specifications. All measurements within tolerance.',NULL,'2025-10-08 15:40:35',7),(103,1672,'2025-07-24','2026-07-24','CAL-HA-2187','External Calibration Lab','Quality Metrology',1,0,NULL,'Calibration performed per manufacturer specifications. All measurements within tolerance.',NULL,'2025-10-08 15:40:35',7),(104,1673,'2025-01-31','2026-01-31','CAL-HA-8700','External Calibration Lab','Precision Standards Inc',1,0,NULL,'Calibration performed per manufacturer specifications. All measurements within tolerance.',NULL,'2025-10-08 15:40:35',7),(105,1675,'2025-02-14','2026-02-14','CAL-HA-5992','External Calibration Lab','Certified Cal Labs',1,0,NULL,'Calibration performed per manufacturer specifications. All measurements within tolerance.',NULL,'2025-10-08 15:40:35',7),(106,1682,'2025-03-19','2026-03-19','CAL-HA-6747','External Calibration Lab','Certified Cal Labs',1,0,NULL,'Calibration performed per manufacturer specifications. All measurements within tolerance.',NULL,'2025-10-08 15:40:35',7),(107,1683,'2025-01-12','2026-01-12','CAL-HA-7936','External Calibration Lab','Quality Metrology',1,0,NULL,'Calibration performed per manufacturer specifications. All measurements within tolerance.',NULL,'2025-10-08 15:40:35',7),(108,1685,'2025-03-13','2026-03-13','CAL-HA-3412','External Calibration Lab','Certified Cal Labs',1,0,NULL,'Calibration performed per manufacturer specifications. All measurements within tolerance.',NULL,'2025-10-08 15:40:35',7),(109,1693,'2025-02-09','2026-02-09','CAL-HA-7104','External Calibration Lab','Acme Calibration',1,0,NULL,'Calibration performed per manufacturer specifications. All measurements within tolerance.',NULL,'2025-10-08 15:40:35',7),(110,1703,'2025-02-10','2026-02-10','CAL-HA-6836','External Calibration Lab','Acme Calibration',1,0,NULL,'Calibration performed per manufacturer specifications. All measurements within tolerance.',NULL,'2025-10-08 15:40:35',7),(111,1650,'2025-03-04','2026-03-04','CAL-HA-7529','External Calibration Lab','Acme Calibration',1,0,NULL,'Calibration performed per manufacturer specifications. All measurements within tolerance.',NULL,'2025-10-08 15:40:35',7),(112,1652,'2024-12-21','2025-12-21','CAL-HA-4529','External Calibration Lab','Certified Cal Labs',1,0,NULL,'Calibration performed per manufacturer specifications. All measurements within tolerance.',NULL,'2025-10-08 15:40:35',7),(113,1662,'2025-02-13','2026-02-13','CAL-HA-6173','External Calibration Lab','Acme Calibration',1,0,NULL,'Calibration performed per manufacturer specifications. All measurements within tolerance.',NULL,'2025-10-08 15:40:35',7),(114,1664,'2025-02-23','2026-02-23','CAL-HA-7256','External Calibration Lab','Certified Cal Labs',1,0,NULL,'Calibration performed per manufacturer specifications. All measurements within tolerance.',NULL,'2025-10-08 15:40:35',7),(115,1674,'2024-12-10','2025-12-10','CAL-HA-7194','External Calibration Lab','Quality Metrology',1,0,NULL,'Calibration performed per manufacturer specifications. All measurements within tolerance.',NULL,'2025-10-08 15:40:35',7),(116,1678,'2024-08-08','2025-08-08','CAL-HA-8122','External Calibration Lab','Quality Metrology',1,0,NULL,'Calibration performed per manufacturer specifications. All measurements within tolerance.',NULL,'2025-10-08 15:40:35',7),(117,1681,'2024-06-25','2025-06-25','CAL-HA-2106','External Calibration Lab','Certified Cal Labs',1,0,NULL,'Calibration performed per manufacturer specifications. All measurements within tolerance.',NULL,'2025-10-08 15:40:35',7),(118,1686,'2025-01-30','2026-01-30','CAL-HA-1038','External Calibration Lab','Quality Metrology',1,0,NULL,'Calibration performed per manufacturer specifications. All measurements within tolerance.',NULL,'2025-10-08 15:40:35',7),(119,1687,'2025-04-06','2026-04-06','CAL-HA-1474','External Calibration Lab','Precision Standards Inc',1,0,NULL,'Calibration performed per manufacturer specifications. All measurements within tolerance.',NULL,'2025-10-08 15:40:35',7),(120,1691,'2024-10-17','2025-10-17','CAL-HA-5233','External Calibration Lab','Precision Standards Inc',1,0,NULL,'Calibration performed per manufacturer specifications. All measurements within tolerance.',NULL,'2025-10-08 15:40:35',7),(121,1692,'2025-01-23','2026-01-23','CAL-HA-1205','External Calibration Lab','Certified Cal Labs',1,0,NULL,'Calibration performed per manufacturer specifications. All measurements within tolerance.',NULL,'2025-10-08 15:40:35',7),(122,1696,'2025-02-22','2026-02-22','CAL-HA-4549','External Calibration Lab','Acme Calibration',1,0,NULL,'Calibration performed per manufacturer specifications. All measurements within tolerance.',NULL,'2025-10-08 15:40:35',7),(123,1698,'2025-07-23','2026-07-23','CAL-HA-1261','External Calibration Lab','Precision Standards Inc',1,0,NULL,'Calibration performed per manufacturer specifications. All measurements within tolerance.',NULL,'2025-10-08 15:40:35',7),(124,1699,'2025-03-28','2026-03-28','CAL-HA-3728','External Calibration Lab','Precision Standards Inc',1,0,NULL,'Calibration performed per manufacturer specifications. All measurements within tolerance.',NULL,'2025-10-08 15:40:35',7),(125,1700,'2025-03-27','2026-03-27','CAL-HA-5229','External Calibration Lab','Precision Standards Inc',1,0,NULL,'Calibration performed per manufacturer specifications. All measurements within tolerance.',NULL,'2025-10-08 15:40:35',7),(126,1701,'2025-01-31','2026-01-31','CAL-HA-4490','External Calibration Lab','Certified Cal Labs',1,0,NULL,'Calibration performed per manufacturer specifications. All measurements within tolerance.',NULL,'2025-10-08 15:40:35',7),(127,1705,'2025-03-31','2026-03-31','CAL-HA-8960','External Calibration Lab','Certified Cal Labs',1,0,NULL,'Calibration performed per manufacturer specifications. All measurements within tolerance.',NULL,'2025-10-08 15:40:35',7),(128,1651,'2024-12-30','2025-12-30','CAL-HA-1872','External Calibration Lab','Acme Calibration',1,0,NULL,'Calibration performed per manufacturer specifications. All measurements within tolerance.',NULL,'2025-10-08 15:40:35',7),(129,1653,'2024-11-02','2025-11-02','CAL-HA-1868','External Calibration Lab','Quality Metrology',1,0,NULL,'Calibration performed per manufacturer specifications. All measurements within tolerance.',NULL,'2025-10-08 15:40:35',7),(130,1654,'2024-12-30','2025-12-30','CAL-HA-7290','External Calibration Lab','Quality Metrology',1,0,NULL,'Calibration performed per manufacturer specifications. All measurements within tolerance.',NULL,'2025-10-08 15:40:35',7),(131,1657,'2025-03-29','2026-03-29','CAL-HA-4796','External Calibration Lab','Certified Cal Labs',1,0,NULL,'Calibration performed per manufacturer specifications. All measurements within tolerance.',NULL,'2025-10-08 15:40:35',7),(132,1660,'2025-04-15','2026-04-15','CAL-HA-5450','External Calibration Lab','Certified Cal Labs',1,0,NULL,'Calibration performed per manufacturer specifications. All measurements within tolerance.',NULL,'2025-10-08 15:40:35',7),(133,1663,'2024-07-12','2025-07-12','CAL-HA-7336','External Calibration Lab','Precision Standards Inc',1,0,NULL,'Calibration performed per manufacturer specifications. All measurements within tolerance.',NULL,'2025-10-08 15:40:35',7),(134,1666,'2025-03-19','2026-03-19','CAL-HA-1196','External Calibration Lab','Certified Cal Labs',1,0,NULL,'Calibration performed per manufacturer specifications. All measurements within tolerance.',NULL,'2025-10-08 15:40:35',7),(135,1667,'2024-07-24','2025-07-24','CAL-HA-9920','External Calibration Lab','Acme Calibration',1,0,NULL,'Calibration performed per manufacturer specifications. All measurements within tolerance.',NULL,'2025-10-08 15:40:35',7),(136,1670,'2025-03-06','2026-03-06','CAL-HA-5438','External Calibration Lab','Certified Cal Labs',1,0,NULL,'Calibration performed per manufacturer specifications. All measurements within tolerance.',NULL,'2025-10-08 15:40:35',7),(137,1671,'2025-03-08','2026-03-08','CAL-HA-8172','External Calibration Lab','Certified Cal Labs',1,0,NULL,'Calibration performed per manufacturer specifications. All measurements within tolerance.',NULL,'2025-10-08 15:40:35',7),(138,1684,'2025-06-06','2026-06-06','CAL-HA-4878','External Calibration Lab','Quality Metrology',1,0,NULL,'Calibration performed per manufacturer specifications. All measurements within tolerance.',NULL,'2025-10-08 15:40:35',7),(139,1690,'2025-03-11','2026-03-11','CAL-HA-5015','External Calibration Lab','Quality Metrology',1,0,NULL,'Calibration performed per manufacturer specifications. All measurements within tolerance.',NULL,'2025-10-08 15:40:35',7),(140,1702,'2024-11-21','2025-11-21','CAL-HA-4473','External Calibration Lab','Certified Cal Labs',1,0,NULL,'Calibration performed per manufacturer specifications. All measurements within tolerance.',NULL,'2025-10-08 15:40:36',7),(141,1649,'2024-11-19','2025-11-19','CAL-HA-3527','External Calibration Lab','Precision Standards Inc',1,0,NULL,'Calibration performed per manufacturer specifications. All measurements within tolerance.',NULL,'2025-10-08 15:40:36',7),(142,1661,'2024-11-20','2025-11-20','CAL-HA-2312','External Calibration Lab','Acme Calibration',1,0,NULL,'Calibration performed per manufacturer specifications. All measurements within tolerance.',NULL,'2025-10-08 15:40:36',7),(143,1665,'2025-05-05','2026-05-05','CAL-HA-1582','External Calibration Lab','Quality Metrology',1,0,NULL,'Calibration performed per manufacturer specifications. All measurements within tolerance.',NULL,'2025-10-08 15:40:36',7),(144,1677,'2024-10-23','2025-10-23','CAL-HA-8239','External Calibration Lab','Certified Cal Labs',1,0,NULL,'Calibration performed per manufacturer specifications. All measurements within tolerance.',NULL,'2025-10-08 15:40:36',7),(145,1679,'2024-11-13','2025-11-13','CAL-HA-4896','External Calibration Lab','Acme Calibration',1,0,NULL,'Calibration performed per manufacturer specifications. All measurements within tolerance.',NULL,'2025-10-08 15:40:36',7),(146,1680,'2024-11-25','2025-11-25','CAL-HA-7414','External Calibration Lab','Acme Calibration',1,0,NULL,'Calibration performed per manufacturer specifications. All measurements within tolerance.',NULL,'2025-10-08 15:40:36',7),(147,1688,'2025-01-08','2026-01-08','CAL-HA-3558','External Calibration Lab','Certified Cal Labs',1,0,NULL,'Calibration performed per manufacturer specifications. All measurements within tolerance.',NULL,'2025-10-08 15:40:36',7),(148,1689,'2025-02-24','2026-02-24','CAL-HA-3789','External Calibration Lab','Quality Metrology',1,0,NULL,'Calibration performed per manufacturer specifications. All measurements within tolerance.',NULL,'2025-10-08 15:40:36',7),(149,1694,'2025-08-06','2026-08-06','CAL-HA-5175','External Calibration Lab','Quality Metrology',1,0,NULL,'Calibration performed per manufacturer specifications. All measurements within tolerance.',NULL,'2025-10-08 15:40:36',7),(150,1695,'2025-07-26','2026-07-26','CAL-HA-9611','External Calibration Lab','Precision Standards Inc',1,0,NULL,'Calibration performed per manufacturer specifications. All measurements within tolerance.',NULL,'2025-10-08 15:40:36',7),(151,1697,'2025-03-12','2026-03-12','CAL-HA-1867','External Calibration Lab','Precision Standards Inc',1,0,NULL,'Calibration performed per manufacturer specifications. All measurements within tolerance.',NULL,'2025-10-08 15:40:36',7),(152,1704,'2025-06-02','2026-06-02','CAL-HA-6046','External Calibration Lab','Precision Standards Inc',1,0,NULL,'Calibration performed per manufacturer specifications. All measurements within tolerance.',NULL,'2025-10-08 15:40:36',7),(153,1706,'2025-03-18','2026-03-18','CAL-HA-3101','External Calibration Lab','Certified Cal Labs',1,0,NULL,'Calibration performed per manufacturer specifications. All measurements within tolerance.',NULL,'2025-10-08 15:40:36',7),(154,1707,'2024-07-09','2025-07-09','CAL-HA-6490','External Calibration Lab','Quality Metrology',1,0,NULL,'Calibration performed per manufacturer specifications. All measurements within tolerance.',NULL,'2025-10-08 15:40:36',7),(155,1724,'2025-02-23','2026-02-23','CAL-LA-7802','External Calibration Lab','Certified Cal Labs',1,0,NULL,'Calibration performed per manufacturer specifications. All measurements within tolerance.',NULL,'2025-10-08 15:40:36',7),(156,1725,'2025-05-21','2026-05-21','CAL-LA-9761','External Calibration Lab','Certified Cal Labs',1,0,NULL,'Calibration performed per manufacturer specifications. All measurements within tolerance.',NULL,'2025-10-08 15:40:36',7),(157,1727,'2025-07-02','2026-07-02','CAL-LA-7903','External Calibration Lab','Certified Cal Labs',1,0,NULL,'Calibration performed per manufacturer specifications. All measurements within tolerance.',NULL,'2025-10-08 15:40:36',7),(158,1729,'2025-01-07','2026-01-07','CAL-LA-6058','External Calibration Lab','Acme Calibration',1,0,NULL,'Calibration performed per manufacturer specifications. All measurements within tolerance.',NULL,'2025-10-08 15:40:36',7),(159,1730,'2025-01-09','2026-01-09','CAL-LA-6897','External Calibration Lab','Precision Standards Inc',1,0,NULL,'Calibration performed per manufacturer specifications. All measurements within tolerance.',NULL,'2025-10-08 15:40:36',7),(160,1734,'2025-01-20','2026-01-20','CAL-LA-8401','External Calibration Lab','Acme Calibration',1,0,NULL,'Calibration performed per manufacturer specifications. All measurements within tolerance.',NULL,'2025-10-08 15:40:36',7),(161,1710,'2025-01-06','2026-01-06','CAL-LA-1829','External Calibration Lab','Precision Standards Inc',1,0,NULL,'Calibration performed per manufacturer specifications. All measurements within tolerance.',NULL,'2025-10-08 15:40:36',7),(162,1711,'2024-12-23','2025-12-23','CAL-LA-2129','External Calibration Lab','Precision Standards Inc',1,0,NULL,'Calibration performed per manufacturer specifications. All measurements within tolerance.',NULL,'2025-10-08 15:40:36',7),(163,1713,'2025-04-05','2026-04-05','CAL-LA-2091','External Calibration Lab','Precision Standards Inc',1,0,NULL,'Calibration performed per manufacturer specifications. All measurements within tolerance.',NULL,'2025-10-08 15:40:36',7),(164,1722,'2025-02-22','2026-02-22','CAL-LA-1561','External Calibration Lab','Precision Standards Inc',1,0,NULL,'Calibration performed per manufacturer specifications. All measurements within tolerance.',NULL,'2025-10-08 15:40:36',7),(165,1733,'2025-03-13','2026-03-13','CAL-LA-8411','External Calibration Lab','Precision Standards Inc',1,0,NULL,'Calibration performed per manufacturer specifications. All measurements within tolerance.',NULL,'2025-10-08 15:40:36',7),(166,1739,'2024-08-13','2025-08-13','CAL-LA-3342','External Calibration Lab','Certified Cal Labs',1,0,NULL,'Calibration performed per manufacturer specifications. All measurements within tolerance.',NULL,'2025-10-08 15:40:36',7),(167,1741,'2025-04-08','2026-04-08','CAL-LA-9640','External Calibration Lab','Precision Standards Inc',1,0,NULL,'Calibration performed per manufacturer specifications. All measurements within tolerance.',NULL,'2025-10-08 15:40:36',7),(168,1742,'2025-03-03','2026-03-03','CAL-LA-6631','External Calibration Lab','Acme Calibration',1,0,NULL,'Calibration performed per manufacturer specifications. All measurements within tolerance.',NULL,'2025-10-08 15:40:36',7),(169,1716,'2025-02-24','2026-02-24','CAL-LA-8659','External Calibration Lab','Acme Calibration',1,0,NULL,'Calibration performed per manufacturer specifications. All measurements within tolerance.',NULL,'2025-10-08 15:40:36',7),(170,1721,'2025-01-10','2026-01-10','CAL-LA-2510','External Calibration Lab','Quality Metrology',1,0,NULL,'Calibration performed per manufacturer specifications. All measurements within tolerance.',NULL,'2025-10-08 15:40:36',7),(171,1726,'2025-07-03','2026-07-03','CAL-LA-7749','External Calibration Lab','Quality Metrology',1,0,NULL,'Calibration performed per manufacturer specifications. All measurements within tolerance.',NULL,'2025-10-08 15:40:36',7),(172,1709,'2024-08-17','2025-08-17','CAL-LA-5405','External Calibration Lab','Acme Calibration',1,0,NULL,'Calibration performed per manufacturer specifications. All measurements within tolerance.',NULL,'2025-10-08 15:40:36',7),(173,1715,'2025-08-18','2026-08-18','CAL-LA-6109','External Calibration Lab','Precision Standards Inc',1,0,NULL,'Calibration performed per manufacturer specifications. All measurements within tolerance.',NULL,'2025-10-08 15:40:36',7),(174,1720,'2025-01-24','2026-01-24','CAL-LA-9403','External Calibration Lab','Precision Standards Inc',1,0,NULL,'Calibration performed per manufacturer specifications. All measurements within tolerance.',NULL,'2025-10-08 15:40:36',7),(175,1728,'2025-07-26','2026-07-26','CAL-LA-6371','External Calibration Lab','Quality Metrology',1,0,NULL,'Calibration performed per manufacturer specifications. All measurements within tolerance.',NULL,'2025-10-08 15:40:36',7),(176,1736,'2025-01-26','2026-01-26','CAL-LA-5300','External Calibration Lab','Acme Calibration',1,0,NULL,'Calibration performed per manufacturer specifications. All measurements within tolerance.',NULL,'2025-10-08 15:40:36',7),(177,1737,'2024-12-29','2025-12-29','CAL-LA-3765','External Calibration Lab','Acme Calibration',1,0,NULL,'Calibration performed per manufacturer specifications. All measurements within tolerance.',NULL,'2025-10-08 15:40:36',7),(178,1740,'2025-01-28','2026-01-28','CAL-LA-2551','External Calibration Lab','Certified Cal Labs',1,0,NULL,'Calibration performed per manufacturer specifications. All measurements within tolerance.',NULL,'2025-10-08 15:40:36',7),(179,1708,'2024-11-13','2025-11-13','CAL-LA-4517','External Calibration Lab','Acme Calibration',1,0,NULL,'Calibration performed per manufacturer specifications. All measurements within tolerance.',NULL,'2025-10-08 15:40:36',7),(180,1717,'2025-02-06','2026-02-06','CAL-LA-1011','External Calibration Lab','Precision Standards Inc',1,0,NULL,'Calibration performed per manufacturer specifications. All measurements within tolerance.',NULL,'2025-10-08 15:40:36',7),(181,1718,'2024-11-20','2025-11-20','CAL-LA-2681','External Calibration Lab','Certified Cal Labs',1,0,NULL,'Calibration performed per manufacturer specifications. All measurements within tolerance.',NULL,'2025-10-08 15:40:36',7),(182,1719,'2025-03-11','2026-03-11','CAL-LA-6697','External Calibration Lab','Precision Standards Inc',1,0,NULL,'Calibration performed per manufacturer specifications. All measurements within tolerance.',NULL,'2025-10-08 15:40:36',7),(183,1723,'2024-07-10','2025-07-10','CAL-LA-6365','External Calibration Lab','Quality Metrology',1,0,NULL,'Calibration performed per manufacturer specifications. All measurements within tolerance.',NULL,'2025-10-08 15:40:36',7),(184,1731,'2024-06-19','2025-06-19','CAL-LA-3644','External Calibration Lab','Quality Metrology',1,0,NULL,'Calibration performed per manufacturer specifications. All measurements within tolerance.',NULL,'2025-10-08 15:40:36',7),(185,1735,'2024-12-30','2025-12-30','CAL-LA-6766','External Calibration Lab','Quality Metrology',1,0,NULL,'Calibration performed per manufacturer specifications. All measurements within tolerance.',NULL,'2025-10-08 15:40:36',7),(186,1760,'2022-11-08','2025-11-07','CAL-CA-4725','External Calibration Lab','Quality Metrology',1,0,NULL,'Calibration performed per manufacturer specifications. All measurements within tolerance.',NULL,'2025-10-08 15:40:36',7),(187,1763,'2022-06-22','2025-06-21','CAL-CA-1632','External Calibration Lab','Quality Metrology',1,0,NULL,'Calibration performed per manufacturer specifications. All measurements within tolerance.',NULL,'2025-10-08 15:40:36',7),(188,1764,'2023-08-09','2026-08-08','CAL-CA-1915','External Calibration Lab','Quality Metrology',1,0,NULL,'Calibration performed per manufacturer specifications. All measurements within tolerance.',NULL,'2025-10-08 15:40:36',7),(189,1743,'2023-01-29','2026-01-28','CAL-CA-1262','External Calibration Lab','Precision Standards Inc',1,0,NULL,'Calibration performed per manufacturer specifications. All measurements within tolerance.',NULL,'2025-10-08 15:40:36',7),(190,1745,'2023-09-23','2026-09-22','CAL-CA-1618','External Calibration Lab','Quality Metrology',1,0,NULL,'Calibration performed per manufacturer specifications. All measurements within tolerance.',NULL,'2025-10-08 15:40:36',7),(191,1755,'2022-11-25','2025-11-24','CAL-CA-4733','External Calibration Lab','Certified Cal Labs',1,0,NULL,'Calibration performed per manufacturer specifications. All measurements within tolerance.',NULL,'2025-10-08 15:40:36',7),(192,1761,'2023-03-07','2026-03-06','CAL-CA-1125','External Calibration Lab','Precision Standards Inc',1,0,NULL,'Calibration performed per manufacturer specifications. All measurements within tolerance.',NULL,'2025-10-08 15:40:36',7);
/*!40000 ALTER TABLE `gauge_calibrations` ENABLE KEYS */;
UNLOCK TABLES;

--
-- Table structure for table `gauge_categories`
--

DROP TABLE IF EXISTS `gauge_categories`;
/*!40101 SET @saved_cs_client     = @@character_set_client */;
/*!50503 SET character_set_client = utf8mb4 */;
CREATE TABLE `gauge_categories` (
  `id` int NOT NULL AUTO_INCREMENT,
  `equipment_type` enum('thread_gauge','hand_tool','large_equipment','calibration_standard') NOT NULL,
  `display_order` int DEFAULT '0',
  `name` varchar(100) NOT NULL,
  `prefix` varchar(10) NOT NULL,
  `description` text,
  `default_calibration_days` int NOT NULL,
  `next_number` int DEFAULT '1',
  `is_active` tinyint(1) DEFAULT '1',
  `created_at` timestamp NULL DEFAULT CURRENT_TIMESTAMP,
  PRIMARY KEY (`id`),
  UNIQUE KEY `name` (`name`),
  KEY `idx_equipment_type` (`equipment_type`,`is_active`,`display_order`)
) ENGINE=InnoDB AUTO_INCREMENT=61 DEFAULT CHARSET=utf8mb4 COLLATE=utf8mb4_0900_ai_ci;
/*!40101 SET character_set_client = @saved_cs_client */;

--
-- Dumping data for table `gauge_categories`
--
-- ORDER BY:  `id`

LOCK TABLES `gauge_categories` WRITE;
/*!40000 ALTER TABLE `gauge_categories` DISABLE KEYS */;
INSERT INTO `gauge_categories` (`id`, `equipment_type`, `display_order`, `name`, `prefix`, `description`, `default_calibration_days`, `next_number`, `is_active`, `created_at`) VALUES (41,'thread_gauge',1,'Standard','SP',NULL,365,18,1,'2025-09-17 20:31:57'),(42,'thread_gauge',2,'Metric','MP',NULL,365,13,1,'2025-09-17 20:31:57'),(43,'thread_gauge',3,'ACME','AC',NULL,365,13,1,'2025-09-17 20:31:57'),(44,'thread_gauge',4,'NPT','NPT',NULL,365,15,1,'2025-09-17 20:31:57'),(45,'thread_gauge',5,'STI','ST',NULL,365,8,1,'2025-09-17 20:31:57'),(46,'thread_gauge',6,'Spiralock','SL',NULL,365,19,1,'2025-09-17 20:31:57'),(47,'hand_tool',1,'Caliper','CA',NULL,365,20,1,'2025-09-17 20:31:57'),(48,'hand_tool',2,'Micrometer','MI',NULL,365,15,1,'2025-09-17 20:31:57'),(49,'hand_tool',3,'Depth Gauge','DG',NULL,365,14,1,'2025-09-17 20:31:57'),(50,'hand_tool',4,'Bore Gauge','BG',NULL,365,15,1,'2025-09-17 20:31:57'),(51,'large_equipment',1,'CMM','CMM',NULL,365,3,1,'2025-09-17 20:31:57'),(52,'large_equipment',2,'Optical Comparator','OC',NULL,365,10,1,'2025-09-17 20:31:57'),(53,'large_equipment',3,'Height Gauge','HG',NULL,365,9,1,'2025-09-17 20:31:57'),(54,'large_equipment',4,'Surface Plate','SPL',NULL,365,8,1,'2025-09-17 20:31:57'),(55,'large_equipment',5,'Hardness Tester','HT',NULL,365,5,1,'2025-09-17 20:31:57'),(56,'large_equipment',6,'Force/Torque Tester','FT',NULL,365,6,1,'2025-09-17 20:31:57'),(57,'calibration_standard',1,'Gauge Block','GB',NULL,365,8,1,'2025-09-17 20:31:57'),(58,'calibration_standard',2,'Master Ring','MRS',NULL,365,9,1,'2025-09-17 20:31:57'),(59,'calibration_standard',3,'Master Plug','MPS',NULL,365,6,1,'2025-09-17 20:31:57'),(60,'calibration_standard',4,'Reference Standard','RS',NULL,365,6,1,'2025-09-17 20:31:57');
/*!40000 ALTER TABLE `gauge_categories` ENABLE KEYS */;
UNLOCK TABLES;

--
-- Temporary view structure for view `gauge_category_equipment_map`
--

DROP TABLE IF EXISTS `gauge_category_equipment_map`;
/*!50001 DROP VIEW IF EXISTS `gauge_category_equipment_map`*/;
SET @saved_cs_client     = @@character_set_client;
/*!50503 SET character_set_client = utf8mb4 */;
/*!50001 CREATE VIEW `gauge_category_equipment_map` AS SELECT 
 1 AS `category_id`,
 1 AS `category_name`,
 1 AS `prefix`,
 1 AS `equipment_type`*/;
SET character_set_client = @saved_cs_client;

--
-- Table structure for table `gauge_companion_history`
--

DROP TABLE IF EXISTS `gauge_companion_history`;
/*!40101 SET @saved_cs_client     = @@character_set_client */;
/*!50503 SET character_set_client = utf8mb4 */;
CREATE TABLE `gauge_companion_history` (
  `id` int NOT NULL AUTO_INCREMENT,
  `gauge_id` int NOT NULL,
  `companion_gauge_id` int NOT NULL,
  `action` enum('paired','unpaired','replaced') NOT NULL,
  `reason` varchar(255) DEFAULT NULL,
  `changed_by` int NOT NULL,
  `created_at` timestamp NULL DEFAULT CURRENT_TIMESTAMP,
  PRIMARY KEY (`id`),
  KEY `companion_gauge_id` (`companion_gauge_id`),
  KEY `changed_by` (`changed_by`),
  KEY `idx_gauge_history` (`gauge_id`,`created_at`),
  CONSTRAINT `gauge_companion_history_ibfk_1` FOREIGN KEY (`gauge_id`) REFERENCES `gauges` (`id`) ON DELETE CASCADE,
  CONSTRAINT `gauge_companion_history_ibfk_2` FOREIGN KEY (`companion_gauge_id`) REFERENCES `gauges` (`id`) ON DELETE CASCADE,
  CONSTRAINT `gauge_companion_history_ibfk_3` FOREIGN KEY (`changed_by`) REFERENCES `core_users` (`id`)
) ENGINE=InnoDB DEFAULT CHARSET=utf8mb4 COLLATE=utf8mb4_0900_ai_ci;
/*!40101 SET character_set_client = @saved_cs_client */;

--
-- Dumping data for table `gauge_companion_history`
--
-- ORDER BY:  `id`

LOCK TABLES `gauge_companion_history` WRITE;
/*!40000 ALTER TABLE `gauge_companion_history` DISABLE KEYS */;
/*!40000 ALTER TABLE `gauge_companion_history` ENABLE KEYS */;
UNLOCK TABLES;

--
-- Table structure for table `gauge_hand_tool_specifications`
--

DROP TABLE IF EXISTS `gauge_hand_tool_specifications`;
/*!40101 SET @saved_cs_client     = @@character_set_client */;
/*!50503 SET character_set_client = utf8mb4 */;
CREATE TABLE `gauge_hand_tool_specifications` (
  `gauge_id` int NOT NULL,
  `tool_type` varchar(20) NOT NULL COMMENT 'caliper, micrometer, depth_gauge, bore_gauge',
  `format` varchar(20) NOT NULL COMMENT 'digital, dial',
  `range_min` decimal(10,4) NOT NULL COMMENT 'Minimum measurement value',
  `range_max` decimal(10,4) NOT NULL COMMENT 'Maximum measurement value',
  `range_unit` varchar(10) DEFAULT 'inches' COMMENT 'inches, mm',
  `resolution` decimal(10,6) NOT NULL COMMENT 'Measurement resolution',
  `ownership_type` varchar(20) DEFAULT 'company' COMMENT 'company, employee',
  `owner_employee_id` int DEFAULT NULL COMMENT 'If employee-owned',
  `created_at` timestamp NULL DEFAULT CURRENT_TIMESTAMP,
  `updated_at` timestamp NULL DEFAULT CURRENT_TIMESTAMP ON UPDATE CURRENT_TIMESTAMP,
  PRIMARY KEY (`gauge_id`),
  KEY `owner_employee_id` (`owner_employee_id`),
  KEY `idx_tool_type` (`tool_type`,`format`),
  KEY `idx_ownership` (`ownership_type`,`owner_employee_id`),
  CONSTRAINT `gauge_hand_tool_specifications_ibfk_1` FOREIGN KEY (`gauge_id`) REFERENCES `gauges` (`id`) ON DELETE CASCADE,
  CONSTRAINT `gauge_hand_tool_specifications_ibfk_2` FOREIGN KEY (`owner_employee_id`) REFERENCES `core_users` (`id`),
  CONSTRAINT `chk_ownership_validation` CHECK ((((`ownership_type` = _utf8mb4'employee') and (`owner_employee_id` is not null)) or ((`ownership_type` = _utf8mb4'company') and (`owner_employee_id` is null)))),
  CONSTRAINT `chk_range_validation` CHECK ((`range_min` < `range_max`))
) ENGINE=InnoDB DEFAULT CHARSET=utf8mb4 COLLATE=utf8mb4_0900_ai_ci;
/*!40101 SET character_set_client = @saved_cs_client */;

--
-- Dumping data for table `gauge_hand_tool_specifications`
--
-- ORDER BY:  `gauge_id`

LOCK TABLES `gauge_hand_tool_specifications` WRITE;
/*!40000 ALTER TABLE `gauge_hand_tool_specifications` DISABLE KEYS */;
INSERT INTO `gauge_hand_tool_specifications` (`gauge_id`, `tool_type`, `format`, `range_min`, `range_max`, `range_unit`, `resolution`, `ownership_type`, `owner_employee_id`, `created_at`, `updated_at`) VALUES (1648,'caliper','dial',0.0000,24.0000,'inches',0.001000,'company',NULL,'2025-10-08 15:30:57','2025-10-08 15:30:57'),(1649,'micrometer','digital',2.0000,3.0000,'inches',0.000050,'company',NULL,'2025-10-08 15:30:57','2025-10-08 15:30:57'),(1650,'caliper','dial',0.0000,8.0000,'inches',0.001000,'company',NULL,'2025-10-08 15:30:57','2025-10-08 15:30:57'),(1651,'depth_gauge','dial',0.0000,12.0000,'inches',0.001000,'company',NULL,'2025-10-08 15:30:57','2025-10-08 15:30:57'),(1652,'caliper','digital',0.0000,6.0000,'inches',0.000100,'employee',12,'2025-10-08 15:30:57','2025-10-08 15:30:57'),(1653,'depth_gauge','dial',0.0000,6.0000,'inches',0.001000,'company',NULL,'2025-10-08 15:30:57','2025-10-08 15:30:57'),(1654,'depth_gauge','digital',0.0000,4.0000,'inches',0.000100,'employee',14,'2025-10-08 15:30:57','2025-10-08 15:30:57'),(1655,'bore_gauge','digital',0.7918,4.8851,'inches',0.000100,'employee',12,'2025-10-08 15:30:57','2025-10-08 15:30:57'),(1656,'bore_gauge','digital',1.4087,4.4984,'inches',0.000100,'company',NULL,'2025-10-08 15:30:57','2025-10-08 15:30:57'),(1657,'depth_gauge','dial',0.0000,12.0000,'inches',0.001000,'employee',12,'2025-10-08 15:30:57','2025-10-08 15:30:57'),(1658,'bore_gauge','digital',1.6487,4.5468,'inches',0.000100,'employee',12,'2025-10-08 15:30:57','2025-10-08 15:30:57'),(1659,'bore_gauge','digital',0.9755,4.2162,'inches',0.000100,'company',NULL,'2025-10-08 15:30:57','2025-10-08 15:30:57'),(1660,'depth_gauge','digital',0.0000,4.0000,'inches',0.000100,'employee',9,'2025-10-08 15:30:57','2025-10-08 15:30:57'),(1661,'micrometer','dial',3.0000,4.0000,'inches',0.000100,'employee',13,'2025-10-08 15:30:57','2025-10-08 15:30:57'),(1662,'caliper','digital',0.0000,24.0000,'inches',0.000100,'employee',11,'2025-10-08 15:30:57','2025-10-08 15:30:57'),(1663,'depth_gauge','digital',0.0000,6.0000,'inches',0.000100,'company',NULL,'2025-10-08 15:30:57','2025-10-08 15:30:57'),(1664,'caliper','dial',0.0000,24.0000,'inches',0.001000,'company',NULL,'2025-10-08 15:30:57','2025-10-08 15:30:57'),(1665,'micrometer','dial',1.0000,2.0000,'inches',0.000100,'employee',11,'2025-10-08 15:30:57','2025-10-08 15:30:57'),(1666,'depth_gauge','digital',0.0000,12.0000,'inches',0.000100,'employee',12,'2025-10-08 15:30:57','2025-10-08 15:30:57'),(1667,'depth_gauge','digital',0.0000,4.0000,'inches',0.000100,'company',NULL,'2025-10-08 15:30:57','2025-10-08 15:30:57'),(1668,'bore_gauge','dial',1.3591,5.4896,'inches',0.000100,'company',NULL,'2025-10-08 15:30:57','2025-10-08 15:30:57'),(1669,'bore_gauge','digital',1.0406,6.3849,'inches',0.000100,'employee',12,'2025-10-08 15:30:57','2025-10-08 15:30:57'),(1670,'depth_gauge','digital',0.0000,12.0000,'inches',0.000100,'company',NULL,'2025-10-08 15:30:57','2025-10-08 15:30:57'),(1671,'depth_gauge','digital',0.0000,4.0000,'inches',0.000100,'company',NULL,'2025-10-08 15:30:57','2025-10-08 15:30:57'),(1672,'bore_gauge','dial',0.8019,4.3248,'inches',0.000100,'company',NULL,'2025-10-08 15:30:57','2025-10-08 15:30:57'),(1673,'bore_gauge','digital',1.8259,4.2263,'inches',0.000100,'employee',717,'2025-10-08 15:30:57','2025-10-08 15:30:57'),(1674,'caliper','dial',0.0000,8.0000,'inches',0.001000,'company',NULL,'2025-10-08 15:30:57','2025-10-08 15:30:57'),(1675,'bore_gauge','dial',1.5693,4.4107,'inches',0.000100,'company',NULL,'2025-10-08 15:30:57','2025-10-08 15:30:57'),(1676,'caliper','digital',0.0000,24.0000,'inches',0.000100,'company',NULL,'2025-10-08 15:30:57','2025-10-08 15:30:57'),(1677,'micrometer','dial',1.0000,2.0000,'inches',0.000100,'company',NULL,'2025-10-08 15:30:57','2025-10-08 15:30:57'),(1678,'caliper','dial',0.0000,6.0000,'inches',0.001000,'company',NULL,'2025-10-08 15:30:57','2025-10-08 15:30:57'),(1679,'micrometer','digital',2.0000,3.0000,'inches',0.000050,'company',NULL,'2025-10-08 15:30:57','2025-10-08 15:30:57'),(1680,'micrometer','digital',2.0000,3.0000,'inches',0.000050,'employee',718,'2025-10-08 15:30:57','2025-10-08 15:30:57'),(1681,'caliper','digital',0.0000,24.0000,'inches',0.000100,'company',NULL,'2025-10-08 15:30:57','2025-10-08 15:30:57'),(1682,'bore_gauge','dial',1.1624,5.6739,'inches',0.000100,'company',NULL,'2025-10-08 15:30:57','2025-10-08 15:30:57'),(1683,'bore_gauge','digital',1.2451,5.1671,'inches',0.000100,'company',NULL,'2025-10-08 15:30:57','2025-10-08 15:30:57'),(1684,'depth_gauge','dial',0.0000,12.0000,'inches',0.001000,'employee',7,'2025-10-08 15:30:57','2025-10-08 15:30:57'),(1685,'bore_gauge','dial',0.7347,5.9142,'inches',0.000100,'company',NULL,'2025-10-08 15:30:57','2025-10-08 15:30:57'),(1686,'caliper','digital',0.0000,6.0000,'inches',0.000100,'company',NULL,'2025-10-08 15:30:57','2025-10-08 15:30:57'),(1687,'caliper','dial',0.0000,8.0000,'inches',0.001000,'company',NULL,'2025-10-08 15:30:57','2025-10-08 15:30:57'),(1688,'micrometer','dial',3.0000,4.0000,'inches',0.000100,'employee',7,'2025-10-08 15:30:57','2025-10-08 15:30:57'),(1689,'micrometer','digital',3.0000,4.0000,'inches',0.000050,'employee',12,'2025-10-08 15:30:57','2025-10-08 15:30:57'),(1690,'depth_gauge','dial',0.0000,4.0000,'inches',0.001000,'company',NULL,'2025-10-08 15:30:57','2025-10-08 15:30:57'),(1691,'caliper','dial',0.0000,6.0000,'inches',0.001000,'employee',10,'2025-10-08 15:30:58','2025-10-08 15:30:58'),(1692,'caliper','digital',0.0000,24.0000,'inches',0.000100,'employee',8,'2025-10-08 15:30:58','2025-10-08 15:30:58'),(1693,'bore_gauge','digital',1.7218,7.4509,'inches',0.000100,'company',NULL,'2025-10-08 15:30:58','2025-10-08 15:30:58'),(1694,'micrometer','dial',1.0000,2.0000,'inches',0.000100,'company',NULL,'2025-10-08 15:30:58','2025-10-08 15:30:58'),(1695,'micrometer','digital',0.0000,1.0000,'inches',0.000050,'employee',11,'2025-10-08 15:30:58','2025-10-08 15:30:58'),(1696,'caliper','digital',0.0000,12.0000,'inches',0.000100,'employee',718,'2025-10-08 15:30:58','2025-10-08 15:30:58'),(1697,'micrometer','dial',3.0000,4.0000,'inches',0.000100,'company',NULL,'2025-10-08 15:30:58','2025-10-08 15:30:58'),(1698,'caliper','digital',0.0000,12.0000,'inches',0.000100,'employee',11,'2025-10-08 15:30:58','2025-10-08 15:30:58'),(1699,'caliper','dial',0.0000,6.0000,'inches',0.001000,'company',NULL,'2025-10-08 15:30:58','2025-10-08 15:30:58'),(1700,'caliper','dial',0.0000,24.0000,'inches',0.001000,'employee',11,'2025-10-08 15:30:58','2025-10-08 15:30:58'),(1701,'caliper','digital',0.0000,12.0000,'inches',0.000100,'employee',13,'2025-10-08 15:30:58','2025-10-08 15:30:58'),(1702,'depth_gauge','digital',0.0000,4.0000,'inches',0.000100,'company',NULL,'2025-10-08 15:30:58','2025-10-08 15:30:58'),(1703,'bore_gauge','digital',1.7271,3.9527,'inches',0.000100,'company',NULL,'2025-10-08 15:30:58','2025-10-08 15:30:58'),(1704,'micrometer','digital',2.0000,3.0000,'inches',0.000050,'company',NULL,'2025-10-08 15:30:58','2025-10-08 15:30:58'),(1705,'caliper','dial',0.0000,12.0000,'inches',0.001000,'employee',12,'2025-10-08 15:30:58','2025-10-08 15:30:58'),(1706,'micrometer','digital',0.0000,1.0000,'inches',0.000050,'company',NULL,'2025-10-08 15:30:58','2025-10-08 15:30:58'),(1707,'micrometer','dial',3.0000,4.0000,'inches',0.000100,'company',NULL,'2025-10-08 15:30:58','2025-10-08 15:30:58');
/*!40000 ALTER TABLE `gauge_hand_tool_specifications` ENABLE KEYS */;
UNLOCK TABLES;

--
-- Table structure for table `gauge_id_config`
--

DROP TABLE IF EXISTS `gauge_id_config`;
/*!40101 SET @saved_cs_client     = @@character_set_client */;
/*!50503 SET character_set_client = utf8mb4 */;
CREATE TABLE `gauge_id_config` (
  `id` int NOT NULL AUTO_INCREMENT,
  `category_id` int NOT NULL,
  `gauge_type` varchar(20) DEFAULT NULL COMMENT 'plug, ring, or NULL for single types',
  `prefix` varchar(4) NOT NULL COMMENT '2-4 character prefix',
  `current_sequence` int DEFAULT '0' COMMENT 'Current sequence number',
  `is_locked` tinyint(1) DEFAULT '0' COMMENT 'Locked after first use',
  `locked_at` timestamp NULL DEFAULT NULL COMMENT 'When prefix was locked',
  `created_at` timestamp NULL DEFAULT CURRENT_TIMESTAMP,
  `updated_at` timestamp NULL DEFAULT CURRENT_TIMESTAMP ON UPDATE CURRENT_TIMESTAMP,
  PRIMARY KEY (`id`),
  UNIQUE KEY `unique_prefix` (`prefix`),
  UNIQUE KEY `unique_config` (`category_id`,`gauge_type`),
  CONSTRAINT `gauge_id_config_ibfk_1` FOREIGN KEY (`category_id`) REFERENCES `gauge_categories` (`id`),
  CONSTRAINT `chk_prefix_format` CHECK (((length(`prefix`) between 2 and 4) and regexp_like(`prefix`,_utf8mb4'^[A-Z]+$')))
) ENGINE=InnoDB AUTO_INCREMENT=35 DEFAULT CHARSET=utf8mb4 COLLATE=utf8mb4_0900_ai_ci;
/*!40101 SET character_set_client = @saved_cs_client */;

--
-- Dumping data for table `gauge_id_config`
--
-- ORDER BY:  `id`

LOCK TABLES `gauge_id_config` WRITE;
/*!40000 ALTER TABLE `gauge_id_config` DISABLE KEYS */;
INSERT INTO `gauge_id_config` (`id`, `category_id`, `gauge_type`, `prefix`, `current_sequence`, `is_locked`, `locked_at`, `created_at`, `updated_at`) VALUES (7,41,'plug','SP',8,0,NULL,'2025-09-17 20:31:57','2025-09-20 22:03:14'),(8,41,'ring','SR',0,0,NULL,'2025-09-17 20:31:57','2025-09-17 20:31:57'),(9,42,'plug','MP',0,0,NULL,'2025-09-17 20:31:57','2025-09-17 20:31:57'),(10,42,'ring','MR',0,0,NULL,'2025-09-17 20:31:57','2025-09-17 20:31:57'),(11,44,NULL,'NPT',0,0,NULL,'2025-09-17 20:31:57','2025-09-17 20:31:57'),(12,43,'plug','AC',0,0,NULL,'2025-09-17 20:31:57','2025-09-17 20:31:57'),(13,43,'ring','AR',0,0,NULL,'2025-09-17 20:31:57','2025-09-17 20:31:57'),(14,45,'plug','ST',0,0,NULL,'2025-09-17 20:31:57','2025-09-17 20:31:57'),(15,45,'ring','STR',0,0,NULL,'2025-09-17 20:31:57','2025-09-17 20:31:57'),(16,46,'plug','SL',0,0,NULL,'2025-09-17 20:31:57','2025-09-17 20:31:57'),(17,46,'ring','SLR',0,0,NULL,'2025-09-17 20:31:57','2025-09-17 20:31:57'),(18,47,NULL,'CA',2,0,NULL,'2025-09-17 20:31:57','2025-09-19 19:51:07'),(19,48,NULL,'MI',0,0,NULL,'2025-09-17 20:31:57','2025-09-17 20:31:57'),(20,49,NULL,'DG',0,0,NULL,'2025-09-17 20:31:57','2025-09-17 20:31:57'),(21,50,NULL,'BG',0,0,NULL,'2025-09-17 20:31:57','2025-09-17 20:31:57'),(22,51,NULL,'CMM',0,0,NULL,'2025-09-17 20:31:57','2025-09-17 20:31:57'),(23,52,NULL,'OC',0,0,NULL,'2025-09-17 20:31:57','2025-09-17 20:31:57'),(24,53,NULL,'HG',0,0,NULL,'2025-09-17 20:31:57','2025-09-17 20:31:57'),(25,54,NULL,'SPL',0,0,NULL,'2025-09-17 20:31:57','2025-09-17 20:31:57'),(26,55,NULL,'HT',0,0,NULL,'2025-09-17 20:31:57','2025-09-17 20:31:57'),(27,56,NULL,'FT',0,0,NULL,'2025-09-17 20:31:57','2025-09-17 20:31:57'),(28,57,NULL,'GB',0,0,NULL,'2025-09-17 20:31:57','2025-09-17 20:31:57'),(29,58,NULL,'MRS',0,0,NULL,'2025-09-17 20:31:57','2025-09-17 20:31:57'),(30,59,NULL,'MPS',0,0,NULL,'2025-09-17 20:31:57','2025-09-17 20:31:57'),(31,60,NULL,'RS',0,0,NULL,'2025-09-17 20:31:57','2025-09-17 20:31:57');
/*!40000 ALTER TABLE `gauge_id_config` ENABLE KEYS */;
UNLOCK TABLES;

--
-- Table structure for table `gauge_large_equipment_specifications`
--

DROP TABLE IF EXISTS `gauge_large_equipment_specifications`;
/*!40101 SET @saved_cs_client     = @@character_set_client */;
/*!50503 SET character_set_client = utf8mb4 */;
CREATE TABLE `gauge_large_equipment_specifications` (
  `gauge_id` int NOT NULL,
  `equipment_type` varchar(50) NOT NULL COMMENT 'cmm, optical_comparator, height_gauge, surface_plate, hardness_tester, force_torque_tester',
  `capacity` varchar(100) DEFAULT NULL COMMENT 'Measurement capacity/range description',
  `accuracy_class` varchar(20) DEFAULT NULL COMMENT 'Accuracy classification',
  `fixed_location` tinyint(1) DEFAULT '1' COMMENT 'Cannot be moved/checked out',
  `created_at` timestamp NULL DEFAULT CURRENT_TIMESTAMP,
  `updated_at` timestamp NULL DEFAULT CURRENT_TIMESTAMP ON UPDATE CURRENT_TIMESTAMP,
  PRIMARY KEY (`gauge_id`),
  KEY `idx_equipment_type` (`equipment_type`),
  KEY `idx_fixed_location` (`fixed_location`),
  CONSTRAINT `gauge_large_equipment_specifications_ibfk_1` FOREIGN KEY (`gauge_id`) REFERENCES `gauges` (`id`) ON DELETE CASCADE
) ENGINE=InnoDB DEFAULT CHARSET=utf8mb4 COLLATE=utf8mb4_0900_ai_ci;
/*!40101 SET character_set_client = @saved_cs_client */;

--
-- Dumping data for table `gauge_large_equipment_specifications`
--
-- ORDER BY:  `gauge_id`

LOCK TABLES `gauge_large_equipment_specifications` WRITE;
/*!40000 ALTER TABLE `gauge_large_equipment_specifications` DISABLE KEYS */;
INSERT INTO `gauge_large_equipment_specifications` (`gauge_id`, `equipment_type`, `capacity`, `accuracy_class`, `fixed_location`, `created_at`, `updated_at`) VALUES (1708,'surface_plate','36x48\" Grade A','0.00015\"',1,'2025-10-08 15:30:58','2025-10-08 15:30:58'),(1709,'optical_comparator','10\" screen','0.0001\"',1,'2025-10-08 15:30:58','2025-10-08 15:30:58'),(1710,'height_gauge','12\" range','0.0001\"',1,'2025-10-08 15:30:58','2025-10-08 15:30:58'),(1711,'height_gauge','40\" range','0.0001\"',0,'2025-10-08 15:30:58','2025-10-08 15:30:58'),(1712,'hardness_tester','Brinell','1.3654 HRC',0,'2025-10-08 15:30:58','2025-10-08 15:30:58'),(1713,'height_gauge','18\" range','0.0002\"',1,'2025-10-08 15:30:58','2025-10-08 15:30:58'),(1714,'force_torque_tester','1000 lbf','0.2628%',1,'2025-10-08 15:30:58','2025-10-08 15:30:58'),(1715,'optical_comparator','10\" screen','0.0002\"',1,'2025-10-08 15:30:58','2025-10-08 15:30:58'),(1716,'hardness_tester','Vickers','1.5481 HRC',1,'2025-10-08 15:30:58','2025-10-08 15:30:58'),(1717,'surface_plate','48x72\" Grade A','0.0002\"',1,'2025-10-08 15:30:58','2025-10-08 15:30:58'),(1718,'surface_plate','48x72\" Grade A','0.00012\"',0,'2025-10-08 15:30:58','2025-10-08 15:30:58'),(1719,'surface_plate','18x24\" Grade A','0.00016\"',0,'2025-10-08 15:30:58','2025-10-08 15:30:58'),(1720,'optical_comparator','10\" screen','0.0003\"',1,'2025-10-08 15:30:58','2025-10-08 15:30:58'),(1721,'hardness_tester','Brinell','1.7372 HRC',1,'2025-10-08 15:30:58','2025-10-08 15:30:58'),(1722,'height_gauge','12\" range','0.0002\"',1,'2025-10-08 15:30:58','2025-10-08 15:30:58'),(1723,'surface_plate','36x48\" Grade A','0.00016\"',1,'2025-10-08 15:30:58','2025-10-08 15:30:58'),(1724,'cmm','24x36x18 inches','0.0003\"',0,'2025-10-08 15:30:58','2025-10-08 15:30:58'),(1725,'cmm','60x40x30 inches','0.0007\"',1,'2025-10-08 15:30:58','2025-10-08 15:30:58'),(1726,'hardness_tester','Rockwell','0.892 HRC',1,'2025-10-08 15:30:58','2025-10-08 15:30:58'),(1727,'force_torque_tester','500 lbf','0.1457%',1,'2025-10-08 15:30:58','2025-10-08 15:30:58'),(1728,'optical_comparator','30\" screen','0.0005\"',1,'2025-10-08 15:30:58','2025-10-08 15:30:58'),(1729,'force_torque_tester','100 lbf','0.4152%',1,'2025-10-08 15:30:58','2025-10-08 15:30:58'),(1730,'force_torque_tester','5000 lbf','0.4771%',1,'2025-10-08 15:30:58','2025-10-08 15:30:58'),(1731,'surface_plate','36x48\" Grade A','0.00009\"',0,'2025-10-08 15:30:58','2025-10-08 15:30:58'),(1732,'optical_comparator','14\" screen','0.0002\"',1,'2025-10-08 15:30:58','2025-10-08 15:30:58'),(1733,'height_gauge','12\" range','0.0002\"',1,'2025-10-08 15:30:58','2025-10-08 15:30:58'),(1734,'force_torque_tester','5000 lbf','0.2164%',1,'2025-10-08 15:30:58','2025-10-08 15:30:58'),(1735,'surface_plate','18x24\" Grade A','0.0002\"',1,'2025-10-08 15:30:58','2025-10-08 15:30:58'),(1736,'optical_comparator','10\" screen','0.0005\"',1,'2025-10-08 15:30:58','2025-10-08 15:30:58'),(1737,'optical_comparator','20\" screen','0.0004\"',1,'2025-10-08 15:30:58','2025-10-08 15:30:58'),(1738,'optical_comparator','10\" screen','0.0002\"',1,'2025-10-08 15:30:58','2025-10-08 15:30:58'),(1739,'height_gauge','40\" range','0.0001\"',1,'2025-10-08 15:30:58','2025-10-08 15:30:58'),(1740,'optical_comparator','10\" screen','0.0003\"',1,'2025-10-08 15:30:58','2025-10-08 15:30:58'),(1741,'height_gauge','24\" range','0.0001\"',1,'2025-10-08 15:30:58','2025-10-08 15:30:58'),(1742,'height_gauge','24\" range','0.0002\"',0,'2025-10-08 15:30:58','2025-10-08 15:30:58');
/*!40000 ALTER TABLE `gauge_large_equipment_specifications` ENABLE KEYS */;
UNLOCK TABLES;

--
-- Table structure for table `gauge_notes`
--

DROP TABLE IF EXISTS `gauge_notes`;
/*!40101 SET @saved_cs_client     = @@character_set_client */;
/*!50503 SET character_set_client = utf8mb4 */;
CREATE TABLE `gauge_notes` (
  `id` int NOT NULL AUTO_INCREMENT,
  `gauge_id` int NOT NULL,
  `user_id` int NOT NULL,
  `note_type` enum('general','maintenance','damage','calibration','qc') DEFAULT 'general',
  `note` text NOT NULL,
  `attachments` json DEFAULT NULL,
  `created_at` timestamp NULL DEFAULT CURRENT_TIMESTAMP,
  PRIMARY KEY (`id`),
  KEY `user_id` (`user_id`),
  KEY `idx_gauge_type` (`gauge_id`,`note_type`),
  CONSTRAINT `gauge_notes_ibfk_1` FOREIGN KEY (`gauge_id`) REFERENCES `gauges` (`id`) ON DELETE CASCADE,
  CONSTRAINT `gauge_notes_ibfk_2` FOREIGN KEY (`user_id`) REFERENCES `core_users` (`id`)
) ENGINE=InnoDB AUTO_INCREMENT=6 DEFAULT CHARSET=utf8mb4 COLLATE=utf8mb4_0900_ai_ci;
/*!40101 SET character_set_client = @saved_cs_client */;

--
-- Dumping data for table `gauge_notes`
--
-- ORDER BY:  `id`

LOCK TABLES `gauge_notes` WRITE;
/*!40000 ALTER TABLE `gauge_notes` DISABLE KEYS */;
/*!40000 ALTER TABLE `gauge_notes` ENABLE KEYS */;
UNLOCK TABLES;

--
-- Table structure for table `gauge_qc_checks`
--

DROP TABLE IF EXISTS `gauge_qc_checks`;
/*!40101 SET @saved_cs_client     = @@character_set_client */;
/*!50503 SET character_set_client = utf8mb4 */;
CREATE TABLE `gauge_qc_checks` (
  `id` int NOT NULL AUTO_INCREMENT,
  `gauge_id` int NOT NULL,
  `checked_by` int NOT NULL,
  `check_date` timestamp NULL DEFAULT CURRENT_TIMESTAMP,
  `check_type` enum('return','periodic','damage') NOT NULL,
  `passed` tinyint(1) NOT NULL,
  `findings` json DEFAULT NULL,
  `corrective_action` text,
  `next_action` enum('available','calibration','repair','retire') DEFAULT NULL,
  PRIMARY KEY (`id`),
  KEY `checked_by` (`checked_by`),
  KEY `idx_gauge_date` (`gauge_id`,`check_date`),
  CONSTRAINT `gauge_qc_checks_ibfk_1` FOREIGN KEY (`gauge_id`) REFERENCES `gauges` (`id`),
  CONSTRAINT `gauge_qc_checks_ibfk_2` FOREIGN KEY (`checked_by`) REFERENCES `core_users` (`id`)
) ENGINE=InnoDB AUTO_INCREMENT=115 DEFAULT CHARSET=utf8mb4 COLLATE=utf8mb4_0900_ai_ci;
/*!40101 SET character_set_client = @saved_cs_client */;

--
-- Dumping data for table `gauge_qc_checks`
--
-- ORDER BY:  `id`

LOCK TABLES `gauge_qc_checks` WRITE;
/*!40000 ALTER TABLE `gauge_qc_checks` DISABLE KEYS */;
INSERT INTO `gauge_qc_checks` (`id`, `gauge_id`, `checked_by`, `check_date`, `check_type`, `passed`, `findings`, `corrective_action`, `next_action`) VALUES (93,1575,717,'2025-10-08 18:53:30','return',1,'{\"notes\": \"QC inspection passed\", \"condition_rating\": 10}',NULL,'available'),(94,1599,717,'2025-10-08 18:53:36','return',1,'{\"notes\": \"QC inspection passed\", \"condition_rating\": 10}',NULL,'available'),(95,1758,717,'2025-10-08 18:53:44','return',1,'{\"notes\": \"QC inspection passed\", \"condition_rating\": 10}',NULL,'available'),(96,1724,717,'2025-10-10 13:44:14','return',1,'{\"notes\": \"QC inspection passed\", \"condition_rating\": 10}',NULL,'available'),(97,1760,717,'2025-10-10 14:00:52','return',1,'{\"notes\": \"QC inspection passed\", \"condition_rating\": 10}',NULL,'available'),(98,1746,717,'2025-10-10 14:01:11','return',1,'{\"notes\": \"QC inspection passed\", \"condition_rating\": 10}',NULL,'available'),(99,1592,717,'2025-10-10 14:02:16','return',1,'{\"notes\": \"QC inspection passed\", \"condition_rating\": 10}',NULL,'available'),(100,1568,717,'2025-10-10 14:04:06','return',1,'{\"notes\": \"QC inspection passed\", \"condition_rating\": 10}',NULL,'available'),(101,1656,717,'2025-10-10 14:04:59','return',1,'{\"notes\": \"QC inspection passed\", \"condition_rating\": 10}',NULL,'available'),(102,1587,717,'2025-10-10 14:11:36','return',1,'{\"notes\": \"QC inspection passed\", \"condition_rating\": 10}',NULL,'available'),(103,1637,717,'2025-10-10 14:12:02','return',1,'{\"notes\": \"QC inspection passed\", \"condition_rating\": 10}',NULL,'available'),(104,1608,717,'2025-10-10 14:15:25','return',1,'{\"notes\": \"QC inspection passed\", \"condition_rating\": 10}',NULL,'available'),(105,1586,717,'2025-10-10 14:26:42','return',1,'{\"notes\": \"QC inspection passed\", \"condition_rating\": 10}',NULL,'available'),(106,1755,717,'2025-10-10 14:28:22','return',1,'{\"notes\": \"QC inspection passed\", \"condition_rating\": 10}',NULL,'available'),(107,1643,717,'2025-10-10 14:28:25','return',1,'{\"notes\": \"QC inspection passed\", \"condition_rating\": 10}',NULL,'available'),(108,1631,717,'2025-10-10 14:28:29','return',1,'{\"notes\": \"QC inspection passed\", \"condition_rating\": 10}',NULL,'available'),(109,1752,717,'2025-10-10 15:40:36','return',1,'{\"notes\": \"QC inspection passed\", \"condition_rating\": 10}',NULL,'available'),(110,1573,717,'2025-10-19 19:31:18','return',1,'{\"notes\": \"QC inspection passed\", \"condition_rating\": 10}',NULL,'available'),(111,1598,717,'2025-10-19 19:31:22','return',1,'{\"notes\": \"QC inspection passed\", \"condition_rating\": 10}',NULL,'available'),(112,1599,717,'2025-10-19 19:31:24','return',1,'{\"notes\": \"QC inspection passed\", \"condition_rating\": 10}',NULL,'available'),(113,1600,717,'2025-10-19 19:31:27','return',1,'{\"notes\": \"QC inspection passed\", \"condition_rating\": 10}',NULL,'available'),(114,1693,717,'2025-10-19 19:31:31','return',1,'{\"notes\": \"QC inspection passed\", \"condition_rating\": 10}',NULL,'available');
/*!40000 ALTER TABLE `gauge_qc_checks` ENABLE KEYS */;
UNLOCK TABLES;

--
-- Table structure for table `gauge_system_config`
--

DROP TABLE IF EXISTS `gauge_system_config`;
/*!40101 SET @saved_cs_client     = @@character_set_client */;
/*!50503 SET character_set_client = utf8mb4 */;
CREATE TABLE `gauge_system_config` (
  `id` int NOT NULL AUTO_INCREMENT,
  `config_key` varchar(50) NOT NULL,
  `config_value` varchar(255) DEFAULT NULL,
  `config_type` enum('string','number','boolean','json') DEFAULT 'string',
  `description` varchar(255) DEFAULT NULL,
  `is_locked` tinyint(1) DEFAULT '0' COMMENT 'Cannot be changed after initial setup',
  `created_at` timestamp NULL DEFAULT CURRENT_TIMESTAMP,
  `updated_at` timestamp NULL DEFAULT CURRENT_TIMESTAMP ON UPDATE CURRENT_TIMESTAMP,
  PRIMARY KEY (`id`),
  UNIQUE KEY `config_key` (`config_key`),
  KEY `idx_config_key` (`config_key`)
) ENGINE=InnoDB AUTO_INCREMENT=11 DEFAULT CHARSET=utf8mb4 COLLATE=utf8mb4_0900_ai_ci;
/*!40101 SET character_set_client = @saved_cs_client */;

--
-- Dumping data for table `gauge_system_config`
--
-- ORDER BY:  `id`

LOCK TABLES `gauge_system_config` WRITE;
/*!40000 ALTER TABLE `gauge_system_config` DISABLE KEYS */;
INSERT INTO `gauge_system_config` (`id`, `config_key`, `config_value`, `config_type`, `description`, `is_locked`, `created_at`, `updated_at`) VALUES (6,'id_display_mode','both','string','Display preference: system, custom, or both',0,'2025-09-17 20:31:57','2025-09-17 20:31:57'),(7,'prefixes_locked','false','boolean','Whether ID prefixes are locked after first use',0,'2025-09-17 20:31:57','2025-09-17 20:31:57'),(8,'calibration_standard_enabled','true','boolean','Enable calibration standards module',0,'2025-09-17 20:31:57','2025-09-17 20:31:57'),(9,'decimal_format_enforced','true','boolean','Enforce decimal format for thread gauges (.500-20)',1,'2025-09-17 20:31:57','2025-09-17 20:31:57'),(10,'companion_pairing_required','true','boolean','Require GO/NO GO pairing for thread gauges',1,'2025-09-17 20:31:57','2025-09-17 20:31:57');
/*!40000 ALTER TABLE `gauge_system_config` ENABLE KEYS */;
UNLOCK TABLES;

--
-- Table structure for table `gauge_thread_specifications`
--

DROP TABLE IF EXISTS `gauge_thread_specifications`;
/*!40101 SET @saved_cs_client     = @@character_set_client */;
/*!50503 SET character_set_client = utf8mb4 */;
CREATE TABLE `gauge_thread_specifications` (
  `gauge_id` int NOT NULL,
  `thread_size` varchar(20) NOT NULL COMMENT '.500-20, M10x1.5, .750-6',
  `thread_type` varchar(20) NOT NULL COMMENT 'standard, metric, acme, npt, sti, spiralock',
  `thread_form` varchar(10) DEFAULT NULL COMMENT 'UN, UNF, UNEF, UNS, UNR, UNJ, UNJR, NPT, NPTF',
  `thread_class` varchar(10) NOT NULL COMMENT '2A, 3B, 6g, 6G, 2G, 4C, L1, L2, L3',
  `gauge_type` varchar(10) NOT NULL COMMENT 'plug, ring',
  `gauge_suffix` char(1) NOT NULL COMMENT 'A=GO, B=NO GO',
  `thread_hand` varchar(5) DEFAULT 'RH' COMMENT 'RH=Right Hand, LH=Left Hand',
  `acme_starts` int DEFAULT '1' COMMENT '1, 2, 3, 4 for ACME multi-start',
  `created_at` timestamp NULL DEFAULT CURRENT_TIMESTAMP,
  `updated_at` timestamp NULL DEFAULT CURRENT_TIMESTAMP ON UPDATE CURRENT_TIMESTAMP,
  PRIMARY KEY (`gauge_id`),
  KEY `idx_thread_search` (`thread_type`,`thread_size`,`gauge_type`),
  CONSTRAINT `gauge_thread_specifications_ibfk_1` FOREIGN KEY (`gauge_id`) REFERENCES `gauges` (`id`) ON DELETE CASCADE,
  CONSTRAINT `chk_acme_starts_validation` CHECK ((((`thread_type` = _utf8mb4'acme') and (`acme_starts` between 1 and 4)) or ((`thread_type` <> _utf8mb4'acme') and (`acme_starts` = 1)))),
  CONSTRAINT `chk_decimal_format` CHECK ((regexp_like(`thread_size`,_utf8mb4'^\\.[0-9]{3}-[0-9]+$') or regexp_like(`thread_size`,_utf8mb4'^M[0-9]+x[0-9.]+$'))),
  CONSTRAINT `chk_thread_class_validation` CHECK ((((`thread_type` = _utf8mb4'npt') and ((`thread_class` in (_utf8mb4'L1',_utf8mb4'L2',_utf8mb4'L3')) or (`thread_class` is null))) or ((`thread_type` = _utf8mb4'standard') and regexp_like(`thread_class`,_utf8mb4'^[1-3][AB]$')) or ((`thread_type` = _utf8mb4'metric') and regexp_like(`thread_class`,_utf8mb4'^[4-6][gGhHeEfF]$')) or ((`thread_type` = _utf8mb4'acme') and regexp_like(`thread_class`,_utf8mb4'^[2-5][GC]$')) or (`thread_type` in (_utf8mb4'sti',_utf8mb4'spiralock')))),
  CONSTRAINT `chk_thread_form_validation` CHECK ((((`thread_type` = _utf8mb4'standard') and (`thread_form` in (_utf8mb4'UN',_utf8mb4'UNF',_utf8mb4'UNEF',_utf8mb4'UNS',_utf8mb4'UNR',_utf8mb4'UNJ',_utf8mb4'UNJR'))) or ((`thread_type` = _utf8mb4'npt') and (`thread_form` in (_utf8mb4'NPT',_utf8mb4'NPTF'))) or ((`thread_type` not in (_utf8mb4'standard',_utf8mb4'npt')) and (`thread_form` is null)))),
  CONSTRAINT `chk_thread_suffix` CHECK ((`gauge_suffix` in (_utf8mb4'A',_utf8mb4'B')))
) ENGINE=InnoDB DEFAULT CHARSET=utf8mb4 COLLATE=utf8mb4_0900_ai_ci;
/*!40101 SET character_set_client = @saved_cs_client */;

--
-- Dumping data for table `gauge_thread_specifications`
--
-- ORDER BY:  `gauge_id`

LOCK TABLES `gauge_thread_specifications` WRITE;
/*!40000 ALTER TABLE `gauge_thread_specifications` DISABLE KEYS */;
INSERT INTO `gauge_thread_specifications` (`gauge_id`, `thread_size`, `thread_type`, `thread_form`, `thread_class`, `gauge_type`, `gauge_suffix`, `thread_hand`, `acme_starts`, `created_at`, `updated_at`) VALUES (1568,'.312-18','standard',NULL,'2A','ring','A','RH',1,'2025-10-08 15:30:56','2025-10-08 15:30:56'),(1569,'.500-14','npt',NULL,'L1','plug','B','RH',1,'2025-10-08 15:30:56','2025-10-08 15:30:56'),(1570,'.500-13','standard',NULL,'2A','plug','B','RH',1,'2025-10-08 15:30:56','2025-10-08 15:30:56'),(1571,'.375-18','npt',NULL,'L1','plug','A','RH',1,'2025-10-08 15:30:56','2025-10-08 15:30:56'),(1572,'.625-11','standard',NULL,'2A','plug','A','RH',1,'2025-10-08 15:30:56','2025-10-08 15:30:56'),(1573,'.625-8','acme',NULL,'2G','ring','A','RH',1,'2025-10-08 15:30:56','2025-10-08 15:30:56'),(1574,'.437-14','standard',NULL,'2A','plug','A','RH',1,'2025-10-08 15:30:56','2025-10-08 15:30:56'),(1575,'.750-6','acme',NULL,'2G','plug','A','RH',1,'2025-10-08 15:30:56','2025-10-08 15:30:56'),(1576,'.750-10','standard',NULL,'2A','plug','A','RH',1,'2025-10-08 15:30:56','2025-10-08 15:30:56'),(1577,'M16x2.0','metric',NULL,'6g','plug','A','RH',1,'2025-10-08 15:30:56','2025-10-08 15:30:56'),(1578,'.750-10','standard',NULL,'2A','ring','B','RH',1,'2025-10-08 15:30:56','2025-10-08 15:30:56'),(1579,'.625-11','standard',NULL,'2A','ring','B','RH',1,'2025-10-08 15:30:56','2025-10-08 15:30:56'),(1580,'.250-20','standard',NULL,'2A','ring','B','RH',1,'2025-10-08 15:30:56','2025-10-08 15:30:56'),(1581,'.500-13','standard',NULL,'2A','ring','B','RH',1,'2025-10-08 15:30:56','2025-10-08 15:30:56'),(1582,'M10x1.5','metric',NULL,'6g','ring','B','RH',1,'2025-10-08 15:30:56','2025-10-08 15:30:56'),(1583,'.750-10','standard',NULL,'2A','ring','B','RH',1,'2025-10-08 15:30:56','2025-10-08 15:30:56'),(1584,'.500-10','acme',NULL,'2G','ring','B','RH',1,'2025-10-08 15:30:56','2025-10-08 15:30:56'),(1585,'.375-16','standard',NULL,'2A','ring','A','RH',1,'2025-10-08 15:30:56','2025-10-08 15:30:56'),(1586,'.375-16','standard',NULL,'2A','ring','A','RH',1,'2025-10-08 15:30:56','2025-10-08 15:30:56'),(1587,'M12x1.75','metric',NULL,'6g','plug','A','RH',1,'2025-10-08 15:30:56','2025-10-08 15:30:56'),(1588,'.875-9','standard',NULL,'2A','plug','A','RH',1,'2025-10-08 15:30:56','2025-10-08 15:30:56'),(1589,'.625-11','standard',NULL,'2A','ring','A','RH',1,'2025-10-08 15:30:56','2025-10-08 15:30:56'),(1590,'.250-20','standard',NULL,'2A','ring','B','RH',1,'2025-10-08 15:30:56','2025-10-08 15:30:56'),(1591,'.375-16','standard',NULL,'2A','ring','B','RH',1,'2025-10-08 15:30:56','2025-10-08 15:30:56'),(1592,'.875-9','standard',NULL,'2A','plug','B','RH',1,'2025-10-08 15:30:56','2025-10-08 15:30:56'),(1593,'.125-27','npt',NULL,'L1','ring','B','RH',1,'2025-10-08 15:30:56','2025-10-08 15:30:56'),(1594,'.312-18','standard',NULL,'2A','ring','B','RH',1,'2025-10-08 15:30:56','2025-10-08 15:30:56'),(1595,'M8x1.25','metric',NULL,'6g','ring','B','RH',1,'2025-10-08 15:30:56','2025-10-08 15:30:56'),(1596,'M10x1.5','metric',NULL,'6g','ring','B','RH',1,'2025-10-08 15:30:56','2025-10-08 15:30:56'),(1597,'.375-16','standard',NULL,'2A','ring','B','RH',1,'2025-10-08 15:30:56','2025-10-08 15:30:56'),(1598,'.750-6','acme',NULL,'2G','ring','B','RH',1,'2025-10-08 15:30:56','2025-10-08 15:30:56'),(1599,'.500-10','acme',NULL,'2G','plug','A','RH',1,'2025-10-08 15:30:56','2025-10-08 15:30:56'),(1600,'.750-6','acme',NULL,'2G','plug','A','RH',1,'2025-10-08 15:30:56','2025-10-08 15:30:56'),(1601,'.500-13','standard',NULL,'2A','ring','B','RH',1,'2025-10-08 15:30:56','2025-10-08 15:30:56'),(1602,'.375-18','npt',NULL,'L1','plug','A','RH',1,'2025-10-08 15:30:56','2025-10-08 15:30:56'),(1603,'.312-18','standard',NULL,'2A','plug','A','RH',1,'2025-10-08 15:30:56','2025-10-08 15:30:56'),(1604,'M20x2.5','metric',NULL,'6g','plug','A','RH',1,'2025-10-08 15:30:56','2025-10-08 15:30:56'),(1605,'.437-14','standard',NULL,'2A','ring','B','RH',1,'2025-10-08 15:30:56','2025-10-08 15:30:56'),(1606,'.625-11','standard',NULL,'2A','plug','A','RH',1,'2025-10-08 15:30:56','2025-10-08 15:30:56'),(1607,'.625-11','standard',NULL,'2A','plug','A','RH',1,'2025-10-08 15:30:56','2025-10-08 15:30:56'),(1608,'.312-18','standard',NULL,'2A','plug','A','RH',1,'2025-10-08 15:30:56','2025-10-08 15:30:56'),(1609,'.500-14','npt',NULL,'L1','plug','A','RH',1,'2025-10-08 15:30:56','2025-10-08 15:30:56'),(1610,'M6x1.0','metric',NULL,'6g','ring','B','RH',1,'2025-10-08 15:30:56','2025-10-08 15:30:56'),(1611,'.312-18','standard',NULL,'2A','ring','B','RH',1,'2025-10-08 15:30:56','2025-10-08 15:30:56'),(1612,'.875-5','acme',NULL,'2G','plug','A','RH',1,'2025-10-08 15:30:57','2025-10-08 15:30:57'),(1613,'.750-10','standard',NULL,'2A','ring','A','RH',1,'2025-10-08 15:30:57','2025-10-08 15:30:57'),(1614,'.750-10','standard',NULL,'2A','ring','A','RH',1,'2025-10-08 15:30:57','2025-10-08 15:30:57'),(1615,'.500-14','npt',NULL,'L1','plug','B','RH',1,'2025-10-08 15:30:57','2025-10-08 15:30:57'),(1616,'.875-5','acme',NULL,'2G','plug','B','RH',1,'2025-10-08 15:30:57','2025-10-08 15:30:57'),(1617,'.500-13','standard',NULL,'2A','ring','A','RH',1,'2025-10-08 15:30:57','2025-10-08 15:30:57'),(1618,'.250-18','npt',NULL,'L1','ring','A','RH',1,'2025-10-08 15:30:57','2025-10-08 15:30:57'),(1619,'.625-8','acme',NULL,'2G','plug','A','RH',1,'2025-10-08 15:30:57','2025-10-08 15:30:57'),(1620,'.500-10','acme',NULL,'2G','ring','A','RH',1,'2025-10-08 15:30:57','2025-10-08 15:30:57'),(1621,'.500-13','standard',NULL,'2A','plug','B','RH',1,'2025-10-08 15:30:57','2025-10-08 15:30:57'),(1622,'.250-18','npt',NULL,'L1','plug','B','RH',1,'2025-10-08 15:30:57','2025-10-08 15:30:57'),(1623,'.500-13','standard',NULL,'2A','plug','A','RH',1,'2025-10-08 15:30:57','2025-10-08 15:30:57'),(1624,'M16x2.0','metric',NULL,'6g','plug','A','RH',1,'2025-10-08 15:30:57','2025-10-08 15:30:57'),(1625,'M8x1.25','metric',NULL,'6g','plug','B','RH',1,'2025-10-08 15:30:57','2025-10-08 15:30:57'),(1626,'.437-14','standard',NULL,'2A','ring','A','RH',1,'2025-10-08 15:30:57','2025-10-08 15:30:57'),(1627,'.375-18','npt',NULL,'L1','ring','A','RH',1,'2025-10-08 15:30:57','2025-10-08 15:30:57'),(1628,'.437-14','standard',NULL,'2A','plug','A','RH',1,'2025-10-08 15:30:57','2025-10-08 15:30:57'),(1629,'M16x2.0','metric',NULL,'6g','ring','A','RH',1,'2025-10-08 15:30:57','2025-10-08 15:30:57'),(1630,'.437-14','standard',NULL,'2A','ring','B','RH',1,'2025-10-08 15:30:57','2025-10-08 15:30:57'),(1631,'.375-18','npt',NULL,'L1','ring','A','RH',1,'2025-10-08 15:30:57','2025-10-08 15:30:57'),(1632,'.437-14','standard',NULL,'2A','plug','B','RH',1,'2025-10-08 15:30:57','2025-10-08 15:30:57'),(1633,'M6x1.0','metric',NULL,'6g','ring','B','RH',1,'2025-10-08 15:30:57','2025-10-08 15:30:57'),(1634,'.250-20','standard',NULL,'2A','ring','A','RH',1,'2025-10-08 15:30:57','2025-10-08 15:30:57'),(1635,'.750-10','standard',NULL,'2A','ring','B','RH',1,'2025-10-08 15:30:57','2025-10-08 15:30:57'),(1636,'.500-10','acme',NULL,'2G','plug','B','RH',1,'2025-10-08 15:30:57','2025-10-08 15:30:57'),(1637,'.875-9','standard',NULL,'2A','ring','B','RH',1,'2025-10-08 15:30:57','2025-10-08 15:30:57'),(1638,'.875-5','acme',NULL,'2G','ring','B','RH',1,'2025-10-08 15:30:57','2025-10-08 15:30:57'),(1639,'.375-18','npt',NULL,'L1','plug','A','RH',1,'2025-10-08 15:30:57','2025-10-08 15:30:57'),(1640,'.375-18','npt',NULL,'L1','plug','A','RH',1,'2025-10-08 15:30:57','2025-10-08 15:30:57'),(1641,'.625-11','standard',NULL,'2A','plug','B','RH',1,'2025-10-08 15:30:57','2025-10-08 15:30:57'),(1642,'.750-10','standard',NULL,'2A','plug','B','RH',1,'2025-10-08 15:30:57','2025-10-08 15:30:57'),(1643,'.750-10','standard',NULL,'2A','plug','B','RH',1,'2025-10-08 15:30:57','2025-10-08 15:30:57'),(1644,'.250-20','standard',NULL,'2A','ring','A','RH',1,'2025-10-08 15:30:57','2025-10-08 15:30:57'),(1645,'.125-27','npt',NULL,'L1','ring','A','RH',1,'2025-10-08 15:30:57','2025-10-08 15:30:57'),(1646,'.125-27','npt',NULL,'L1','plug','B','RH',1,'2025-10-08 15:30:57','2025-10-08 15:30:57'),(1647,'M8x1.25','metric',NULL,'6g','ring','A','RH',1,'2025-10-08 15:30:57','2025-10-08 15:30:57');
/*!40000 ALTER TABLE `gauge_thread_specifications` ENABLE KEYS */;
UNLOCK TABLES;

--
-- Table structure for table `gauge_transactions`
--

DROP TABLE IF EXISTS `gauge_transactions`;
/*!40101 SET @saved_cs_client     = @@character_set_client */;
/*!50503 SET character_set_client = utf8mb4 */;
CREATE TABLE `gauge_transactions` (
  `id` int NOT NULL AUTO_INCREMENT,
  `gauge_id` int NOT NULL,
  `user_id` int NOT NULL,
  `action` enum('checkout','return','transfer_out','transfer_in','calibrate','unseal','retire','qc_pass','qc_fail') NOT NULL,
  `related_user_id` int DEFAULT NULL,
  `location` varchar(255) DEFAULT NULL,
  `notes` text,
  `created_at` timestamp NULL DEFAULT CURRENT_TIMESTAMP,
  PRIMARY KEY (`id`),
  KEY `related_user_id` (`related_user_id`),
  KEY `idx_gauge_action` (`gauge_id`,`action`,`created_at`),
  KEY `idx_user_created` (`user_id`,`created_at`),
  KEY `idx_created` (`created_at`),
  CONSTRAINT `gauge_transactions_ibfk_1` FOREIGN KEY (`gauge_id`) REFERENCES `gauges` (`id`) ON DELETE CASCADE,
  CONSTRAINT `gauge_transactions_ibfk_2` FOREIGN KEY (`user_id`) REFERENCES `core_users` (`id`),
  CONSTRAINT `gauge_transactions_ibfk_3` FOREIGN KEY (`related_user_id`) REFERENCES `core_users` (`id`)
) ENGINE=InnoDB AUTO_INCREMENT=116 DEFAULT CHARSET=utf8mb4 COLLATE=utf8mb4_0900_ai_ci;
/*!40101 SET character_set_client = @saved_cs_client */;

--
-- Dumping data for table `gauge_transactions`
--
-- ORDER BY:  `id`

LOCK TABLES `gauge_transactions` WRITE;
/*!40000 ALTER TABLE `gauge_transactions` DISABLE KEYS */;
INSERT INTO `gauge_transactions` (`id`, `gauge_id`, `user_id`, `action`, `related_user_id`, `location`, `notes`, `created_at`) VALUES (80,1713,717,'checkout',717,NULL,NULL,'2025-10-08 15:31:53'),(81,1713,717,'return',NULL,NULL,'Condition: good','2025-10-08 15:36:26'),(82,1575,717,'qc_pass',NULL,'A1','QC inspection passed','2025-10-08 18:53:30'),(83,1599,717,'qc_pass',NULL,'A3','QC inspection passed','2025-10-08 18:53:36'),(84,1758,717,'qc_pass',NULL,'B5','QC inspection passed','2025-10-08 18:53:44'),(85,1599,717,'checkout',717,NULL,NULL,'2025-10-09 22:05:22'),(86,1656,717,'checkout',717,NULL,NULL,'2025-10-10 14:04:38'),(87,1656,717,'return',NULL,NULL,'Condition: good','2025-10-10 14:04:44'),(88,1755,717,'qc_pass',NULL,'Calibration Lab','QC inspection passed','2025-10-10 14:28:22'),(89,1643,717,'qc_pass',NULL,'Shop Floor','QC inspection passed','2025-10-10 14:28:25'),(90,1631,717,'qc_pass',NULL,'QC Department','QC inspection passed','2025-10-10 14:28:29'),(91,1752,717,'qc_pass',NULL,'Calibration Lab','QC inspection passed','2025-10-10 15:40:36'),(92,1693,717,'checkout',717,NULL,NULL,'2025-10-19 19:27:25'),(93,1693,717,'return',NULL,NULL,'Condition: good','2025-10-19 19:27:28'),(94,1598,717,'checkout',717,NULL,NULL,'2025-10-19 19:29:51'),(95,1598,717,'return',NULL,NULL,'Condition: good','2025-10-19 19:29:53'),(96,1573,717,'checkout',717,NULL,NULL,'2025-10-19 19:30:04'),(97,1573,717,'return',NULL,NULL,'Condition: good','2025-10-19 19:30:06'),(98,1599,717,'return',NULL,NULL,'Condition: good','2025-10-19 19:30:11'),(99,1600,717,'checkout',717,NULL,NULL,'2025-10-19 19:30:15'),(100,1612,717,'checkout',717,NULL,NULL,'2025-10-19 19:30:18'),(101,1612,717,'return',NULL,NULL,'Condition: good','2025-10-19 19:30:20'),(102,1600,717,'return',NULL,NULL,'Condition: good','2025-10-19 19:30:37'),(103,1573,717,'qc_pass',NULL,'Lab A','QC inspection passed','2025-10-19 19:31:18'),(104,1598,717,'qc_pass',NULL,'QC Department','QC inspection passed','2025-10-19 19:31:22'),(105,1599,717,'qc_pass',NULL,'A3','QC inspection passed','2025-10-19 19:31:24'),(106,1600,717,'qc_pass',NULL,'Toolroom','QC inspection passed','2025-10-19 19:31:27'),(107,1693,717,'qc_pass',NULL,'Inspection Room','QC inspection passed','2025-10-19 19:31:31'),(108,1573,717,'checkout',717,NULL,NULL,'2025-10-19 19:31:35'),(109,1598,717,'checkout',717,NULL,NULL,'2025-10-19 19:38:59'),(110,1582,717,'checkout',717,NULL,NULL,'2025-10-19 19:39:15'),(111,1638,717,'checkout',717,NULL,NULL,'2025-10-19 19:39:17'),(112,1636,717,'checkout',717,NULL,NULL,'2025-10-19 19:39:20'),(113,1582,717,'return',NULL,NULL,'Condition: good','2025-10-19 19:39:25'),(114,1636,717,'return',NULL,NULL,'Condition: good','2025-10-19 23:08:36'),(115,1693,1694552534,'checkout',1694552534,NULL,NULL,'2025-10-23 13:07:46');
/*!40000 ALTER TABLE `gauge_transactions` ENABLE KEYS */;
UNLOCK TABLES;

--
-- Table structure for table `gauge_transfers`
--

DROP TABLE IF EXISTS `gauge_transfers`;
/*!40101 SET @saved_cs_client     = @@character_set_client */;
/*!50503 SET character_set_client = utf8mb4 */;
CREATE TABLE `gauge_transfers` (
  `id` int NOT NULL AUTO_INCREMENT,
  `gauge_id` int NOT NULL,
  `from_user_id` int NOT NULL,
  `to_user_id` int NOT NULL,
  `initiated_at` timestamp NULL DEFAULT CURRENT_TIMESTAMP,
  `status` enum('pending','accepted','rejected','cancelled') DEFAULT 'pending',
  `status_changed_at` timestamp NULL DEFAULT NULL,
  `status_changed_by` int DEFAULT NULL,
  `reason` text,
  PRIMARY KEY (`id`),
  KEY `gauge_id` (`gauge_id`),
  KEY `from_user_id` (`from_user_id`),
  KEY `status_changed_by` (`status_changed_by`),
  KEY `idx_status` (`status`),
  KEY `idx_to_user` (`to_user_id`,`status`),
  CONSTRAINT `gauge_transfers_ibfk_1` FOREIGN KEY (`gauge_id`) REFERENCES `gauges` (`id`),
  CONSTRAINT `gauge_transfers_ibfk_2` FOREIGN KEY (`from_user_id`) REFERENCES `core_users` (`id`),
  CONSTRAINT `gauge_transfers_ibfk_3` FOREIGN KEY (`to_user_id`) REFERENCES `core_users` (`id`),
  CONSTRAINT `gauge_transfers_ibfk_4` FOREIGN KEY (`status_changed_by`) REFERENCES `core_users` (`id`)
) ENGINE=InnoDB AUTO_INCREMENT=35 DEFAULT CHARSET=utf8mb4 COLLATE=utf8mb4_0900_ai_ci;
/*!40101 SET character_set_client = @saved_cs_client */;

--
-- Dumping data for table `gauge_transfers`
--
-- ORDER BY:  `id`

LOCK TABLES `gauge_transfers` WRITE;
/*!40000 ALTER TABLE `gauge_transfers` DISABLE KEYS */;
INSERT INTO `gauge_transfers` (`id`, `gauge_id`, `from_user_id`, `to_user_id`, `initiated_at`, `status`, `status_changed_at`, `status_changed_by`, `reason`) VALUES (31,1599,717,10,'2025-10-09 22:05:27','rejected','2025-10-09 22:05:31',717,'Transfer request'),(32,1599,717,1694552497,'2025-10-09 22:05:37','rejected','2025-10-10 13:43:53',717,'Transfer request'),(33,1599,717,10,'2025-10-10 16:48:22','cancelled','2025-10-19 19:30:11',717,'Transfer request - Gauge returned - transfer automatically cancelled'),(34,1573,717,10,'2025-10-21 20:28:22','pending',NULL,NULL,'Transfer request');
/*!40000 ALTER TABLE `gauge_transfers` ENABLE KEYS */;
UNLOCK TABLES;

--
-- Table structure for table `gauge_unseal_requests`
--

DROP TABLE IF EXISTS `gauge_unseal_requests`;
/*!40101 SET @saved_cs_client     = @@character_set_client */;
/*!50503 SET character_set_client = utf8mb4 */;
CREATE TABLE `gauge_unseal_requests` (
  `id` int NOT NULL AUTO_INCREMENT,
  `gauge_id` int NOT NULL,
  `requested_by` int NOT NULL,
  `requested_at` timestamp NULL DEFAULT CURRENT_TIMESTAMP,
  `status` enum('pending','approved','rejected') DEFAULT 'pending',
  `status_changed_at` timestamp NULL DEFAULT NULL,
  `status_changed_by` int DEFAULT NULL,
  `reason` text NOT NULL,
  PRIMARY KEY (`id`),
  KEY `requested_by` (`requested_by`),
  KEY `status_changed_by` (`status_changed_by`),
  KEY `idx_status` (`status`),
  KEY `idx_gauge_status` (`gauge_id`,`status`),
  CONSTRAINT `gauge_unseal_requests_ibfk_1` FOREIGN KEY (`gauge_id`) REFERENCES `gauges` (`id`),
  CONSTRAINT `gauge_unseal_requests_ibfk_2` FOREIGN KEY (`requested_by`) REFERENCES `core_users` (`id`),
  CONSTRAINT `gauge_unseal_requests_ibfk_3` FOREIGN KEY (`status_changed_by`) REFERENCES `core_users` (`id`)
) ENGINE=InnoDB AUTO_INCREMENT=38 DEFAULT CHARSET=utf8mb4 COLLATE=utf8mb4_0900_ai_ci;
/*!40101 SET character_set_client = @saved_cs_client */;

--
-- Dumping data for table `gauge_unseal_requests`
--
-- ORDER BY:  `id`

LOCK TABLES `gauge_unseal_requests` WRITE;
/*!40000 ALTER TABLE `gauge_unseal_requests` DISABLE KEYS */;
INSERT INTO `gauge_unseal_requests` (`id`, `gauge_id`, `requested_by`, `requested_at`, `status`, `status_changed_at`, `status_changed_by`, `reason`) VALUES (35,1575,717,'2025-10-09 01:01:15','pending',NULL,NULL,'dff'),(36,1584,717,'2025-10-09 01:24:50','pending',NULL,NULL,'adfdf'),(37,1616,717,'2025-10-09 01:28:44','pending',NULL,NULL,'Request to unseal for use');
/*!40000 ALTER TABLE `gauge_unseal_requests` ENABLE KEYS */;
UNLOCK TABLES;

--
-- Table structure for table `gauges`
--

DROP TABLE IF EXISTS `gauges`;
/*!40101 SET @saved_cs_client     = @@character_set_client */;
/*!50503 SET character_set_client = utf8mb4 */;
CREATE TABLE `gauges` (
  `id` int NOT NULL AUTO_INCREMENT,
  `gauge_id` varchar(20) NOT NULL,
  `custom_id` varchar(50) DEFAULT NULL,
  `name` varchar(255) NOT NULL,
  `equipment_type` enum('thread_gauge','hand_tool','large_equipment','calibration_standard') NOT NULL,
  `serial_number` varchar(100) NOT NULL,
  `manufacturer` varchar(255) DEFAULT NULL,
  `model_number` varchar(100) DEFAULT NULL,
  `category_id` int NOT NULL,
  `status` enum('available','checked_out','calibration_due','pending_qc','out_of_service','pending_unseal','retired') DEFAULT 'available',
  `companion_gauge_id` int DEFAULT NULL,
  `is_spare` tinyint(1) DEFAULT '0',
  `is_sealed` tinyint(1) DEFAULT '0',
  `is_active` tinyint(1) DEFAULT '1',
  `is_deleted` tinyint(1) DEFAULT '0',
  `created_by` int NOT NULL,
  `created_at` timestamp NULL DEFAULT CURRENT_TIMESTAMP,
  `updated_at` timestamp NULL DEFAULT CURRENT_TIMESTAMP ON UPDATE CURRENT_TIMESTAMP,
  `ownership_type` enum('company','employee') NOT NULL DEFAULT 'company',
  `employee_owner_id` int DEFAULT NULL,
  `purchase_info` enum('company_issued','employee_reimbursed','employee_personal') DEFAULT NULL,
  `system_gauge_id` varchar(20) NOT NULL COMMENT 'Primary standardized identifier',
  `gauge_suffix` char(1) DEFAULT NULL COMMENT 'A=GO, B=NO GO, NULL for non-thread gauges',
  `standardized_name` varchar(255) NOT NULL COMMENT 'Auto-generated descriptive name',
  `storage_location` varchar(255) DEFAULT NULL COMMENT 'Physical storage location when gauge is available (e.g., Tool Crib A, Drawer 3)',
  PRIMARY KEY (`id`),
  UNIQUE KEY `gauge_id` (`gauge_id`),
  UNIQUE KEY `uk_system_gauge_id` (`system_gauge_id`),
  UNIQUE KEY `custom_id` (`custom_id`),
  KEY `companion_gauge_id` (`companion_gauge_id`),
  KEY `created_by` (`created_by`),
  KEY `idx_status` (`status`),
  KEY `idx_type` (`equipment_type`),
  KEY `idx_category` (`category_id`),
  KEY `idx_active_deleted` (`is_active`,`is_deleted`),
  KEY `employee_owner_id` (`employee_owner_id`),
  KEY `idx_standardized_name` (`standardized_name`),
  KEY `idx_standardization_search` (`equipment_type`,`category_id`,`is_spare`,`is_active`,`is_deleted`),
  KEY `idx_manufacturer` (`manufacturer`),
  KEY `idx_model_number` (`model_number`),
  FULLTEXT KEY `idx_search` (`gauge_id`,`custom_id`,`name`,`serial_number`),
  CONSTRAINT `gauges_ibfk_1` FOREIGN KEY (`category_id`) REFERENCES `gauge_categories` (`id`),
  CONSTRAINT `gauges_ibfk_2` FOREIGN KEY (`companion_gauge_id`) REFERENCES `gauges` (`id`),
  CONSTRAINT `gauges_ibfk_3` FOREIGN KEY (`created_by`) REFERENCES `core_users` (`id`),
  CONSTRAINT `gauges_ibfk_4` FOREIGN KEY (`employee_owner_id`) REFERENCES `core_users` (`id`)
) ENGINE=InnoDB AUTO_INCREMENT=1768 DEFAULT CHARSET=utf8mb4 COLLATE=utf8mb4_0900_ai_ci;
/*!40101 SET character_set_client = @saved_cs_client */;

--
-- Dumping data for table `gauges`
--
-- ORDER BY:  `id`

LOCK TABLES `gauges` WRITE;
/*!40000 ALTER TABLE `gauges` DISABLE KEYS */;
INSERT INTO `gauges` (`id`, `gauge_id`, `custom_id`, `name`, `equipment_type`, `serial_number`, `manufacturer`, `model_number`, `category_id`, `status`, `companion_gauge_id`, `is_spare`, `is_sealed`, `is_active`, `is_deleted`, `created_by`, `created_at`, `updated_at`, `ownership_type`, `employee_owner_id`, `purchase_info`, `system_gauge_id`, `gauge_suffix`, `standardized_name`, `storage_location`) VALUES (1568,'SP0001',NULL,'.312-18 2A RING','thread_gauge','JOE25022',NULL,NULL,41,'available',NULL,0,0,1,0,717,'2025-10-08 15:30:56','2025-10-10 14:04:06','company',NULL,NULL,'SP0001',NULL,'.312-18_2A_ring','QC Department'),(1569,'NPT0001',NULL,'.500-14 L1 PLUG','thread_gauge','SSD83947',NULL,NULL,44,'calibration_due',NULL,0,0,1,0,7,'2025-10-08 15:30:56','2025-10-09 23:30:45','company',NULL,NULL,'NPT0001',NULL,'.500-14_L1_plug','Production Line 1'),(1570,'SL0001',NULL,'.500-13 2A PLUG','thread_gauge','CPX24914',NULL,NULL,46,'available',NULL,0,0,1,0,9,'2025-10-08 15:30:56','2025-10-09 23:30:45','company',NULL,NULL,'SL0001',NULL,'.500-13_2A_plug','Receiving Area'),(1571,'NPT0002',NULL,'.375-18 L1 PLUG','thread_gauge','88241EIK',NULL,NULL,44,'checked_out',NULL,0,0,1,0,13,'2025-10-08 15:30:56','2025-10-08 15:30:56','company',NULL,NULL,'NPT0002',NULL,'.375-18_L1_plug','Inspection Room'),(1572,'SP0002',NULL,'.625-11 2A PLUG','thread_gauge','GCG04748',NULL,NULL,41,'available',NULL,0,1,1,0,7,'2025-10-08 15:30:56','2025-10-08 15:30:56','company',NULL,NULL,'SP0002',NULL,'.625-11_2A_plug','Inspection Room'),(1573,'AC0001',NULL,'.625-8 2G RING','thread_gauge','IDL18019',NULL,NULL,43,'checked_out',NULL,0,0,1,0,14,'2025-10-08 15:30:56','2025-10-19 19:31:35','company',NULL,NULL,'AC0001',NULL,'.625-8_2G_ring','Lab A'),(1574,'ST0001',NULL,'.437-14 2A PLUG','thread_gauge','WOJ75113',NULL,NULL,45,'available',NULL,1,0,1,0,9,'2025-10-08 15:30:56','2025-10-09 23:30:45','company',NULL,NULL,'ST0001',NULL,'.437-14_2A_plug','Toolroom'),(1575,'AC0002',NULL,'.750-6 2G PLUG','thread_gauge','XNN68439',NULL,NULL,43,'available',NULL,0,1,1,0,11,'2025-10-08 15:30:56','2025-10-08 18:53:31','company',NULL,NULL,'AC0002',NULL,'.750-6_2G_plug','A1'),(1576,'SP0003',NULL,'.750-10 2A PLUG','thread_gauge','98827ACX',NULL,NULL,41,'available',NULL,0,1,1,0,13,'2025-10-08 15:30:56','2025-10-08 15:30:56','company',NULL,NULL,'SP0003',NULL,'.750-10_2A_plug','Engineering Dept'),(1577,'MP0001',NULL,'M16x2.0 6g PLUG','thread_gauge','66244HYC',NULL,NULL,42,'available',NULL,0,1,1,0,11,'2025-10-08 15:30:56','2025-10-08 15:30:56','company',NULL,NULL,'MP0001',NULL,'M16x2.0_6g_plug','QC Department'),(1578,'SP0004',NULL,'.750-10 2A RING','thread_gauge','35206YDM',NULL,NULL,41,'checked_out',NULL,0,0,1,0,12,'2025-10-08 15:30:56','2025-10-08 15:30:56','company',NULL,NULL,'SP0004',NULL,'.750-10_2A_ring','Engineering Dept'),(1579,'SP0005',NULL,'.625-11 2A RING','thread_gauge','48628JRT',NULL,NULL,41,'available',NULL,0,0,1,0,10,'2025-10-08 15:30:56','2025-10-09 23:30:45','company',NULL,NULL,'SP0005',NULL,'.625-11_2A_ring','Production Line 2'),(1580,'SP0006',NULL,'.250-20 2A RING','thread_gauge','LVV53886',NULL,NULL,41,'checked_out',NULL,0,0,1,0,9,'2025-10-08 15:30:56','2025-10-08 15:30:56','company',NULL,NULL,'SP0006',NULL,'.250-20_2A_ring','Lab A'),(1581,'SP0007',NULL,'.500-13 2A RING','thread_gauge','52060TSJ',NULL,NULL,41,'available',NULL,1,0,1,0,12,'2025-10-08 15:30:56','2025-10-09 23:30:45','company',NULL,NULL,'SP0007',NULL,'.500-13_2A_ring','Lab A'),(1582,'MP0002',NULL,'M10x1.5 6g RING','thread_gauge','FGV91079',NULL,NULL,42,'pending_qc',NULL,0,0,1,0,8,'2025-10-08 15:30:56','2025-10-19 19:39:25','company',NULL,NULL,'MP0002',NULL,'M10x1.5_6g_ring','Lab B'),(1583,'SP0008',NULL,'.750-10 2A RING','thread_gauge','XDX88544',NULL,NULL,41,'checked_out',NULL,0,0,1,0,718,'2025-10-08 15:30:56','2025-10-08 15:30:56','company',NULL,NULL,'SP0008',NULL,'.750-10_2A_ring','Receiving Area'),(1584,'AC0003',NULL,'.500-10 2G RING','thread_gauge','53146WWP',NULL,NULL,43,'available',NULL,0,1,1,0,717,'2025-10-08 15:30:56','2025-10-08 15:30:56','company',NULL,NULL,'AC0003',NULL,'.500-10_2G_ring','Toolroom'),(1585,'SL0002',NULL,'.375-16 2A RING','thread_gauge','FCG36846',NULL,NULL,46,'checked_out',NULL,0,0,1,0,717,'2025-10-08 15:30:56','2025-10-08 15:30:56','company',NULL,NULL,'SL0002',NULL,'.375-16_2A_ring','Shop Floor'),(1586,'ST0002',NULL,'.375-16 2A RING','thread_gauge','PDK17059',NULL,NULL,45,'available',NULL,0,1,1,0,10,'2025-10-08 15:30:56','2025-10-10 14:26:42','company',NULL,NULL,'ST0002',NULL,'.375-16_2A_ring','Lab A'),(1587,'MP0003',NULL,'M12x1.75 6g PLUG','thread_gauge','HWX83816',NULL,NULL,42,'available',NULL,1,1,1,0,718,'2025-10-08 15:30:56','2025-10-10 14:11:36','company',NULL,NULL,'MP0003',NULL,'M12x1.75_6g_plug','Inspection Room'),(1588,'SL0003',NULL,'.875-9 2A PLUG','thread_gauge','JER90206',NULL,NULL,46,'available',NULL,0,0,1,0,14,'2025-10-08 15:30:56','2025-10-08 15:30:56','company',NULL,NULL,'SL0003',NULL,'.875-9_2A_plug','Lab B'),(1589,'SL0004',NULL,'.625-11 2A RING','thread_gauge','MNO54446',NULL,NULL,46,'available',NULL,0,0,1,0,9,'2025-10-08 15:30:56','2025-10-08 15:30:56','company',NULL,NULL,'SL0004',NULL,'.625-11_2A_ring','Production Line 1'),(1590,'SP0009',NULL,'.250-20 2A RING','thread_gauge','48937CPV',NULL,NULL,41,'calibration_due',NULL,0,0,1,0,7,'2025-10-08 15:30:56','2025-10-09 23:30:45','company',NULL,NULL,'SP0009',NULL,'.250-20_2A_ring','Toolroom'),(1591,'SL0005',NULL,'.375-16 2A RING','thread_gauge','THR31953',NULL,NULL,46,'available',NULL,0,0,1,0,718,'2025-10-08 15:30:56','2025-10-09 23:30:45','company',NULL,NULL,'SL0005',NULL,'.375-16_2A_ring','Receiving Area'),(1592,'SL0006',NULL,'.875-9 2A PLUG','thread_gauge','18003RET',NULL,NULL,46,'available',NULL,0,0,1,0,13,'2025-10-08 15:30:56','2025-10-10 14:02:16','company',NULL,NULL,'SL0006',NULL,'.875-9_2A_plug','Inspection Room'),(1593,'NPT0003',NULL,'.125-27 L1 RING','thread_gauge','44987GRN',NULL,NULL,44,'checked_out',NULL,0,0,1,0,13,'2025-10-08 15:30:56','2025-10-08 15:30:56','company',NULL,NULL,'NPT0003',NULL,'.125-27_L1_ring','Lab B'),(1594,'SL0007',NULL,'.312-18 2A RING','thread_gauge','IPZ50847',NULL,NULL,46,'checked_out',NULL,0,0,1,0,13,'2025-10-08 15:30:56','2025-10-08 15:30:56','company',NULL,NULL,'SL0007',NULL,'.312-18_2A_ring','Calibration Lab'),(1595,'MP0004',NULL,'M8x1.25 6g RING','thread_gauge','BXD41255',NULL,NULL,42,'available',NULL,0,1,1,0,10,'2025-10-08 15:30:56','2025-10-09 01:29:33','company',NULL,NULL,'MP0004',NULL,'M8x1.25_6g_ring','Shop Floor'),(1596,'MP0005',NULL,'M10x1.5 6g RING','thread_gauge','60713SML',NULL,NULL,42,'available',NULL,0,1,1,0,717,'2025-10-08 15:30:56','2025-10-08 15:30:56','company',NULL,NULL,'MP0005',NULL,'M10x1.5_6g_ring','Inspection Room'),(1597,'SL0008',NULL,'.375-16 2A RING','thread_gauge','RGL42889',NULL,NULL,46,'checked_out',NULL,0,0,1,0,14,'2025-10-08 15:30:56','2025-10-08 15:30:56','company',NULL,NULL,'SL0008',NULL,'.375-16_2A_ring','R&D Lab'),(1598,'AC0004',NULL,'.750-6 2G RING','thread_gauge','DIQ46018',NULL,NULL,43,'checked_out',NULL,0,0,1,0,13,'2025-10-08 15:30:56','2025-10-19 19:38:59','company',NULL,NULL,'AC0004',NULL,'.750-6_2G_ring','QC Department'),(1599,'AC0005',NULL,'.500-10 2G PLUG','thread_gauge','11873OBO',NULL,NULL,43,'available',NULL,0,0,1,0,11,'2025-10-08 15:30:56','2025-10-19 19:31:25','company',NULL,NULL,'AC0005',NULL,'.500-10_2G_plug','A3'),(1600,'AC0006',NULL,'.750-6 2G PLUG','thread_gauge','89405RGD',NULL,NULL,43,'available',NULL,0,0,1,0,12,'2025-10-08 15:30:56','2025-10-19 19:31:27','company',NULL,NULL,'AC0006',NULL,'.750-6_2G_plug','Toolroom'),(1601,'SL0009',NULL,'.500-13 2A RING','thread_gauge','QCP19014',NULL,NULL,46,'available',NULL,0,0,1,0,14,'2025-10-08 15:30:56','2025-10-08 15:30:56','company',NULL,NULL,'SL0009',NULL,'.500-13_2A_ring','Engineering Dept'),(1602,'NPT0004',NULL,'.375-18 L1 PLUG','thread_gauge','99461UCV',NULL,NULL,44,'available',NULL,0,1,1,0,10,'2025-10-08 15:30:56','2025-10-08 15:30:56','company',NULL,NULL,'NPT0004',NULL,'.375-18_L1_plug','Receiving Area'),(1603,'SL0010',NULL,'.312-18 2A PLUG','thread_gauge','BPB91928',NULL,NULL,46,'available',NULL,0,0,1,0,13,'2025-10-08 15:30:56','2025-10-08 15:30:56','company',NULL,NULL,'SL0010',NULL,'.312-18_2A_plug','Inspection Room'),(1604,'MP0006',NULL,'M20x2.5 6g PLUG','thread_gauge','DPF56311',NULL,NULL,42,'calibration_due',NULL,0,0,1,0,8,'2025-10-08 15:30:56','2025-10-08 15:30:56','company',NULL,NULL,'MP0006',NULL,'M20x2.5_6g_plug','QC Department'),(1605,'ST0003',NULL,'.437-14 2A RING','thread_gauge','MZS46424',NULL,NULL,45,'available',NULL,0,0,1,0,14,'2025-10-08 15:30:56','2025-10-09 23:30:45','company',NULL,NULL,'ST0003',NULL,'.437-14_2A_ring','Lab A'),(1606,'SP0010',NULL,'.625-11 2A PLUG','thread_gauge','PUJ46781',NULL,NULL,41,'checked_out',NULL,0,0,1,0,718,'2025-10-08 15:30:56','2025-10-08 15:30:56','company',NULL,NULL,'SP0010',NULL,'.625-11_2A_plug','Toolroom'),(1607,'SL0011',NULL,'.625-11 2A PLUG','thread_gauge','GNP11073',NULL,NULL,46,'available',NULL,0,0,1,0,10,'2025-10-08 15:30:56','2025-10-08 15:30:56','company',NULL,NULL,'SL0011',NULL,'.625-11_2A_plug','R&D Lab'),(1608,'SP0011',NULL,'.312-18 2A PLUG','thread_gauge','01365WAV',NULL,NULL,41,'available',NULL,1,0,1,0,10,'2025-10-08 15:30:56','2025-10-10 14:15:25','company',NULL,NULL,'SP0011',NULL,'.312-18_2A_plug','QC Department'),(1609,'NPT0005',NULL,'.500-14 L1 PLUG','thread_gauge','00319JXT',NULL,NULL,44,'checked_out',NULL,0,0,1,0,717,'2025-10-08 15:30:56','2025-10-08 15:30:56','company',NULL,NULL,'NPT0005',NULL,'.500-14_L1_plug','Shop Floor'),(1610,'MP0007',NULL,'M6x1.0 6g RING','thread_gauge','QHG35284',NULL,NULL,42,'checked_out',NULL,0,0,1,0,718,'2025-10-08 15:30:56','2025-10-08 15:30:56','company',NULL,NULL,'MP0007',NULL,'M6x1.0_6g_ring','Calibration Lab'),(1611,'SL0012',NULL,'.312-18 2A RING','thread_gauge','GLG34791',NULL,NULL,46,'available',NULL,0,1,1,0,13,'2025-10-08 15:30:56','2025-10-08 15:30:56','company',NULL,NULL,'SL0012',NULL,'.312-18_2A_ring','Lab A'),(1612,'AC0007',NULL,'.875-5 2G PLUG','thread_gauge','69042RNH',NULL,NULL,43,'pending_qc',NULL,0,0,1,0,10,'2025-10-08 15:30:57','2025-10-19 19:30:20','company',NULL,NULL,'AC0007',NULL,'.875-5_2G_plug','Calibration Lab'),(1613,'ST0004',NULL,'.750-10 2A RING','thread_gauge','EYX22100',NULL,NULL,45,'checked_out',NULL,0,0,1,0,718,'2025-10-08 15:30:57','2025-10-08 15:30:57','company',NULL,NULL,'ST0004',NULL,'.750-10_2A_ring','Production Line 2'),(1614,'ST0005',NULL,'.750-10 2A RING','thread_gauge','JRN37524',NULL,NULL,45,'checked_out',NULL,1,0,1,0,11,'2025-10-08 15:30:57','2025-10-08 15:30:57','company',NULL,NULL,'ST0005',NULL,'.750-10_2A_ring','Production Line 2'),(1615,'NPT0006',NULL,'.500-14 L1 PLUG','thread_gauge','QHO64946',NULL,NULL,44,'calibration_due',NULL,0,0,1,0,10,'2025-10-08 15:30:57','2025-10-09 23:30:45','company',NULL,NULL,'NPT0006',NULL,'.500-14_L1_plug','Lab A'),(1616,'AC0008',NULL,'.875-5 2G PLUG','thread_gauge','50505IYC',NULL,NULL,43,'available',NULL,0,1,1,0,11,'2025-10-08 15:30:57','2025-10-09 01:28:34','company',NULL,NULL,'AC0008',NULL,'.875-5_2G_plug','Engineering Dept'),(1617,'SL0013',NULL,'.500-13 2A RING','thread_gauge','80461IOA',NULL,NULL,46,'available',NULL,0,1,1,0,11,'2025-10-08 15:30:57','2025-10-09 23:30:45','company',NULL,NULL,'SL0013',NULL,'.500-13_2A_ring','R&D Lab'),(1618,'NPT0007',NULL,'.250-18 L1 RING','thread_gauge','TMC53478',NULL,NULL,44,'checked_out',NULL,0,0,1,0,14,'2025-10-08 15:30:57','2025-10-08 15:30:57','company',NULL,NULL,'NPT0007',NULL,'.250-18_L1_ring','Production Line 2'),(1619,'AC0009',NULL,'.625-8 2G PLUG','thread_gauge','VBP67486',NULL,NULL,43,'available',NULL,0,1,1,0,7,'2025-10-08 15:30:57','2025-10-09 23:30:44','company',NULL,NULL,'AC0009',NULL,'.625-8_2G_plug','Receiving Area'),(1620,'AC0010',NULL,'.500-10 2G RING','thread_gauge','12627IZV',NULL,NULL,43,'available',NULL,0,1,1,0,8,'2025-10-08 15:30:57','2025-10-09 01:29:33','company',NULL,NULL,'AC0010',NULL,'.500-10_2G_ring','R&D Lab'),(1621,'ST0006',NULL,'.500-13 2A PLUG','thread_gauge','AFS76227',NULL,NULL,45,'available',NULL,0,1,1,0,12,'2025-10-08 15:30:57','2025-10-08 15:30:57','company',NULL,NULL,'ST0006',NULL,'.500-13_2A_plug','Production Line 1'),(1622,'NPT0008',NULL,'.250-18 L1 PLUG','thread_gauge','TAZ83162',NULL,NULL,44,'checked_out',NULL,0,0,1,0,7,'2025-10-08 15:30:57','2025-10-08 15:30:57','company',NULL,NULL,'NPT0008',NULL,'.250-18_L1_plug','Calibration Lab'),(1623,'SL0014',NULL,'.500-13 2A PLUG','thread_gauge','YMG79324',NULL,NULL,46,'available',NULL,0,0,1,0,14,'2025-10-08 15:30:57','2025-10-08 15:30:57','company',NULL,NULL,'SL0014',NULL,'.500-13_2A_plug','Toolroom'),(1624,'MP0008',NULL,'M16x2.0 6g PLUG','thread_gauge','22825QAK',NULL,NULL,42,'available',NULL,0,0,1,0,9,'2025-10-08 15:30:57','2025-10-09 23:28:36','company',NULL,NULL,'MP0008',NULL,'M16x2.0_6g_plug','Shop Floor'),(1625,'MP0009',NULL,'M8x1.25 6g PLUG','thread_gauge','12279AGG',NULL,NULL,42,'available',NULL,0,1,1,0,718,'2025-10-08 15:30:57','2025-10-09 23:30:44','company',NULL,NULL,'MP0009',NULL,'M8x1.25_6g_plug','Shop Floor'),(1626,'SP0012',NULL,'.437-14 2A RING','thread_gauge','NWS01143',NULL,NULL,41,'calibration_due',NULL,0,0,1,0,9,'2025-10-08 15:30:57','2025-10-09 23:30:45','company',NULL,NULL,'SP0012',NULL,'.437-14_2A_ring','Lab B'),(1627,'NPT0009',NULL,'.375-18 L1 RING','thread_gauge','03778VOC',NULL,NULL,44,'available',NULL,0,0,1,0,14,'2025-10-08 15:30:57','2025-10-09 23:30:45','company',NULL,NULL,'NPT0009',NULL,'.375-18_L1_ring','Inspection Room'),(1628,'SP0013',NULL,'.437-14 2A PLUG','thread_gauge','ADL59800',NULL,NULL,41,'available',NULL,0,1,1,0,12,'2025-10-08 15:30:57','2025-10-09 01:29:33','company',NULL,NULL,'SP0013',NULL,'.437-14_2A_plug','Inspection Room'),(1629,'MP0010',NULL,'M16x2.0 6g RING','thread_gauge','DUB05472',NULL,NULL,42,'available',NULL,1,1,1,0,14,'2025-10-08 15:30:57','2025-10-09 01:29:33','company',NULL,NULL,'MP0010',NULL,'M16x2.0_6g_ring','Toolroom'),(1630,'SL0015',NULL,'.437-14 2A RING','thread_gauge','XLQ60999',NULL,NULL,46,'available',NULL,1,0,1,0,12,'2025-10-08 15:30:57','2025-10-08 15:30:57','company',NULL,NULL,'SL0015',NULL,'.437-14_2A_ring','Calibration Lab'),(1631,'NPT0010',NULL,'.375-18 L1 RING','thread_gauge','KIT24195',NULL,NULL,44,'available',NULL,1,1,1,0,10,'2025-10-08 15:30:57','2025-10-10 14:28:30','company',NULL,NULL,'NPT0010',NULL,'.375-18_L1_ring','QC Department'),(1632,'SL0016',NULL,'.437-14 2A PLUG','thread_gauge','LCT23720',NULL,NULL,46,'available',NULL,0,0,1,0,717,'2025-10-08 15:30:57','2025-10-09 23:30:45','company',NULL,NULL,'SL0016',NULL,'.437-14_2A_plug','Engineering Dept'),(1633,'MP0011',NULL,'M6x1.0 6g RING','thread_gauge','39060OKH',NULL,NULL,42,'available',NULL,0,1,1,0,11,'2025-10-08 15:30:57','2025-10-09 01:29:33','company',NULL,NULL,'MP0011',NULL,'M6x1.0_6g_ring','QC Department'),(1634,'SP0014',NULL,'.250-20 2A RING','thread_gauge','58119UXT',NULL,NULL,41,'available',NULL,0,0,1,0,14,'2025-10-08 15:30:57','2025-10-09 23:30:45','company',NULL,NULL,'SP0014',NULL,'.250-20_2A_ring','Calibration Lab'),(1635,'ST0007',NULL,'.750-10 2A RING','thread_gauge','86333HBR',NULL,NULL,45,'available',NULL,1,1,1,0,11,'2025-10-08 15:30:57','2025-10-09 01:29:33','company',NULL,NULL,'ST0007',NULL,'.750-10_2A_ring','Shop Floor'),(1636,'AC0011',NULL,'.500-10 2G PLUG','thread_gauge','AUY52620',NULL,NULL,43,'pending_qc',NULL,0,0,1,0,8,'2025-10-08 15:30:57','2025-10-19 23:08:36','company',NULL,NULL,'AC0011',NULL,'.500-10_2G_plug','Lab A'),(1637,'SP0015',NULL,'.875-9 2A RING','thread_gauge','XWK48553',NULL,NULL,41,'available',NULL,0,0,1,0,9,'2025-10-08 15:30:57','2025-10-10 14:12:02','company',NULL,NULL,'SP0015',NULL,'.875-9_2A_ring','Inspection Room'),(1638,'AC0012',NULL,'.875-5 2G RING','thread_gauge','74415VSF',NULL,NULL,43,'checked_out',NULL,0,0,1,0,718,'2025-10-08 15:30:57','2025-10-19 19:39:17','company',NULL,NULL,'AC0012',NULL,'.875-5_2G_ring','Inspection Room'),(1639,'NPT0011',NULL,'.375-18 L1 PLUG','thread_gauge','ADT11129',NULL,NULL,44,'available',NULL,0,0,1,0,13,'2025-10-08 15:30:57','2025-10-08 15:30:57','company',NULL,NULL,'NPT0011',NULL,'.375-18_L1_plug','R&D Lab'),(1640,'NPT0012',NULL,'.375-18 L1 PLUG','thread_gauge','NGR97604',NULL,NULL,44,'available',NULL,0,0,1,0,12,'2025-10-08 15:30:57','2025-10-09 23:30:45','company',NULL,NULL,'NPT0012',NULL,'.375-18_L1_plug','Production Line 1'),(1641,'SP0016',NULL,'.625-11 2A PLUG','thread_gauge','NLJ14053',NULL,NULL,41,'available',NULL,0,0,1,0,9,'2025-10-08 15:30:57','2025-10-08 15:30:57','company',NULL,NULL,'SP0016',NULL,'.625-11_2A_plug','Inspection Room'),(1642,'SP0017',NULL,'.750-10 2A PLUG','thread_gauge','BSF80539',NULL,NULL,41,'checked_out',NULL,0,0,1,0,718,'2025-10-08 15:30:57','2025-10-08 15:30:57','company',NULL,NULL,'SP0017',NULL,'.750-10_2A_plug','Receiving Area'),(1643,'SL0017',NULL,'.750-10 2A PLUG','thread_gauge','81241CXZ',NULL,NULL,46,'available',NULL,0,1,1,0,8,'2025-10-08 15:30:57','2025-10-10 14:28:26','company',NULL,NULL,'SL0017',NULL,'.750-10_2A_plug','Shop Floor'),(1644,'SL0018',NULL,'.250-20 2A RING','thread_gauge','MXL22503',NULL,NULL,46,'available',NULL,0,1,1,0,13,'2025-10-08 15:30:57','2025-10-09 01:29:33','company',NULL,NULL,'SL0018',NULL,'.250-20_2A_ring','Receiving Area'),(1645,'NPT0013',NULL,'.125-27 L1 RING','thread_gauge','25652RRH',NULL,NULL,44,'available',NULL,0,0,1,0,10,'2025-10-08 15:30:57','2025-10-09 23:30:45','company',NULL,NULL,'NPT0013',NULL,'.125-27_L1_ring','R&D Lab'),(1646,'NPT0014',NULL,'.125-27 L1 PLUG','thread_gauge','DVI40680',NULL,NULL,44,'checked_out',NULL,0,0,1,0,12,'2025-10-08 15:30:57','2025-10-08 15:30:57','company',NULL,NULL,'NPT0014',NULL,'.125-27_L1_plug','Production Line 2'),(1647,'MP0012',NULL,'M8x1.25 6g RING','thread_gauge','TUP66277',NULL,NULL,42,'available',NULL,0,1,1,0,13,'2025-10-08 15:30:57','2025-10-09 23:30:44','company',NULL,NULL,'MP0012',NULL,'M8x1.25_6g_ring','Shop Floor'),(1648,'CA0001',NULL,'0-24\" dial Caliper','hand_tool','79895WWG',NULL,NULL,47,'checked_out',NULL,0,0,1,0,718,'2025-10-08 15:30:57','2025-10-08 15:30:57','company',NULL,NULL,'CA0001',NULL,'caliper_dial_0-24','Calibration Lab'),(1649,'MI0001',NULL,'2-3\" digital Micrometer','hand_tool','33996CBG',NULL,NULL,48,'available',NULL,0,0,1,0,13,'2025-10-08 15:30:57','2025-10-09 23:30:44','company',NULL,NULL,'MI0001',NULL,'micrometer_digital_2-3','Lab A'),(1650,'CA0002',NULL,'0-8\" dial Caliper','hand_tool','95871KAH',NULL,NULL,47,'available',NULL,0,0,1,0,14,'2025-10-08 15:30:57','2025-10-09 23:30:44','company',NULL,NULL,'CA0002',NULL,'caliper_dial_0-8','Lab A'),(1651,'DG0001',NULL,'0-12\" dial Depth Gauge','hand_tool','TMR28470',NULL,NULL,49,'available',NULL,0,0,1,0,11,'2025-10-08 15:30:57','2025-10-09 23:30:44','company',NULL,NULL,'DG0001',NULL,'depth_gauge_dial_0-12','Production Line 2'),(1652,'CA0003',NULL,'0-6\" digital Caliper','hand_tool','JQE19705',NULL,NULL,47,'available',NULL,1,0,1,0,717,'2025-10-08 15:30:57','2025-10-08 15:30:57','employee',718,NULL,'CA0003',NULL,'caliper_digital_0-6','Production Line 2'),(1653,'DG0002',NULL,'0-6\" dial Depth Gauge','hand_tool','RHV15564',NULL,NULL,49,'checked_out',NULL,0,0,1,0,12,'2025-10-08 15:30:57','2025-10-08 15:30:57','company',NULL,NULL,'DG0002',NULL,'depth_gauge_dial_0-6','Production Line 1'),(1654,'DG0003',NULL,'0-4\" digital Depth Gauge','hand_tool','90523LBN',NULL,NULL,49,'available',NULL,0,0,1,0,717,'2025-10-08 15:30:57','2025-10-08 15:30:57','employee',718,NULL,'DG0003',NULL,'depth_gauge_digital_0-4','Receiving Area'),(1655,'BG0001',NULL,'0.7918-4.8851\" digital Bore Gauge','hand_tool','XCY73873',NULL,NULL,50,'available',NULL,0,0,1,0,12,'2025-10-08 15:30:57','2025-10-09 23:30:44','employee',11,NULL,'BG0001',NULL,'bore_gauge_digital_0.7918-4.8851','Engineering Dept'),(1656,'BG0002',NULL,'1.4087-4.4984\" digital Bore Gauge','hand_tool','HXN39294',NULL,NULL,50,'available',NULL,0,0,1,0,14,'2025-10-08 15:30:57','2025-10-10 14:04:59','company',NULL,NULL,'BG0002',NULL,'bore_gauge_digital_1.4087-4.4984','Calibration Lab'),(1657,'DG0004',NULL,'0-12\" dial Depth Gauge','hand_tool','FGE60706',NULL,NULL,49,'available',NULL,0,0,1,0,7,'2025-10-08 15:30:57','2025-10-09 23:30:44','employee',718,NULL,'DG0004',NULL,'depth_gauge_dial_0-12','Receiving Area'),(1658,'BG0003',NULL,'1.6487-4.5468\" digital Bore Gauge','hand_tool','33827XMV',NULL,NULL,50,'available',NULL,0,0,1,0,718,'2025-10-08 15:30:57','2025-10-10 13:45:44','employee',11,NULL,'BG0003',NULL,'bore_gauge_digital_1.6487-4.5468','Engineering Dept'),(1659,'BG0004',NULL,'0.9755-4.2162\" digital Bore Gauge','hand_tool','ELR02650',NULL,NULL,50,'calibration_due',NULL,0,0,1,0,13,'2025-10-08 15:30:57','2025-10-09 23:30:44','company',NULL,NULL,'BG0004',NULL,'bore_gauge_digital_0.9755-4.2162','Shop Floor'),(1660,'DG0005',NULL,'0-4\" digital Depth Gauge','hand_tool','HMT34708',NULL,NULL,49,'available',NULL,0,0,1,0,7,'2025-10-08 15:30:57','2025-10-08 15:30:57','employee',718,NULL,'DG0005',NULL,'depth_gauge_digital_0-4','Engineering Dept'),(1661,'MI0002',NULL,'3-4\" dial Micrometer','hand_tool','EOX63946',NULL,NULL,48,'available',NULL,0,0,1,0,14,'2025-10-08 15:30:57','2025-10-09 23:30:44','employee',9,NULL,'MI0002',NULL,'micrometer_dial_3-4','Lab B'),(1662,'CA0004',NULL,'0-24\" digital Caliper','hand_tool','78257HEI',NULL,NULL,47,'available',NULL,0,0,1,0,7,'2025-10-08 15:30:57','2025-10-10 13:45:49','employee',14,NULL,'CA0004',NULL,'caliper_digital_0-24','Calibration Lab'),(1663,'DG0006',NULL,'0-6\" digital Depth Gauge','hand_tool','12164MRK',NULL,NULL,49,'calibration_due',NULL,0,0,1,0,9,'2025-10-08 15:30:57','2025-10-09 23:30:44','company',NULL,NULL,'DG0006',NULL,'depth_gauge_digital_0-6','R&D Lab'),(1664,'CA0005',NULL,'0-24\" dial Caliper','hand_tool','27162ERS',NULL,NULL,47,'available',NULL,0,0,1,0,11,'2025-10-08 15:30:57','2025-10-08 15:30:57','company',NULL,NULL,'CA0005',NULL,'caliper_dial_0-24','Toolroom'),(1665,'MI0003',NULL,'1-2\" dial Micrometer','hand_tool','38649DUR',NULL,NULL,48,'available',NULL,0,0,1,0,9,'2025-10-08 15:30:57','2025-10-09 23:30:44','employee',7,NULL,'MI0003',NULL,'micrometer_dial_1-2','Receiving Area'),(1666,'DG0007',NULL,'0-12\" digital Depth Gauge','hand_tool','VFZ14837',NULL,NULL,49,'available',NULL,0,0,1,0,12,'2025-10-08 15:30:57','2025-10-08 15:30:57','employee',11,NULL,'DG0007',NULL,'depth_gauge_digital_0-12','Calibration Lab'),(1667,'DG0008',NULL,'0-4\" digital Depth Gauge','hand_tool','AWZ90154',NULL,NULL,49,'calibration_due',NULL,0,0,1,0,14,'2025-10-08 15:30:57','2025-10-09 23:30:44','company',NULL,NULL,'DG0008',NULL,'depth_gauge_digital_0-4','Production Line 2'),(1668,'BG0005',NULL,'1.3591-5.489599999999999\" dial Bore Gauge','hand_tool','41073KIW',NULL,NULL,50,'checked_out',NULL,0,0,1,0,14,'2025-10-08 15:30:57','2025-10-08 15:30:57','company',NULL,NULL,'BG0005',NULL,'bore_gauge_dial_1.3591-5.489599999999999','Engineering Dept'),(1669,'BG0006',NULL,'1.0406-6.3849\" digital Bore Gauge','hand_tool','QMZ94958',NULL,NULL,50,'available',NULL,0,0,1,0,717,'2025-10-08 15:30:57','2025-10-08 15:30:57','employee',12,NULL,'BG0006',NULL,'bore_gauge_digital_1.0406-6.3849','QC Department'),(1670,'DG0009',NULL,'0-12\" digital Depth Gauge','hand_tool','NLQ23918',NULL,NULL,49,'checked_out',NULL,0,0,1,0,12,'2025-10-08 15:30:57','2025-10-08 15:30:57','company',NULL,NULL,'DG0009',NULL,'depth_gauge_digital_0-12','Production Line 2'),(1671,'DG0010',NULL,'0-4\" digital Depth Gauge','hand_tool','VFJ65601',NULL,NULL,49,'available',NULL,0,0,1,0,10,'2025-10-08 15:30:57','2025-10-08 15:30:57','company',NULL,NULL,'DG0010',NULL,'depth_gauge_digital_0-4','R&D Lab'),(1672,'BG0007',NULL,'0.8019-4.3248\" dial Bore Gauge','hand_tool','ZWW36167',NULL,NULL,50,'checked_out',NULL,0,0,1,0,11,'2025-10-08 15:30:57','2025-10-08 15:30:57','company',NULL,NULL,'BG0007',NULL,'bore_gauge_dial_0.8019-4.3248','Shop Floor'),(1673,'BG0008',NULL,'1.8259-4.2263\" digital Bore Gauge','hand_tool','09241KJM',NULL,NULL,50,'available',NULL,0,0,1,0,7,'2025-10-08 15:30:57','2025-10-08 15:30:57','employee',12,NULL,'BG0008',NULL,'bore_gauge_digital_1.8259-4.2263','Receiving Area'),(1674,'CA0006',NULL,'0-8\" dial Caliper','hand_tool','EKE44961',NULL,NULL,47,'available',NULL,0,0,1,0,717,'2025-10-08 15:30:57','2025-10-08 15:30:57','company',NULL,NULL,'CA0006',NULL,'caliper_dial_0-8','Shop Floor'),(1675,'BG0009',NULL,'1.5693-4.4107\" dial Bore Gauge','hand_tool','GBC24717',NULL,NULL,50,'checked_out',NULL,0,0,1,0,12,'2025-10-08 15:30:57','2025-10-08 15:30:57','company',NULL,NULL,'BG0009',NULL,'bore_gauge_dial_1.5693-4.4107','Inspection Room'),(1676,'CA0007',NULL,'0-24\" digital Caliper','hand_tool','XHQ66443',NULL,NULL,47,'checked_out',NULL,0,0,1,0,9,'2025-10-08 15:30:57','2025-10-08 15:30:57','company',NULL,NULL,'CA0007',NULL,'caliper_digital_0-24','Receiving Area'),(1677,'MI0004',NULL,'1-2\" dial Micrometer','hand_tool','DTI52236',NULL,NULL,48,'checked_out',NULL,0,0,1,0,8,'2025-10-08 15:30:57','2025-10-08 15:30:57','company',NULL,NULL,'MI0004',NULL,'micrometer_dial_1-2','Production Line 2'),(1678,'CA0008',NULL,'0-6\" dial Caliper','hand_tool','86793JRG',NULL,NULL,47,'calibration_due',NULL,0,0,1,0,717,'2025-10-08 15:30:57','2025-10-08 15:30:57','company',NULL,NULL,'CA0008',NULL,'caliper_dial_0-6','Toolroom'),(1679,'MI0005',NULL,'2-3\" digital Micrometer','hand_tool','YRC78807',NULL,NULL,48,'available',NULL,0,0,1,0,9,'2025-10-08 15:30:57','2025-10-09 23:30:44','company',NULL,NULL,'MI0005',NULL,'micrometer_digital_2-3','Lab A'),(1680,'MI0006',NULL,'2-3\" digital Micrometer','hand_tool','75816MFN',NULL,NULL,48,'available',NULL,0,0,1,0,717,'2025-10-08 15:30:57','2025-10-10 13:45:55','employee',13,NULL,'MI0006',NULL,'micrometer_digital_2-3','Toolroom'),(1681,'CA0009',NULL,'0-24\" digital Caliper','hand_tool','WVH69202',NULL,NULL,47,'calibration_due',NULL,0,0,1,0,11,'2025-10-08 15:30:57','2025-10-09 23:30:44','company',NULL,NULL,'CA0009',NULL,'caliper_digital_0-24','Shop Floor'),(1682,'BG0010',NULL,'1.1624-5.6739\" dial Bore Gauge','hand_tool','XHR00060',NULL,NULL,50,'checked_out',NULL,0,0,1,0,14,'2025-10-08 15:30:57','2025-10-08 15:30:57','company',NULL,NULL,'BG0010',NULL,'bore_gauge_dial_1.1624-5.6739','Receiving Area'),(1683,'BG0011',NULL,'1.2451-5.1671000000000005\" digital Bore Gauge','hand_tool','35460ZKV',NULL,NULL,50,'available',NULL,0,0,1,0,718,'2025-10-08 15:30:57','2025-10-08 15:30:57','company',NULL,NULL,'BG0011',NULL,'bore_gauge_digital_1.2451-5.1671000000000005','QC Department'),(1684,'DG0011',NULL,'0-12\" dial Depth Gauge','hand_tool','56110ECG',NULL,NULL,49,'available',NULL,0,0,1,0,14,'2025-10-08 15:30:57','2025-10-08 15:30:57','employee',7,NULL,'DG0011',NULL,'depth_gauge_dial_0-12','Production Line 1'),(1685,'BG0012',NULL,'0.7347-5.9142\" dial Bore Gauge','hand_tool','FWU33086',NULL,NULL,50,'available',NULL,0,0,1,0,12,'2025-10-08 15:30:57','2025-10-09 23:30:44','company',NULL,NULL,'BG0012',NULL,'bore_gauge_dial_0.7347-5.9142','Lab A'),(1686,'CA0010',NULL,'0-6\" digital Caliper','hand_tool','50520BJK',NULL,NULL,47,'checked_out',NULL,0,0,1,0,8,'2025-10-08 15:30:57','2025-10-08 15:30:57','company',NULL,NULL,'CA0010',NULL,'caliper_digital_0-6','R&D Lab'),(1687,'CA0011',NULL,'0-8\" dial Caliper','hand_tool','EXB96540',NULL,NULL,47,'available',NULL,0,0,1,0,8,'2025-10-08 15:30:57','2025-10-08 15:30:57','company',NULL,NULL,'CA0011',NULL,'caliper_dial_0-8','Production Line 2'),(1688,'MI0007',NULL,'3-4\" dial Micrometer','hand_tool','WUL06853',NULL,NULL,48,'available',NULL,1,0,1,0,13,'2025-10-08 15:30:57','2025-10-08 15:30:57','employee',10,NULL,'MI0007',NULL,'micrometer_dial_3-4','Production Line 2'),(1689,'MI0008',NULL,'3-4\" digital Micrometer','hand_tool','36049SKY',NULL,NULL,48,'available',NULL,0,0,1,0,12,'2025-10-08 15:30:57','2025-10-10 13:45:58','employee',7,NULL,'MI0008',NULL,'micrometer_digital_3-4','R&D Lab'),(1690,'DG0012',NULL,'0-4\" dial Depth Gauge','hand_tool','KAB43720',NULL,NULL,49,'available',NULL,0,0,1,0,8,'2025-10-08 15:30:57','2025-10-08 15:30:57','company',NULL,NULL,'DG0012',NULL,'depth_gauge_dial_0-4','QC Department'),(1691,'CA0012',NULL,'0-6\" dial Caliper','hand_tool','HUY92968',NULL,NULL,47,'available',NULL,0,0,1,0,14,'2025-10-08 15:30:58','2025-10-23 01:01:00','employee',14,NULL,'CA0012',NULL,'caliper_dial_0-6','Production Line 1'),(1692,'CA0013',NULL,'0-24\" digital Caliper','hand_tool','YKI09262',NULL,NULL,47,'available',NULL,0,0,1,0,12,'2025-10-08 15:30:58','2025-10-22 18:30:28','employee',12,NULL,'CA0013',NULL,'caliper_digital_0-24','QC Department'),(1693,'BG0013',NULL,'1.7218-7.4509\" digital Bore Gauge','hand_tool','OWO82337',NULL,NULL,50,'checked_out',NULL,0,0,1,0,9,'2025-10-08 15:30:58','2025-10-23 13:07:46','company',NULL,NULL,'BG0013',NULL,'bore_gauge_digital_1.7218-7.4509','Inspection Room'),(1694,'MI0009',NULL,'1-2\" dial Micrometer','hand_tool','10233GNW',NULL,NULL,48,'available',NULL,0,0,1,0,717,'2025-10-08 15:30:58','2025-10-09 23:30:44','company',NULL,NULL,'MI0009',NULL,'micrometer_dial_1-2','Lab A'),(1695,'MI0010',NULL,'0-1\" digital Micrometer','hand_tool','DOA77867',NULL,NULL,48,'available',NULL,0,0,1,0,7,'2025-10-08 15:30:58','2025-10-10 13:45:59','employee',13,NULL,'MI0010',NULL,'micrometer_digital_0-1','Calibration Lab'),(1696,'CA0014',NULL,'0-12\" digital Caliper','hand_tool','XZO65215',NULL,NULL,47,'available',NULL,0,0,1,0,13,'2025-10-08 15:30:58','2025-10-09 23:30:44','employee',14,NULL,'CA0014',NULL,'caliper_digital_0-12','Calibration Lab'),(1697,'MI0011',NULL,'3-4\" dial Micrometer','hand_tool','EVW66207',NULL,NULL,48,'available',NULL,0,0,1,0,12,'2025-10-08 15:30:58','2025-10-09 23:30:44','company',NULL,NULL,'MI0011',NULL,'micrometer_dial_3-4','Receiving Area'),(1698,'CA0015',NULL,'0-12\" digital Caliper','hand_tool','67870ESS',NULL,NULL,47,'available',NULL,0,0,1,0,9,'2025-10-08 15:30:58','2025-10-09 23:30:44','employee',8,NULL,'CA0015',NULL,'caliper_digital_0-12','Engineering Dept'),(1699,'CA0016',NULL,'0-6\" dial Caliper','hand_tool','36628DFE',NULL,NULL,47,'available',NULL,0,0,1,0,9,'2025-10-08 15:30:58','2025-10-09 23:30:44','company',NULL,NULL,'CA0016',NULL,'caliper_dial_0-6','Shop Floor'),(1700,'CA0017',NULL,'0-24\" dial Caliper','hand_tool','BJR99969',NULL,NULL,47,'available',NULL,0,0,1,0,10,'2025-10-08 15:30:58','2025-10-09 23:30:44','employee',12,NULL,'CA0017',NULL,'caliper_dial_0-24','Production Line 1'),(1701,'CA0018',NULL,'0-12\" digital Caliper','hand_tool','66717CRF',NULL,NULL,47,'available',NULL,0,0,1,0,11,'2025-10-08 15:30:58','2025-10-10 13:45:52','employee',14,NULL,'CA0018',NULL,'caliper_digital_0-12','Production Line 1'),(1702,'DG0013',NULL,'0-4\" digital Depth Gauge','hand_tool','PMO73088',NULL,NULL,49,'available',NULL,0,0,1,0,7,'2025-10-08 15:30:58','2025-10-08 15:30:58','company',NULL,NULL,'DG0013',NULL,'depth_gauge_digital_0-4','R&D Lab'),(1703,'BG0014',NULL,'1.7271-3.9527\" digital Bore Gauge','hand_tool','KZF15288',NULL,NULL,50,'checked_out',NULL,0,0,1,0,13,'2025-10-08 15:30:58','2025-10-08 15:30:58','company',NULL,NULL,'BG0014',NULL,'bore_gauge_digital_1.7271-3.9527','Toolroom'),(1704,'MI0012',NULL,'2-3\" digital Micrometer','hand_tool','HYQ11279',NULL,NULL,48,'checked_out',NULL,0,0,1,0,11,'2025-10-08 15:30:58','2025-10-08 15:30:58','company',NULL,NULL,'MI0012',NULL,'micrometer_digital_2-3','Production Line 1'),(1705,'CA0019',NULL,'0-12\" dial Caliper','hand_tool','SDZ85657',NULL,NULL,47,'available',NULL,0,0,1,0,14,'2025-10-08 15:30:58','2025-10-08 15:30:58','employee',10,NULL,'CA0019',NULL,'caliper_dial_0-12','Calibration Lab'),(1706,'MI0013',NULL,'0-1\" digital Micrometer','hand_tool','55430VUY',NULL,NULL,48,'checked_out',NULL,0,0,1,0,10,'2025-10-08 15:30:58','2025-10-08 15:30:58','company',NULL,NULL,'MI0013',NULL,'micrometer_digital_0-1','Production Line 1'),(1707,'MI0014',NULL,'3-4\" dial Micrometer','hand_tool','JBD95785',NULL,NULL,48,'calibration_due',NULL,0,0,1,0,718,'2025-10-08 15:30:58','2025-10-08 15:30:58','company',NULL,NULL,'MI0014',NULL,'micrometer_dial_3-4','R&D Lab'),(1708,'SPL0001',NULL,'Surface Plate - 36x48\" Grade A','large_equipment','BDA04186',NULL,NULL,54,'out_of_service',NULL,0,0,1,0,717,'2025-10-08 15:30:58','2025-10-08 15:30:58','company',NULL,NULL,'SPL0001',NULL,'surface_plate_equipment','Engineering Dept'),(1709,'OC0001',NULL,'Optical Comparator - 10\" screen','large_equipment','49880EWC',NULL,NULL,52,'available',NULL,0,0,1,0,10,'2025-10-08 15:30:58','2025-10-10 13:52:58','company',NULL,NULL,'OC0001',NULL,'optical_comparator_equipment','Engineering Dept'),(1710,'HG0001',NULL,'Height Gauge - 12\" range','large_equipment','HRK06992',NULL,NULL,53,'available',NULL,0,0,1,0,8,'2025-10-08 15:30:58','2025-10-08 15:30:58','company',NULL,NULL,'HG0001',NULL,'height_gauge_equipment','Shop Floor'),(1711,'HG0002',NULL,'Height Gauge - 40\" range','large_equipment','KTJ61086',NULL,NULL,53,'available',NULL,0,0,1,0,13,'2025-10-08 15:30:58','2025-10-09 23:30:44','company',NULL,NULL,'HG0002',NULL,'height_gauge_equipment','Lab B'),(1712,'HT0001',NULL,'Hardness Tester - Brinell','large_equipment','42113ZHF',NULL,NULL,55,'out_of_service',NULL,0,0,1,0,8,'2025-10-08 15:30:58','2025-10-08 15:30:58','company',NULL,NULL,'HT0001',NULL,'hardness_tester_equipment','Lab A'),(1713,'HG0003',NULL,'Height Gauge - 18\" range','large_equipment','MBY69418',NULL,NULL,53,'available',NULL,0,0,1,0,9,'2025-10-08 15:30:58','2025-10-10 13:56:35','company',NULL,NULL,'HG0003',NULL,'height_gauge_equipment','Lab A'),(1714,'FT0001',NULL,'Force/Torque Tester - 1000 lbf','large_equipment','81134LBN',NULL,NULL,56,'out_of_service',NULL,0,0,1,0,718,'2025-10-08 15:30:58','2025-10-08 15:30:58','company',NULL,NULL,'FT0001',NULL,'force_torque_tester_equipment','Toolroom'),(1715,'OC0002',NULL,'Optical Comparator - 10\" screen','large_equipment','11208ZYW',NULL,NULL,52,'available',NULL,0,0,1,0,12,'2025-10-08 15:30:58','2025-10-09 23:30:45','company',NULL,NULL,'OC0002',NULL,'optical_comparator_equipment','R&D Lab'),(1716,'HT0002',NULL,'Hardness Tester - Vickers','large_equipment','KLL70438',NULL,NULL,55,'out_of_service',NULL,0,0,1,0,717,'2025-10-08 15:30:58','2025-10-08 15:30:58','company',NULL,NULL,'HT0002',NULL,'hardness_tester_equipment','Production Line 1'),(1717,'SPL0002',NULL,'Surface Plate - 48x72\" Grade A','large_equipment','10445KBG',NULL,NULL,54,'out_of_service',NULL,0,0,1,0,718,'2025-10-08 15:30:58','2025-10-08 15:30:58','company',NULL,NULL,'SPL0002',NULL,'surface_plate_equipment','Lab B'),(1718,'SPL0003',NULL,'Surface Plate - 48x72\" Grade A','large_equipment','RLY34861',NULL,NULL,54,'available',NULL,0,0,1,0,10,'2025-10-08 15:30:58','2025-10-10 13:56:35','company',NULL,NULL,'SPL0003',NULL,'surface_plate_equipment','Calibration Lab'),(1719,'SPL0004',NULL,'Surface Plate - 18x24\" Grade A','large_equipment','24617XNF',NULL,NULL,54,'out_of_service',NULL,0,0,1,0,14,'2025-10-08 15:30:58','2025-10-08 15:30:58','company',NULL,NULL,'SPL0004',NULL,'surface_plate_equipment','Calibration Lab'),(1720,'OC0003',NULL,'Optical Comparator - 10\" screen','large_equipment','BLR76338',NULL,NULL,52,'out_of_service',NULL,0,0,1,0,8,'2025-10-08 15:30:58','2025-10-08 15:30:58','company',NULL,NULL,'OC0003',NULL,'optical_comparator_equipment','Receiving Area'),(1721,'HT0003',NULL,'Hardness Tester - Brinell','large_equipment','14200PHH',NULL,NULL,55,'available',NULL,0,0,1,0,8,'2025-10-08 15:30:58','2025-10-10 13:56:35','company',NULL,NULL,'HT0003',NULL,'hardness_tester_equipment','Production Line 2'),(1722,'HG0004',NULL,'Height Gauge - 12\" range','large_equipment','XIY60145',NULL,NULL,53,'available',NULL,0,0,1,0,13,'2025-10-08 15:30:58','2025-10-09 23:30:44','company',NULL,NULL,'HG0004',NULL,'height_gauge_equipment','Production Line 1'),(1723,'SPL0005',NULL,'Surface Plate - 36x48\" Grade A','large_equipment','OHG34268',NULL,NULL,54,'available',NULL,0,0,1,0,10,'2025-10-08 15:30:58','2025-10-10 13:52:58','company',NULL,NULL,'SPL0005',NULL,'surface_plate_equipment','Shop Floor'),(1724,'CMM0001',NULL,'CMM - 24x36x18 inches','large_equipment','72721KMU',NULL,NULL,51,'available',NULL,0,0,1,0,7,'2025-10-08 15:30:58','2025-10-10 13:44:14','company',NULL,NULL,'CMM0001',NULL,'cmm_equipment','QC Department'),(1725,'CMM0002',NULL,'CMM - 60x40x30 inches','large_equipment','XAN00916',NULL,NULL,51,'available',NULL,0,0,1,0,7,'2025-10-08 15:30:58','2025-10-08 15:30:58','company',NULL,NULL,'CMM0002',NULL,'cmm_equipment','Calibration Lab'),(1726,'HT0004',NULL,'Hardness Tester - Rockwell','large_equipment','21986NSQ',NULL,NULL,55,'available',NULL,0,0,1,0,9,'2025-10-08 15:30:58','2025-10-08 15:30:58','company',NULL,NULL,'HT0004',NULL,'hardness_tester_equipment','R&D Lab'),(1727,'FT0002',NULL,'Force/Torque Tester - 500 lbf','large_equipment','CQZ43700',NULL,NULL,56,'available',NULL,0,0,1,0,14,'2025-10-08 15:30:58','2025-10-09 23:30:44','company',NULL,NULL,'FT0002',NULL,'force_torque_tester_equipment','Lab B'),(1728,'OC0004',NULL,'Optical Comparator - 30\" screen','large_equipment','19428JKT',NULL,NULL,52,'out_of_service',NULL,0,0,1,0,718,'2025-10-08 15:30:58','2025-10-08 15:30:58','company',NULL,NULL,'OC0004',NULL,'optical_comparator_equipment','Toolroom'),(1729,'FT0003',NULL,'Force/Torque Tester - 100 lbf','large_equipment','66801AQR',NULL,NULL,56,'available',NULL,0,0,1,0,718,'2025-10-08 15:30:58','2025-10-08 15:30:58','company',NULL,NULL,'FT0003',NULL,'force_torque_tester_equipment','Lab A'),(1730,'FT0004',NULL,'Force/Torque Tester - 5000 lbf','large_equipment','JHT47332',NULL,NULL,56,'available',NULL,0,0,1,0,717,'2025-10-08 15:30:58','2025-10-08 15:30:58','company',NULL,NULL,'FT0004',NULL,'force_torque_tester_equipment','Receiving Area'),(1731,'SPL0006',NULL,'Surface Plate - 36x48\" Grade A','large_equipment','KAV66470',NULL,NULL,54,'available',NULL,0,0,1,0,14,'2025-10-08 15:30:58','2025-10-10 13:52:58','company',NULL,NULL,'SPL0006',NULL,'surface_plate_equipment','Lab A'),(1732,'OC0005',NULL,'Optical Comparator - 14\" screen','large_equipment','VDY67456',NULL,NULL,52,'available',NULL,0,0,1,0,9,'2025-10-08 15:30:58','2025-10-10 13:56:35','company',NULL,NULL,'OC0005',NULL,'optical_comparator_equipment','Inspection Room'),(1733,'HG0005',NULL,'Height Gauge - 12\" range','large_equipment','60068EFD',NULL,NULL,53,'out_of_service',NULL,0,0,1,0,8,'2025-10-08 15:30:58','2025-10-08 15:30:58','company',NULL,NULL,'HG0005',NULL,'height_gauge_equipment','Receiving Area'),(1734,'FT0005',NULL,'Force/Torque Tester - 5000 lbf','large_equipment','WAX33122',NULL,NULL,56,'available',NULL,0,0,1,0,10,'2025-10-08 15:30:58','2025-10-09 23:30:44','company',NULL,NULL,'FT0005',NULL,'force_torque_tester_equipment','Engineering Dept'),(1735,'SPL0007',NULL,'Surface Plate - 18x24\" Grade A','large_equipment','24475UHE',NULL,NULL,54,'available',NULL,0,0,1,0,7,'2025-10-08 15:30:58','2025-10-10 13:56:35','company',NULL,NULL,'SPL0007',NULL,'surface_plate_equipment','Production Line 1'),(1736,'OC0006',NULL,'Optical Comparator - 10\" screen','large_equipment','56878TKJ',NULL,NULL,52,'out_of_service',NULL,0,0,1,0,12,'2025-10-08 15:30:58','2025-10-08 15:30:58','company',NULL,NULL,'OC0006',NULL,'optical_comparator_equipment','Shop Floor'),(1737,'OC0007',NULL,'Optical Comparator - 20\" screen','large_equipment','92759WML',NULL,NULL,52,'available',NULL,0,0,1,0,8,'2025-10-08 15:30:58','2025-10-08 15:30:58','company',NULL,NULL,'OC0007',NULL,'optical_comparator_equipment','Receiving Area'),(1738,'OC0008',NULL,'Optical Comparator - 10\" screen','large_equipment','66126SFX',NULL,NULL,52,'available',NULL,0,0,1,0,13,'2025-10-08 15:30:58','2025-10-08 15:30:58','company',NULL,NULL,'OC0008',NULL,'optical_comparator_equipment','Shop Floor'),(1739,'HG0006',NULL,'Height Gauge - 40\" range','large_equipment','32313MFT',NULL,NULL,53,'available',NULL,0,0,1,0,717,'2025-10-08 15:30:58','2025-10-10 13:52:58','company',NULL,NULL,'HG0006',NULL,'height_gauge_equipment','QC Department'),(1740,'OC0009',NULL,'Optical Comparator - 10\" screen','large_equipment','UIA26616',NULL,NULL,52,'available',NULL,0,0,1,0,12,'2025-10-08 15:30:58','2025-10-08 15:30:58','company',NULL,NULL,'OC0009',NULL,'optical_comparator_equipment','Receiving Area'),(1741,'HG0007',NULL,'Height Gauge - 24\" range','large_equipment','22013DPC',NULL,NULL,53,'out_of_service',NULL,0,0,1,0,14,'2025-10-08 15:30:58','2025-10-08 15:30:58','company',NULL,NULL,'HG0007',NULL,'height_gauge_equipment','Lab B'),(1742,'HG0008',NULL,'Height Gauge - 24\" range','large_equipment','EFL95550',NULL,NULL,53,'available',NULL,0,0,1,0,12,'2025-10-08 15:30:58','2025-10-09 23:30:44','company',NULL,NULL,'HG0008',NULL,'height_gauge_equipment','Production Line 1'),(1743,'MPS0001',NULL,'0.5\" Master Plug','calibration_standard','IZL93585',NULL,NULL,59,'available',NULL,0,0,1,0,14,'2025-10-08 15:30:58','2025-10-09 23:30:44','company',NULL,NULL,'MPS0001',NULL,'master_plug_standard','Calibration Lab'),(1744,'MPS0002',NULL,'0.625\" Master Plug','calibration_standard','BWR65244',NULL,NULL,59,'available',NULL,0,1,1,0,11,'2025-10-08 15:30:58','2025-10-08 15:30:58','company',NULL,NULL,'MPS0002',NULL,'master_plug_standard','Calibration Lab'),(1745,'MRS0001',NULL,'0.25\" Master Ring','calibration_standard','51185WTC',NULL,NULL,58,'available',NULL,0,0,1,0,14,'2025-10-08 15:30:58','2025-10-08 15:30:58','company',NULL,NULL,'MRS0001',NULL,'master_ring_standard','Calibration Lab'),(1746,'MRS0002',NULL,'0.375\" Master Ring','calibration_standard','40284ZVR',NULL,NULL,58,'available',NULL,0,1,1,0,12,'2025-10-08 15:30:58','2025-10-10 14:01:11','company',NULL,NULL,'MRS0002',NULL,'master_ring_standard','Calibration Lab'),(1747,'GB0001',NULL,'4\" Grade 0','calibration_standard','YVW66892',NULL,NULL,57,'available',NULL,0,1,1,0,14,'2025-10-08 15:30:58','2025-10-08 15:30:58','company',NULL,NULL,'GB0001',NULL,'gauge_block_standard','Calibration Lab'),(1748,'MRS0003',NULL,'0.5\" Master Ring','calibration_standard','POQ24749',NULL,NULL,58,'available',NULL,0,1,1,0,8,'2025-10-08 15:30:58','2025-10-08 15:30:58','company',NULL,NULL,'MRS0003',NULL,'master_ring_standard','Calibration Lab'),(1749,'RS0001',NULL,'0.4659\" Reference','calibration_standard','UBO58608',NULL,NULL,60,'available',NULL,0,1,1,0,13,'2025-10-08 15:30:58','2025-10-09 23:30:45','company',NULL,NULL,'RS0001',NULL,'reference_standard_standard','Calibration Lab'),(1750,'MRS0004',NULL,'0.5\" Master Ring','calibration_standard','UUJ49852',NULL,NULL,58,'available',NULL,0,1,1,0,7,'2025-10-08 15:30:58','2025-10-09 23:30:45','company',NULL,NULL,'MRS0004',NULL,'master_ring_standard','Calibration Lab'),(1751,'RS0002',NULL,'3.6862\" Reference','calibration_standard','39637BTJ',NULL,NULL,60,'available',NULL,0,1,1,0,718,'2025-10-08 15:30:58','2025-10-09 23:30:45','company',NULL,NULL,'RS0002',NULL,'reference_standard_standard','Calibration Lab'),(1752,'MRS0005',NULL,'0.25\" Master Ring','calibration_standard','02580QTN',NULL,NULL,58,'available',NULL,0,1,1,0,13,'2025-10-08 15:30:58','2025-10-10 15:40:36','company',NULL,NULL,'MRS0005',NULL,'master_ring_standard','Calibration Lab'),(1753,'MRS0006',NULL,'0.5\" Master Ring','calibration_standard','KKO74092',NULL,NULL,58,'available',NULL,0,1,1,0,12,'2025-10-08 15:30:58','2025-10-09 23:30:45','company',NULL,NULL,'MRS0006',NULL,'master_ring_standard','Calibration Lab'),(1754,'MRS0007',NULL,'0.625\" Master Ring','calibration_standard','PJX61639',NULL,NULL,58,'available',NULL,0,1,1,0,11,'2025-10-08 15:30:58','2025-10-09 23:30:45','company',NULL,NULL,'MRS0007',NULL,'master_ring_standard','Calibration Lab'),(1755,'MRS0008',NULL,'0.5\" Master Ring','calibration_standard','92638UMD',NULL,NULL,58,'available',NULL,0,0,1,0,9,'2025-10-08 15:30:58','2025-10-10 14:28:22','company',NULL,NULL,'MRS0008',NULL,'master_ring_standard','Calibration Lab'),(1756,'MPS0003',NULL,'0.75\" Master Plug','calibration_standard','52100DIB',NULL,NULL,59,'available',NULL,0,1,1,0,718,'2025-10-08 15:30:58','2025-10-09 23:30:44','company',NULL,NULL,'MPS0003',NULL,'master_plug_standard','Calibration Lab'),(1757,'GB0002',NULL,'0.5\" Grade 0','calibration_standard','56974LSJ',NULL,NULL,57,'available',NULL,0,1,1,0,11,'2025-10-08 15:30:58','2025-10-09 23:30:44','company',NULL,NULL,'GB0002',NULL,'gauge_block_standard','Calibration Lab'),(1758,'GB0003',NULL,'0.5\" Grade 0','calibration_standard','81394XSM',NULL,NULL,57,'available',NULL,0,1,1,0,717,'2025-10-08 15:30:58','2025-10-08 18:53:45','company',NULL,NULL,'GB0003',NULL,'gauge_block_standard','B5'),(1759,'MPS0004',NULL,'0.75\" Master Plug','calibration_standard','EVX29838',NULL,NULL,59,'available',NULL,0,1,1,0,7,'2025-10-08 15:30:58','2025-10-08 15:30:58','company',NULL,NULL,'MPS0004',NULL,'master_plug_standard','Calibration Lab'),(1760,'GB0004',NULL,'4\" Grade 0','calibration_standard','CBI42489',NULL,NULL,57,'available',NULL,0,0,1,0,11,'2025-10-08 15:30:58','2025-10-10 14:00:52','company',NULL,NULL,'GB0004',NULL,'gauge_block_standard','Calibration Lab'),(1761,'RS0003',NULL,'2.9573\" Reference','calibration_standard','07576LPT',NULL,NULL,60,'available',NULL,0,0,1,0,13,'2025-10-08 15:30:58','2025-10-09 23:30:45','company',NULL,NULL,'RS0003',NULL,'reference_standard_standard','Calibration Lab'),(1762,'MPS0005',NULL,'1\" Master Plug','calibration_standard','07278AYD',NULL,NULL,59,'available',NULL,0,1,1,0,10,'2025-10-08 15:30:58','2025-10-09 23:30:45','company',NULL,NULL,'MPS0005',NULL,'master_plug_standard','Calibration Lab'),(1763,'GB0005',NULL,'0.25\" Grade 0','calibration_standard','47211RNP',NULL,NULL,57,'calibration_due',NULL,0,0,1,0,9,'2025-10-08 15:30:58','2025-10-09 23:30:44','company',NULL,NULL,'GB0005',NULL,'gauge_block_standard','Calibration Lab'),(1764,'GB0006',NULL,'0.1\" Grade 0','calibration_standard','35549CUM',NULL,NULL,57,'available',NULL,0,0,1,0,7,'2025-10-08 15:30:58','2025-10-08 15:30:58','company',NULL,NULL,'GB0006',NULL,'gauge_block_standard','Calibration Lab'),(1765,'RS0004',NULL,'7.5990\" Reference','calibration_standard','97862GVW',NULL,NULL,60,'available',NULL,0,1,1,0,9,'2025-10-08 15:30:58','2025-10-09 23:30:45','company',NULL,NULL,'RS0004',NULL,'reference_standard_standard','Calibration Lab'),(1766,'RS0005',NULL,'9.7761\" Reference','calibration_standard','IEZ00209',NULL,NULL,60,'available',NULL,0,1,1,0,12,'2025-10-08 15:30:58','2025-10-09 23:30:45','company',NULL,NULL,'RS0005',NULL,'reference_standard_standard','Calibration Lab'),(1767,'GB0007',NULL,'0.5\" Grade','hand_tool','DHO784001','yama1','abc1234',57,'available',NULL,0,1,1,0,14,'2025-10-08 15:30:58','2025-10-23 00:57:21','employee',NULL,NULL,'GB0007',NULL,'gauge_block_standard','Calibration Lab');
/*!40000 ALTER TABLE `gauges` ENABLE KEYS */;
UNLOCK TABLES;

--
-- Table structure for table `rejection_reasons`
--

DROP TABLE IF EXISTS `rejection_reasons`;
/*!40101 SET @saved_cs_client     = @@character_set_client */;
/*!50503 SET character_set_client = utf8mb4 */;
CREATE TABLE `rejection_reasons` (
  `id` int NOT NULL AUTO_INCREMENT,
  `reason_name` varchar(100) NOT NULL,
  `action_type` enum('remove_checkout','keep_checkout') NOT NULL,
  `target_status` varchar(50) DEFAULT NULL,
  `requires_notes` tinyint(1) DEFAULT '0',
  `is_active` tinyint(1) DEFAULT '1',
  `display_order` int DEFAULT '0',
  `created_at` timestamp NULL DEFAULT CURRENT_TIMESTAMP,
  `updated_at` timestamp NULL DEFAULT CURRENT_TIMESTAMP ON UPDATE CURRENT_TIMESTAMP,
  PRIMARY KEY (`id`),
  UNIQUE KEY `reason_name` (`reason_name`),
  KEY `idx_active_order` (`is_active`,`display_order`),
  KEY `idx_reason_name` (`reason_name`)
) ENGINE=InnoDB AUTO_INCREMENT=54 DEFAULT CHARSET=utf8mb4 COLLATE=utf8mb4_0900_ai_ci;
/*!40101 SET character_set_client = @saved_cs_client */;

--
-- Dumping data for table `rejection_reasons`
--
-- ORDER BY:  `id`

LOCK TABLES `rejection_reasons` WRITE;
/*!40000 ALTER TABLE `rejection_reasons` DISABLE KEYS */;
INSERT INTO `rejection_reasons` (`id`, `reason_name`, `action_type`, `target_status`, `requires_notes`, `is_active`, `display_order`, `created_at`, `updated_at`) VALUES (1,'Gauge damaged','remove_checkout','out_of_service',0,1,1,'2025-09-09 17:32:27','2025-09-09 17:32:27'),(2,'Lost or missing','remove_checkout','lost',0,1,2,'2025-09-09 17:32:27','2025-09-09 17:32:27'),(3,'Calibration expired','keep_checkout','calibration_due',0,1,3,'2025-09-09 17:32:27','2025-09-09 17:32:27'),(4,'Incorrect tolerance','remove_checkout','out_of_service',0,1,4,'2025-09-09 17:32:27','2025-09-09 17:32:27'),(5,'Equipment malfunction','remove_checkout','out_of_service',0,1,5,'2025-09-09 17:32:27','2025-09-09 17:32:27'),(6,'Wrong gauge returned','remove_checkout','available',0,1,6,'2025-09-09 17:32:27','2025-09-09 17:32:27'),(7,'Gauge damaged during inspection','remove_checkout','out_of_service',0,1,7,'2025-09-09 17:32:27','2025-09-09 17:32:27'),(8,'Out of tolerance beyond adjustment','remove_checkout','calibration_due',0,1,8,'2025-09-09 17:32:27','2025-09-09 17:32:27'),(9,'Missing identification markings','remove_checkout','out_of_service',0,1,9,'2025-09-09 17:32:27','2025-09-09 17:32:27'),(10,'Test Update Reason 1757901367094','remove_checkout','available',0,1,0,'2025-09-15 01:56:07','2025-09-15 01:56:07'),(11,'Test Reason 1 1757901367109','remove_checkout',NULL,0,1,0,'2025-09-15 01:56:07','2025-09-15 01:56:07'),(12,'Test Reason 2 1757901367109','keep_checkout',NULL,0,1,0,'2025-09-15 01:56:07','2025-09-15 01:56:07'),(13,'Test DB Error 1757901367126','remove_checkout',NULL,0,1,0,'2025-09-15 01:56:07','2025-09-15 01:56:07'),(14,'Custom Delete Test 1757901367136','remove_checkout',NULL,0,1,0,'2025-09-15 01:56:07','2025-09-15 01:56:07'),(15,'Damaged','remove_checkout',NULL,0,1,0,'2025-09-15 01:56:07','2025-09-15 01:56:07'),(16,'Lost','remove_checkout',NULL,0,1,0,'2025-09-15 01:56:07','2025-09-15 01:56:07'),(17,'Wrong Gauge','remove_checkout',NULL,0,1,0,'2025-09-15 01:56:07','2025-09-15 01:56:07'),(18,'Test Update Reason 1757901372162','remove_checkout','available',0,1,0,'2025-09-15 01:56:12','2025-09-15 01:56:12'),(19,'Test Reason 1 1757901372209','remove_checkout',NULL,0,1,0,'2025-09-15 01:56:12','2025-09-15 01:56:12'),(20,'Test Reason 2 1757901372209','keep_checkout',NULL,0,1,0,'2025-09-15 01:56:12','2025-09-15 01:56:12'),(21,'Test DB Error 1757901372221','remove_checkout',NULL,0,1,0,'2025-09-15 01:56:12','2025-09-15 01:56:12'),(22,'Custom Delete Test 1757901372227','remove_checkout',NULL,0,1,0,'2025-09-15 01:56:12','2025-09-15 01:56:12'),(26,'Test Delete Reason','remove_checkout',NULL,0,1,0,'2025-09-15 01:57:00','2025-09-15 01:57:00'),(28,'Test Update Reason 1757901600727','remove_checkout','available',0,1,0,'2025-09-15 02:00:00','2025-09-15 02:00:00'),(29,'Test Reason 1 1757901600777','remove_checkout',NULL,0,1,0,'2025-09-15 02:00:00','2025-09-15 02:00:00'),(30,'Test Reason 2 1757901600777','keep_checkout',NULL,0,1,0,'2025-09-15 02:00:00','2025-09-15 02:00:00'),(31,'Test DB Error 1757901600792','remove_checkout',NULL,0,1,0,'2025-09-15 02:00:00','2025-09-15 02:00:00'),(32,'Custom Delete Test 1757901600801','remove_checkout',NULL,0,1,0,'2025-09-15 02:00:00','2025-09-15 02:00:00'),(36,'Test Update Reason 1757901606300','remove_checkout','available',0,1,0,'2025-09-15 02:00:06','2025-09-15 02:00:06'),(37,'Test Reason 1 1757901606311','remove_checkout',NULL,0,1,0,'2025-09-15 02:00:06','2025-09-15 02:00:06'),(38,'Test Reason 2 1757901606311','keep_checkout',NULL,0,1,0,'2025-09-15 02:00:06','2025-09-15 02:00:06'),(39,'Test DB Error 1757901606328','remove_checkout',NULL,0,1,0,'2025-09-15 02:00:06','2025-09-15 02:00:06'),(40,'Custom Delete Test 1757901606335','remove_checkout',NULL,0,1,0,'2025-09-15 02:00:06','2025-09-15 02:00:06'),(45,'Test Update Reason 1757946032707','remove_checkout','available',0,1,0,'2025-09-15 14:20:32','2025-09-15 14:20:32'),(46,'Test Reason 1 1757946032716','remove_checkout',NULL,0,1,0,'2025-09-15 14:20:32','2025-09-15 14:20:32'),(47,'Test Reason 2 1757946032716','keep_checkout',NULL,0,1,0,'2025-09-15 14:20:32','2025-09-15 14:20:32'),(48,'Test DB Error 1757946032724','remove_checkout',NULL,0,1,0,'2025-09-15 14:20:32','2025-09-15 14:20:32'),(49,'Custom Delete Test 1757946032729','remove_checkout',NULL,0,1,0,'2025-09-15 14:20:32','2025-09-15 14:20:32');
/*!40000 ALTER TABLE `rejection_reasons` ENABLE KEYS */;
UNLOCK TABLES;

--
-- Dumping events for database 'fai_db_sandbox'
--

--
-- Dumping routines for database 'fai_db_sandbox'
--

--
-- Final view structure for view `gauge_category_equipment_map`
--

/*!50001 DROP VIEW IF EXISTS `gauge_category_equipment_map`*/;
/*!50001 SET @saved_cs_client          = @@character_set_client */;
/*!50001 SET @saved_cs_results         = @@character_set_results */;
/*!50001 SET @saved_col_connection     = @@collation_connection */;
/*!50001 SET character_set_client      = utf8mb4 */;
/*!50001 SET character_set_results     = utf8mb4 */;
/*!50001 SET collation_connection      = utf8mb4_unicode_ci */;
/*!50001 CREATE ALGORITHM=UNDEFINED */
/*!50013 DEFINER=`root`@`%` SQL SECURITY DEFINER */
/*!50001 VIEW `gauge_category_equipment_map` AS select `gauge_categories`.`id` AS `category_id`,`gauge_categories`.`name` AS `category_name`,`gauge_categories`.`prefix` AS `prefix`,(case when (`gauge_categories`.`name` like '%Thread Plug%') then 'thread_gauge' when (`gauge_categories`.`name` like '%Thread Ring%') then 'thread_gauge' when (`gauge_categories`.`name` like '%Caliper%') then 'hand_tool' when (`gauge_categories`.`name` like '%Micrometer%') then 'hand_tool' when (`gauge_categories`.`name` like '%CMM%') then 'large_equipment' when (`gauge_categories`.`name` like '%Equipment%') then 'large_equipment' when (`gauge_categories`.`name` like '%Standard%') then 'calibration_standard' else 'unknown' end) AS `equipment_type` from `gauge_categories` where (`gauge_categories`.`is_active` = 1) */;
/*!50001 SET character_set_client      = @saved_cs_client */;
/*!50001 SET character_set_results     = @saved_cs_results */;
/*!50001 SET collation_connection      = @saved_col_connection */;
/*!40103 SET TIME_ZONE=@OLD_TIME_ZONE */;

/*!40101 SET SQL_MODE=@OLD_SQL_MODE */;
/*!40014 SET FOREIGN_KEY_CHECKS=@OLD_FOREIGN_KEY_CHECKS */;
/*!40014 SET UNIQUE_CHECKS=@OLD_UNIQUE_CHECKS */;
/*!40101 SET CHARACTER_SET_CLIENT=@OLD_CHARACTER_SET_CLIENT */;
/*!40101 SET CHARACTER_SET_RESULTS=@OLD_CHARACTER_SET_RESULTS */;
/*!40101 SET COLLATION_CONNECTION=@OLD_COLLATION_CONNECTION */;
/*!40111 SET SQL_NOTES=@OLD_SQL_NOTES */;

-- Dump completed on 2025-10-23 10:57:21
